Category;Brands;Sub-Brands;Objective;Month;Platform;Tier;KOL Name;Category;Link Post;Followers Number;Actual Spends (IDR);Reach;Views;Likes;Comments;Share;ER;ER Views (%);VR (%);CPV (Rp)
HEALTH SUPPLEMENT;Enervon;Enervon Active;Consideration;Feb-26;Meta;Micro;Alvinwardhana;Lifestyle;https://www.instagram.com/reel/DVfzjRniZY8/?igsh=MW9vdnIydDRldXdtYQ==;11.397;Rp3.475.000;1.718;2.747;135;5;8;1,30%;5,39%;24,10%;Rp1.265,02
HEALTH SUPPLEMENT;Enervon;Enervon Active;Consideration;Feb-26;TikTok;Macro;rrfebryl;Lifestyle;https://vt.tiktok.com/ZSu1dSrG5/;262.100;Rp12.375.000;20.700;24.714;1.638;13;3;0,63%;6,69%;9,43%;Rp500,73
HEALTH SUPPLEMENT;Enervon;Enervon Active;Consideration;Feb-26;TikTok;Macro;youtsmedia;Lifestyle;https://vt.tiktok.com/ZSuDUh3n2/;250.700;Rp39.600.000;26.000;30.000;829;17;133;0,39%;3,26%;11,97%;Rp1.320,00
HEALTH SUPPLEMENT;Enervon;Enervon Active;Consideration;Feb-26;TikTok;Macro;dionharyadi;Health;https://www.tiktok.com/@dionharyadi/video/7612624093044542741;486.300;Rp27.600.000;4.300;4.703;206;5;10;0,05%;4,70%;0,97%;Rp5.868,59
HEALTH SUPPLEMENT;Enervon;Enervon Active;Consideration;Jan-26;TikTok;Macro;Syaharanie Putri;Lifestyle;https://vt.tiktok.com/ZSmerbyd7/;404.600;Rp45.154.639;150.100;171.399;8.331;19;191;2,11%;4,98%;42,36%;Rp263,45
HEALTH SUPPLEMENT;Enervon;Enervon Active;Consideration;Jan-26;TikTok;Macro;Misya and Piyo;Lifestyle;https://vt.tiktok.com/ZSme6dmgr/;259.600;Rp20.000.000;32.200;34.557;1.329;5;19;0,52%;3,92%;13,31%;Rp578,75
HEALTH SUPPLEMENT;Enervon;Enervon Active;Consideration;Jan-26;TikTok;Mega;BTR Rachel;Lifestyle;https://vt.tiktok.com/ZSuXVG51K/;1.800.000;Rp55.000.000;158.700;158.700;4.386;21;113;0,25%;2,85%;8,82%;Rp346,57
HEALTH SUPPLEMENT;Enervon;Enervon Active;Consideration;Jan-26;Meta;Micro;Surya Lee & Marisya;Lifestyle;https://www.instagram.com/reel/DUibjlwk4H0/?igsh=MWpzdDJkMzJsMTltMw==;13.000;Rp44.000.000;1.894.455;2.765.176;100;15;2;0,90%;0,00%;21270,58%;Rp15,91
HEALTH SUPPLEMENT;Enervon;Enervon Active;Consideration;Mar-26;TikTok;Micro;Tiaralincia;Lifestyle;https://vt.tiktok.com/ZSuRof6t9/;11.600;Rp2.480.000;1.000;1.259;83;2;4;0,77%;7,07%;10,85%;Rp1.969,82
HEALTH SUPPLEMENT;Enervon;Enervon Active;Consideration;Mar-26;TikTok;Micro;Nadiraamd;Lifestyle;https://vt.tiktok.com/ZSu6qv79H/;58.400;Rp9.900.000;8.100;8.950;309;1;1;0,53%;3,47%;15,33%;Rp1.106,15
HEALTH SUPPLEMENT;Enervon;Enervon Active;Consideration;Mar-26;TikTok;Micro;okiariski_;Lifestyle;https://vt.tiktok.com/ZSmwPN3y5/;88.700;Rp5.280.000;9.900;19.301;508;14;20;0,61%;2,81%;21,76%;Rp273,56
HEALTH SUPPLEMENT;Enervon;Enervon Active;Consideration;Mar-26;TikTok;Micro;ceritacete;Lifestyle;https://vt.tiktok.com/ZSmKyThgL/;64.000;Rp18.375.000;55.300;55.754;5.070;21;13;7,98%;9,15%;87,12%;Rp329,57
HEALTH SUPPLEMENT;Enervon;Enervon Fizz;Consideration;Apr-26;TikTok;Micro;akhmadhaidar09;Lifestyle;https://vt.tiktok.com/ZS9PRseKH/;33.300;Rp1.320.000;1.116;1.116;27;2;5;0,10%;3,05%;3,35%;Rp1.182,80
HEALTH SUPPLEMENT;Enervon;Enervon Fizz;Consideration;Apr-26;TikTok;Macro;murtwis01;Lifestyle;https://www.tiktok.com/@murtiws01/video/7634847738034654484?lang=en;577.500;Rp24.750.000;28.400;28.400;2.055;21;11;0,36%;7,35%;4,92%;Rp871,48
HEALTH SUPPLEMENT;Enervon;Enervon Fizz;Consideration;Feb-26;TikTok;Mega;dinda_ans;Lifestyle;https://vt.tiktok.com/ZSu6hGEDU/;12.400.000;Rp23.925.000;100.300;110.473;5.028;20;18;0,04%;4,59%;0,89%;Rp216,57
HEALTH SUPPLEMENT;Enervon;Enervon Fizz;Consideration;Feb-26;TikTok;Macro;marcelldarwin;Lifestyle;https://vt.tiktok.com/ZSuYP9Bdw/;713.400;Rp32.175.000;15.800;18.439;360;11;16;0,05%;2,10%;2,58%;Rp1.744,94
HEALTH SUPPLEMENT;Enervon;Enervon Fizz;Consideration;Feb-26;TikTok;Macro;meisyasallwa;Lifestyle;https://vt.tiktok.com/ZSuNVpBBT/;795.600;Rp51.150.000;1.300;1.657;76;2;0;0,01%;4,71%;0,21%;Rp30.869,04
HEALTH SUPPLEMENT;Enervon;Enervon Fizz;Consideration;Feb-26;TikTok;Micro;nadbelinda;Lifestyle;https://vt.tiktok.com/ZSuyGKuPj/;37.000;Rp5.775.000;25.500;27.964;1.425;2;2;3,86%;5,11%;75,58%;Rp206,52
HEALTH SUPPLEMENT;Enervon;Enervon Fizz;Consideration;Feb-26;TikTok;Micro;dessy.jlta;Lifestyle;https://vt.tiktok.com/ZSuYHFW9T/;93.300;Rp10.725.000;4.400;5.214;261;1;7;0,29%;5,16%;5,59%;Rp2.056,96
HEALTH SUPPLEMENT;Enervon;Enervon Fizz;Consideration;Jun-26;TikTok;Macro;Dion Haryadi;Health;https://vt.tiktok.com/ZSCLfQuMG/;498.500;Rp20.000.000;6.500;8.285;420;4;25;0,09%;5,42%;1,66%;Rp2.414,00
HEALTH SUPPLEMENT;Enervon;Enervon Fizz;Consideration;Jun-26;TikTok;Macro;Mezty;Lifestyle;https://vt.tiktok.com/ZSQMGtdqP/;299.500;Rp31.350.000;23.200;33.000;46;1;2;0,02%;0,15%;11,02%;Rp950,00
HEALTH SUPPLEMENT;Enervon;Enervon Fizz;Consideration;Jun-26;TikTok;Micro;Katerine Wilson;Lifestyle;https://www.tiktok.com/@urbabykate/video/7646265612511104263?is_from_webapp=1&sender_device=pc;12.500;Rp1.050.000;342;428;201;0;0;1,61%;46,96%;3,42%;Rp2.453,27
HEALTH SUPPLEMENT;Enervon;Enervon Fizz;Consideration;Jun-26;TikTok;Nano;Paul Christian;Lifestyle;https://www.tiktok.com/@paul_cl92/video/7652213289824357652?is_from_webapp=1&sender_device=pc;1.153;Rp729.167;266;332;41;75;25;12,23%;42,47%;28,79%;Rp2.196,29
HEALTH SUPPLEMENT;Enervon;Enervon Fizz;Consideration;Jun-26;TikTok;Micro;Selvy Putri;Lifestyle;https://www.tiktok.com/@selvyk/video/7653444852125895956?_r=1&_t=ZS-97N0NOxRvpn;13.100;Rp729.167;158;198;40;28;8;0,58%;38,38%;1,51%;Rp3.682,66
HEALTH SUPPLEMENT;Enervon;Enervon Fizz;Consideration;Jun-26;TikTok;Micro;Michelle Christy;Lifestyle;https://www.tiktok.com/@michelecristyy/video/7646270965382679815?is_from_webapp=1&sender_device=pc;35.000;Rp729.167;64;80;11;7;11;0,08%;36,25%;0,23%;Rp9.114,59
HEALTH SUPPLEMENT;Enervon;Enervon Fizz;Consideration;Jun-26;TikTok;Micro;Kus Khofifanti;Lifestyle;https://www.tiktok.com/@funteah/video/7656736079739096340?utm_campaign=tt4d_open_api&utm_source=awtsed5i9xzgi8ph;11.000;Rp729.167;334;417;116;4;5;1,14%;29,98%;3,79%;Rp1.748,60
HEALTH SUPPLEMENT;Enervon;Enervon Fizz;Consideration;Jun-26;TikTok;Micro;Aprilina Waruwu;Lifestyle;https://www.tiktok.com/@aprilinawa/video/7652080273101704455?utm_campaign=tt4d_open_api&utm_source=awtsed5i9xzgi8ph;15.400;Rp729.167;605;756;176;31;4;1,37%;27,91%;4,91%;Rp964,51
HEALTH SUPPLEMENT;Enervon;Enervon Fizz;Consideration;Jun-26;TikTok;Nano;Rizka Annisa;Lifestyle;https://www.tiktok.com/@ikaaans9/video/7646384025443110165?is_from_webapp=1&sender_device=pc&web_id=7409935392189679112;2.625;Rp729.167;67;84;21;1;1;0,88%;27,38%;3,20%;Rp8.680,56
HEALTH SUPPLEMENT;Enervon;Enervon Fizz;Consideration;Jun-26;TikTok;Micro;Elga;Lifestyle;https://www.tiktok.com/@itz.ellga_/video/7646351019076488469?is_from_webapp=1&sender_device=pc;12.800;Rp729.167;64;80;9;1;9;0,15%;23,75%;0,63%;Rp9.114,59
HEALTH SUPPLEMENT;Enervon;Enervon Fizz;Consideration;Jun-26;TikTok;Nano;Sharen;Lifestyle;https://www.tiktok.com/@sheseaalss/video/7652339439032749332?is_from_webapp=1&sender_device=pc;2.000;Rp729.167;270;337;39;25;15;3,95%;23,44%;16,85%;Rp2.163,70
HEALTH SUPPLEMENT;Enervon;Enervon Fizz;Consideration;Jun-26;TikTok;Nano;Bintang Jasmine;Lifestyle;https://www.tiktok.com/@soerayach/video/7646290793266711829?is_from_webapp=1&sender_device=pc;1.200;Rp729.167;1.968;2.460;432;25;11;39,00%;19,02%;205,00%;Rp296,41
HEALTH SUPPLEMENT;Enervon;Enervon Fizz;Consideration;Jun-26;TikTok;Nano;Vinnia Putri;Lifestyle;https://www.tiktok.com/@vinniaptr_/video/7654458687540563208?utm_campaign=tt4d_open_api&utm_source=awtsed5i9xzgi8ph;5.732;Rp729.167;223;279;38;0;0;0,66%;13,62%;4,87%;Rp2.613,50
HEALTH SUPPLEMENT;Enervon;Enervon Fizz;Consideration;Jun-26;TikTok;Nano;Kevin Yudistira;Lifestyle;https://www.tiktok.com/@key_yta/video/7654933892419374354?is_from_webapp=1&sender_device=pc;4.932;Rp729.167;478;598;63;0;2;1,32%;10,87%;12,12%;Rp1.219,34
HEALTH SUPPLEMENT;Enervon;Enervon Fizz;Consideration;Jun-26;TikTok;Nano;Susi Oktavya;Lifestyle;https://www.tiktok.com/@susioktavya/video/7656493109592755477?is_from_webapp=1&sender_device=pc&web_id=7409935392189679112;1.000;Rp729.167;85;106;8;2;1;1,10%;10,38%;10,60%;Rp6.878,93
HEALTH SUPPLEMENT;Enervon;Enervon Fizz;Consideration;Jun-26;TikTok;Micro;Jesslyn Elisa Kosasih;Lifestyle;https://www.tiktok.com/@jesslynelisakosasih/video/7654898382938426631?is_from_webapp=1&sender_device=pc;11.635;Rp729.167;94;118;12;0;0;0,10%;10,17%;1,01%;Rp6.179,38
HEALTH SUPPLEMENT;Enervon;Enervon Fizz;Consideration;Jun-26;TikTok;Micro;RD Putri;Lifestyle;https://www.tiktok.com/@urfavgirlsoon_/video/7656391544676650248?utm_campaign=tt4d_open_api&utm_source=awtsed5i9xzgi8ph;14.600;Rp729.167;103;129;11;0;0;0,08%;8,53%;0,88%;Rp5.652,46
HEALTH SUPPLEMENT;Enervon;Enervon Fizz;Consideration;Jun-26;TikTok;Nano;Rifa Salma Kamila;Lifestyle;https://www.tiktok.com/@222rifaa/video/7656355119394557192?utm_campaign=tt4d_open_api&utm_source=awtsed5i9xzgi8ph;4.015;Rp729.167;138;173;13;0;0;0,32%;7,51%;4,31%;Rp4.214,84
HEALTH SUPPLEMENT;Enervon;Enervon Fizz;Consideration;Jun-26;TikTok;Micro;Rinjani Anita;Lifestyle;https://www.tiktok.com/@rinjanianita/video/7653833581822807316?is_from_webapp=1&sender_device=pc;13.100;Rp729.167;98;123;5;1;3;0,07%;7,32%;0,94%;Rp5.928,19
HEALTH SUPPLEMENT;Enervon;Enervon Fizz;Consideration;Jun-26;TikTok;Nano;Rakha Gandawa Kusuma;Lifestyle;https://www.tiktok.com/@rakhagandawa_/video/7652778445046369557?is_from_webapp=1&sender_device=pc;2.508;Rp729.167;82;102;5;1;1;0,28%;6,86%;4,07%;Rp7.148,70
HEALTH SUPPLEMENT;Enervon;Enervon Fizz;Consideration;Jun-26;TikTok;Micro;Shyva Titania;Lifestyle;https://www.tiktok.com/@stitania/video/7657085087527324935?utm_campaign=tt4d_open_api&utm_source=awtsed5i9xzgi8ph;12.800;Rp729.167;35;44;3;0;0;0,02%;6,82%;0,34%;Rp16.571,98
HEALTH SUPPLEMENT;Enervon;Enervon Fizz;Consideration;Jun-26;TikTok;Micro;Tiara;Lifestyle;https://www.tiktok.com/@tiara__125/video/7646285536914623752?is_from_webapp=1&sender_device=pc;12.900;Rp729.167;2.255;2.819;149;23;7;1,39%;6,35%;21,85%;Rp258,66
HEALTH SUPPLEMENT;Enervon;Enervon Fizz;Consideration;Jun-26;TikTok;Micro;Chandra Wijaya;Lifestyle;https://www.tiktok.com/@chandraawjy_/video/7646338932099042580?is_from_webapp=1&sender_device=pc;24.200;Rp729.167;177;221;10;0;4;0,06%;6,33%;0,91%;Rp3.299,40
HEALTH SUPPLEMENT;Enervon;Enervon Fizz;Consideration;Jun-26;TikTok;Nano;Risna Oktavia;Lifestyle;https://www.tiktok.com/@risnaoktaviahardanik/video/7656358639782923527?utm_campaign=tt4d_open_api&utm_source=awtsed5i9xzgi8ph;6.166;Rp729.167;14;17;1;0;0;0,02%;5,88%;0,28%;Rp42.892,18
HEALTH SUPPLEMENT;Enervon;Enervon Fizz;Consideration;Jun-26;TikTok;Micro;Firdania Arifah;Lifestyle;https://www.tiktok.com/@firdaniaarfh/video/7651241692003110151?is_from_webapp=1&sender_device=pc&web_id=7409935392189679112;20.100;Rp729.167;122;153;7;0;1;0,04%;5,23%;0,76%;Rp4.765,80
HEALTH SUPPLEMENT;Enervon;Enervon Fizz;Consideration;Jun-26;TikTok;Micro;Dewi mayasari;Lifestyle;https://www.tiktok.com/@dewi_maya05/video/7646298566318755079?is_from_webapp=1&sender_device=pc;36.600;Rp729.167;1.897;2.371;112;1;3;0,32%;4,89%;6,48%;Rp307,54
HEALTH SUPPLEMENT;Enervon;Enervon Fizz;Consideration;Jun-26;TikTok;Nano;Marsya Nur B;Lifestyle;https://www.tiktok.com/@syaa.bai/video/7650430328158342418?is_from_webapp=1&sender_device=pc;8.230;Rp729.167;139;174;5;0;3;0,10%;4,60%;2,11%;Rp4.190,61
HEALTH SUPPLEMENT;Enervon;Enervon Fizz;Consideration;Jun-26;TikTok;Micro;Olifya;Lifestyle;https://www.tiktok.com/@livythetic/video/7655100367155383572?is_from_webapp=1&sender_device=pc;10.400;Rp729.167;114;142;6;0;0;0,06%;4,23%;1,37%;Rp5.134,98
HEALTH SUPPLEMENT;Enervon;Enervon Fizz;Consideration;Jun-26;TikTok;Micro;Rezky Iskandar;Lifestyle;https://www.tiktok.com/@kyskndr/video/7654922293935656213?is_from_webapp=1&sender_device=pc;36.000;Rp729.167;194;243;10;0;0;0,03%;4,12%;0,68%;Rp3.000,69
HEALTH SUPPLEMENT;Enervon;Enervon Fizz;Consideration;Jun-26;TikTok;Nano;Hidayat F;Lifestyle;https://www.tiktok.com/@hidayatfd/video/7646464986964970772?is_from_webapp=1&sender_device=pc&web_id=7409935392189679112;2.952;Rp729.167;242;303;12;0;0;0,41%;3,96%;10,26%;Rp2.406,49
HEALTH SUPPLEMENT;Enervon;Enervon Fizz;Consideration;Jun-26;TikTok;Nano;Jessi Agustina;Lifestyle;https://www.tiktok.com/@jessi_agstina/video/7653033064762707220?is_from_webapp=1&sender_device=pc;6.300;Rp729.167;61;76;3;0;0;0,05%;3,95%;1,21%;Rp9.594,30
HEALTH SUPPLEMENT;Enervon;Enervon Fizz;Consideration;Jun-26;TikTok;Micro;Shanon;Lifestyle;https://www.tiktok.com/@shanon_1208/video/7646006689103187220?is_from_webapp=1&sender_device=pc&web_id=7409935392189679112;10.700;Rp729.167;915;1.144;40;0;2;0,39%;3,67%;10,69%;Rp637,38
HEALTH SUPPLEMENT;Enervon;Enervon Fizz;Consideration;Jun-26;TikTok;Micro;Naila Bilbina;Lifestyle;https://www.tiktok.com/@causeyoulose/video/7652573563693649173?is_from_webapp=1&sender_device=pc;34.000;Rp729.167;2.886;3.607;110;2;1;0,33%;3,13%;10,61%;Rp202,15
HEALTH SUPPLEMENT;Enervon;Enervon Fizz;Consideration;Jun-26;TikTok;Nano;Desi Permata;Lifestyle;https://www.tiktok.com/@desiipermaataa/video/7652313052389444871?is_from_webapp=1&sender_device=pc&web_id=7409935392189679112;1.223;Rp729.167;170;212;6;0;0;0,49%;2,83%;17,33%;Rp3.439,47
HEALTH SUPPLEMENT;Enervon;Enervon Fizz;Consideration;Jun-26;TikTok;Micro;Rafi;Lifestyle;https://www.tiktok.com/@raff05_/video/7644108175502839048?is_from_webapp=1&sender_device=pc&web_id=7409935392189679112;16.300;Rp729.167;3.442;4.302;92;2;5;0,61%;2,30%;26,39%;Rp169,49
HEALTH SUPPLEMENT;Enervon;Enervon Fizz;Consideration;Jun-26;TikTok;Nano;Fetri Nur;Lifestyle;https://www.tiktok.com/@fetrinp/video/7650379019610754324?_r=1&_t=ZS-978p97TFSDp;5.000;Rp729.167;1.359;1.699;22;0;15;0,74%;2,18%;33,98%;Rp429,17
HEALTH SUPPLEMENT;Enervon;Enervon Fizz;Consideration;Jun-26;TikTok;Nano;Septia Anggraini;Lifestyle;https://www.tiktok.com/@sicant1k___/video/7645702935636135175?is_from_webapp=1&sender_device=pc;3.274;Rp729.167;1.245;1.556;20;2;6;0,86%;1,80%;47,53%;Rp468,62
HEALTH SUPPLEMENT;Enervon;Enervon Fizz;Consideration;Jun-26;TikTok;Nano;Fauziah Faisal;Lifestyle;https://www.tiktok.com/@moodciaa/video/7651201726929702165?is_from_webapp=1&sender_device=pc&web_id=7409935392189679112;1.099;Rp729.167;796;995;8;0;1;0,82%;0,90%;90,54%;Rp732,83
HEALTH SUPPLEMENT;Enervon;Enervon Fizz;Consideration;Mar-26;TikTok;Micro;milamiza;Lifestyle;https://www.tiktok.com/@milamiza00/video/7613538543574650120?utm_campaign=tt4d_open_api&utm_source=awtsed5i9xzgi8ph;12.077;Rp950.000;223;296;74;44;6;1,03%;41,89%;2,45%;Rp3.209,46
HEALTH SUPPLEMENT;Enervon;Enervon Fizz;Consideration;Mar-26;TikTok;Micro;Reynaldi Galuh Mulyana;Lifestyle;https://www.tiktok.com/@tipsmahasiswa/video/7613022311611911445?utm_campaign=tt4d_open_api&utm_source=awtsed5i9xzgi8ph;22.374;Rp950.000;351;426;32;13;17;0,28%;14,55%;1,90%;Rp2.230,05
HEALTH SUPPLEMENT;Enervon;Enervon Fizz;Consideration;Mar-26;TikTok;Micro;Ganis Alma Latifa;Lifestyle;https://www.tiktok.com/@latifalma/video/7613339729219685650?utm_campaign=tt4d_open_api&utm_source=awtsed5i9xzgi8ph;12.807;Rp950.000;303;425;23;0;2;0,20%;5,88%;3,32%;Rp2.235,29
HEALTH SUPPLEMENT;Enervon;Enervon Fizz;Consideration;Mar-26;TikTok;Micro;Rifa Salma Kamila;Lifestyle;https://www.tiktok.com/@222rifaa/video/7614165698612333832?utm_campaign=tt4d_open_api&utm_source=awtsed5i9xzgi8ph;11.441;Rp950.000;253;337;30;2;2;0,30%;10,09%;2,95%;Rp2.818,99
HEALTH SUPPLEMENT;Enervon;Enervon Fizz;Consideration;Mar-26;TikTok;Micro;Fadly Hidayat;Lifestyle;https://www.tiktok.com/@hidayatfd/video/7613193599710268692?utm_campaign=tt4d_open_api&utm_source=awtsed5i9xzgi8ph;18.893;Rp950.000;1.700;2.109;151;0;1;0,80%;7,21%;11,16%;Rp450,45
HEALTH SUPPLEMENT;Enervon;Enervon Fizz;Consideration;Mar-26;TikTok;Micro;Carine Nadiav;Lifestyle;https://www.tiktok.com/@carpybaraz/video/7613760516732751125?utm_campaign=tt4d_open_api&utm_source=awtsed5i9xzgi8ph;72.073;Rp950.000;424;514;39;2;2;0,06%;8,37%;0,71%;Rp1.848,25
HEALTH SUPPLEMENT;Enervon;Enervon Fizz;Consideration;Mar-26;TikTok;Micro;Nurita ef;Lifestyle;https://www.tiktok.com/@nuritarara/video/7613145126793219335?utm_campaign=tt4d_open_api&utm_source=awtsed5i9xzgi8ph;11.790;Rp950.000;167;491;17;3;2;0,19%;4,48%;4,16%;Rp1.934,83
HEALTH SUPPLEMENT;Enervon;Enervon Fizz;Consideration;Mar-26;TikTok;Micro;Rafa Ersa;Lifestyle;https://www.tiktok.com/@erswaldorf/video/7613639429881597202?utm_campaign=tt4d_open_api&utm_source=awtsed5i9xzgi8ph;22.278;Rp950.000;426;1.065;206;1;14;0,99%;20,75%;4,78%;Rp892,02
HEALTH SUPPLEMENT;Enervon;Enervon Fizz;Consideration;Mar-26;TikTok;Micro;Aji Dwi Prasetyo;Lifestyle;https://www.tiktok.com/@adwi.pr/video/7614407636523568392?utm_campaign=tt4d_open_api&utm_source=awtsed5i9xzgi8ph;11.731;Rp950.000;545;630;16;1;4;0,18%;3,33%;5,37%;Rp1.507,94
HEALTH SUPPLEMENT;Enervon;Enervon Fizz;Consideration;Mar-26;TikTok;Micro;Agung Tommy;Lifestyle;https://www.tiktok.com/@fevereating/video/7614359896150035733?utm_campaign=tt4d_open_api&utm_source=awtsed5i9xzgi8ph;17.760;Rp950.000;274;468;16;8;7;0,17%;6,62%;2,64%;Rp2.029,91
HEALTH SUPPLEMENT;Enervon;Enervon Fizz;Consideration;Mar-26;TikTok;Micro;Nurman Sidik;Lifestyle;https://www.tiktok.com/@reviewbymanz/video/7613996394931571986?utm_campaign=tt4d_open_api&utm_source=awtsed5i9xzgi8ph;12.326;Rp950.000;1.500;1.807;129;1;15;1,18%;8,02%;14,66%;Rp525,73
HEALTH SUPPLEMENT;Enervon;Enervon Fizz;Consideration;Mar-26;TikTok;Micro;Nur Lina;Lifestyle;https://www.tiktok.com/@heiina1_/video/7614125832000359700?utm_campaign=tt4d_open_api&utm_source=awtsed5i9xzgi8ph;10.153;Rp950.000;3.700;5.592;268;29;23;3,15%;5,72%;55,08%;Rp169,89
HEALTH SUPPLEMENT;Enervon;Enervon Fizz;Consideration;Mar-26;TikTok;Micro;Ficky Taufik Hidayat;Lifestyle;https://www.tiktok.com/@kamilahfickychannel/video/7614785343472094472?utm_campaign=tt4d_open_api&utm_source=awtsed5i9xzgi8ph;29.999;Rp950.000;9.700;12.622;527;12;4;1,81%;4,30%;42,07%;Rp75,27
HEALTH SUPPLEMENT;Enervon;Enervon Fizz;Consideration;Mar-26;TikTok;Micro;chacha peregerin;Lifestyle;https://www.tiktok.com/@oktavianac/video/7614928861117074706?utm_campaign=tt4d_open_api&utm_source=awtsed5i9xzgi8ph;22.462;Rp950.000;1.700;1.847;22;15;11;0,21%;2,60%;8,22%;Rp514,35
HEALTH SUPPLEMENT;Enervon;Enervon Fizz;Consideration;Mar-26;TikTok;Micro;Elokclaraa;Lifestyle;https://www.tiktok.com/@elokclaraa/video/7614099262477012232?utm_campaign=tt4d_open_api&utm_source=awtsed5i9xzgi8ph;15.122;Rp950.000;2.300;2.411;61;2;4;0,44%;2,78%;15,94%;Rp394,03
HEALTH SUPPLEMENT;Enervon;Enervon Fizz;Consideration;Mar-26;TikTok;Micro;Silvia Ratu Pitaloka;Lifestyle;https://www.tiktok.com/@silviaratuu/video/7614435684937436436?utm_campaign=tt4d_open_api&utm_source=awtsed5i9xzgi8ph;35.399;Rp950.000;1.300;1.391;96;1;1;0,28%;7,05%;3,93%;Rp682,96
HEALTH SUPPLEMENT;Enervon;Enervon Fizz;Consideration;Mar-26;TikTok;Micro;Diajeng Melati S;Lifestyle;https://www.tiktok.com/@ajeeengms/video/7614305546946006290?utm_campaign=tt4d_open_api&utm_source=awtsed5i9xzgi8ph;10.047;Rp950.000;1.400;1.852;108;13;4;1,24%;6,75%;18,43%;Rp512,96
HEALTH SUPPLEMENT;Enervon;Enervon Fizz;Consideration;Mar-26;TikTok;Micro;Eka Rukmanasari;Lifestyle;https://www.tiktok.com/@hellow_saa/video/7613656782774340871?utm_campaign=tt4d_open_api&utm_source=awtsed5i9xzgi8ph;69.811;Rp950.000;493;643;55;2;0;0,08%;8,86%;0,92%;Rp1.477,45
HEALTH SUPPLEMENT;Enervon;Enervon Fizz;Consideration;Mar-26;TikTok;Micro;Rahmadilla Putri Berliana;Lifestyle;https://www.tiktok.com/@b.eerly/video/7614082694112120085?utm_campaign=tt4d_open_api&utm_source=awtsed5i9xzgi8ph;11.870;Rp950.000;269;2.321;16;1;36;0,45%;2,28%;19,55%;Rp409,31
HEALTH SUPPLEMENT;Enervon;Enervon Fizz;Consideration;Mar-26;TikTok;Micro;Annisa Nurma Utami;Lifestyle;https://www.tiktok.com/@annisanuuu/video/7613220983754722568?utm_campaign=tt4d_open_api&utm_source=awtsed5i9xzgi8ph;31.315;Rp950.000;466;596;15;0;0;0,05%;2,52%;1,90%;Rp1.593,96
HEALTH SUPPLEMENT;Enervon;Enervon Fizz;Consideration;Mar-26;TikTok;Micro;EGI SUANDI;Lifestyle;https://www.tiktok.com/@egisuandi/video/7613997937831496976?utm_campaign=tt4d_open_api&utm_source=awtsed5i9xzgi8ph;39.868;Rp950.000;256;300;15;2;1;0,05%;6,00%;0,75%;Rp3.166,67
HEALTH SUPPLEMENT;Enervon;Enervon Fizz;Consideration;Mar-26;TikTok;Micro;Feby Asriani;Lifestyle;https://www.tiktok.com/@febyasr_/video/7613628516587883796?utm_campaign=tt4d_open_api&utm_source=awtsed5i9xzgi8ph;21.953;Rp950.000;2.500;2.672;118;1;1;0,55%;4,49%;12,17%;Rp355,54
HEALTH SUPPLEMENT;Enervon;Enervon Fizz;Consideration;Mar-26;TikTok;Micro;DODY SENJAYA;Lifestyle;https://www.tiktok.com/@langkahdody/video/7613398517016579336?utm_campaign=tt4d_open_api&utm_source=awtsed5i9xzgi8ph;98.460;Rp950.000;4.900;6.583;347;5;18;0,38%;5,62%;6,69%;Rp144,31
HEALTH SUPPLEMENT;Enervon;Enervon Fizz;Consideration;Mar-26;TikTok;Macro;Irma Puspitasari;Lifestyle;https://www.tiktok.com/@irma_puspitasari/video/7614864104582335765?is_from_webapp=1&sender_device=pc;238.400;Rp950.000;43.000;48.570;1.532;17;21;0,66%;3,23%;20,37%;Rp19,56
HEALTH SUPPLEMENT;Enervon;Enervon Fizz;Consideration;Mar-26;TikTok;Micro;Mustami Rosyidah;Lifestyle;https://www.tiktok.com/@mustamiirrosyidah/video/7614897266654219541?is_from_webapp=1&sender_device=pc;10.400;Rp950.000;4.255;4.255;215;14;12;2,32%;5,66%;40,91%;Rp223,27
HEALTH SUPPLEMENT;Enervon;Enervon Fizz;Consideration;Mar-26;TikTok;Micro;Nabila Awanda;Lifestyle;https://www.tiktok.com/@aw.ann/video/7615095430082301191?is_from_webapp=1&sender_device=pc;12.600;Rp950.000;209;258;305;0;0;2,42%;118,22%;2,05%;Rp3.682,17
HEALTH SUPPLEMENT;Enervon;Enervon Fizz;Consideration;Mar-26;TikTok;Micro;Fani;Lifestyle;https://www.tiktok.com/@byfa.ni/video/7615167933009972501?is_from_webapp=1&sender_device=pc;12.800;Rp950.000;1.800;2.030;20;0;0;0,16%;0,99%;15,86%;Rp467,98
HEALTH SUPPLEMENT;Enervon;Enervon Fizz;Consideration;Mar-26;TikTok;Micro;Karisma Nurhady;Lifestyle;https://www.tiktok.com/@karismanhdy_/video/7615180824756981012?is_from_webapp=1&sender_device=pc;12.300;Rp950.000;252;281;8;4;0;0,10%;4,27%;2,28%;Rp3.380,78
HEALTH SUPPLEMENT;Enervon;Enervon Fizz;Consideration;Mar-26;TikTok;Micro;Adim Miftah;Lifestyle;https://www.tiktok.com/@adimmiftah/video/7615189203399413000?utm_campaign=tt4d_open_api&utm_source=awtsed5i9xzgi8ph;26.673;Rp950.000;668;915;9;0;1;0,04%;1,09%;3,43%;Rp1.038,25
HEALTH SUPPLEMENT;Enervon;Enervon Fizz;Consideration;Mar-26;TikTok;Micro;Mutiyaa;Lifestyle;https://www.tiktok.com/@mutiyamutya/video/7615493642496658708?utm_campaign=tt4d_open_api&utm_source=awtsed5i9xzgi8ph;11.380;Rp950.000;95;499;3;6;5;0,12%;2,81%;4,38%;Rp1.903,81
HEALTH SUPPLEMENT;Enervon;Enervon Fizz;Consideration;Mar-26;TikTok;Micro;Syarah Larasaty;Lifestyle;https://www.tiktok.com/@sesisarah31/video/7615559587650866439?utm_campaign=tt4d_open_api&utm_source=awtsed5i9xzgi8ph;12.656;Rp950.000;467;704;115;0;0;0,91%;16,34%;5,56%;Rp1.349,43
HEALTH SUPPLEMENT;Enervon;Enervon Fizz;Consideration;Mar-26;TikTok;Micro;Mya Oktarina;Lifestyle;https://www.tiktok.com/@myaoktarina/video/7615962060043586836?is_from_webapp=1&sender_device=pc&web_id=7409935392189679112;11.057;Rp950.000;155;189;11;1;4;0,14%;8,47%;1,71%;Rp5.026,46
HEALTH SUPPLEMENT;Enervon;Enervon Fizz;Consideration;Mar-26;Meta;Macro;Gofar Hilman;Lifestyle;https://www.instagram.com/reel/DViY1p3ksQ5/?utm_source=ig_web_copy_link&igsh=MzRlODBiNWFlZA==;131.000;Rp63.333.333;120.537;171.100;7.600;40;137;5,94%;4,55%;130,61%;Rp370,15
HEALTH SUPPLEMENT;Enervon;Enervon Fizz;Consideration;Mar-26;Meta;Macro;Gofar Hilman;Lifestyle;https://www.instagram.com/reel/DVigS-CEpef/?utm_source=ig_web_copy_link&igsh=MzRlODBiNWFlZA==;131.000;Rp63.333.333;261.402;179.915;5.500;167;120;4,42%;3,22%;137,34%;Rp352,02
HEALTH SUPPLEMENT;Enervon;Enervon Fizz;Consideration;Mar-26;Meta;Micro;Do You See What I See;Lifestyle;https://www.instagram.com/p/DVVp-iQAYSO/;27.100;Rp13.833.333;3.376;4.278;44;4;4;0,19%;1,22%;15,79%;Rp3.233,60
HEALTH SUPPLEMENT;Enervon;Enervon Fizz;Consideration;Mar-26;Meta;Micro;Detective Aldo;Lifestyle;https://www.instagram.com/rivaldosantosa/;58.000;Rp21.250.000;7.121;10.702;534;4;6;0,94%;5,08%;18,45%;Rp1.985,61
HEALTH SUPPLEMENT;Enervon;Enervon Fizz;Consideration;Mar-26;TikTok;Macro;jejouw;Lifestyle;https://vt.tiktok.com/ZSHYYKEd8/;444.000;Rp150.000.000;135.900;135.900;17.800;65;227;4,07%;13,31%;30,61%;Rp1.103,75
HEALTH SUPPLEMENT;Enervon;Enervon Fizz;Consideration;May-26;TikTok;Macro;dr Ekida;Health;https://vt.tiktok.com/ZS9p5QggT/;416.000;Rp36.300.000;11.700;22.602;86;3;7;0,02%;0,42%;5,43%;Rp1.606,05
HEALTH SUPPLEMENT;Enervon;Enervon Fizz;Consideration;May-26;TikTok;Macro;Murtiws;Lifestyle;https://www.tiktok.com/@murtiws01/video/7634847738034654484?lang=en;577.500;Rp24.750.000;24.200;28.089;2.047;20;11;0,36%;7,40%;4,86%;Rp881,13
HEALTH SUPPLEMENT;Enervon;Enervon Fizz;Consideration;May-26;TikTok;Micro;dr. Akhamad Haidar;Health;https://vt.tiktok.com/ZS9PRseKH/;33.300;Rp1.320.000;291;1.129;27;2;5;0,10%;3,01%;3,39%;Rp1.169,18
HEALTH SUPPLEMENT;Enervon;Enervon Fizz;Consideration;May-26;TikTok;Mega;Ricky Harun;Lifestyle;https://vt.tiktok.com/ZS9PRseKH/;1.900.000;Rp58.000.000;7.800;12.596;236;17;7;0,01%;2,06%;0,66%;Rp4.604,64
HEALTH SUPPLEMENT;Enervon;Enervon Fizz;Consideration;May-26;TikTok;Micro;ficky taufik hidayat;Lifestyle;https://www.tiktok.com/@kamilahfickychannel/video/7638583384540843272?is_from_webapp=1&sender_device=pc&web_id=7611362116235740689;35.000;Rp950.000;16.000;20.333;503;10;3;1,47%;2,54%;58,09%;Rp46,72
HEALTH SUPPLEMENT;Enervon;Enervon Fizz;Consideration;May-26;TikTok;Micro;Anisa aryanti;Lifestyle;https://vt.tiktok.com/ZSQ1mLYuD/;11.000;Rp950.000;6.800;8.222;595;20;0;5,59%;7,48%;74,75%;Rp115,54
HEALTH SUPPLEMENT;Enervon;Enervon Fizz;Consideration;May-26;TikTok;Micro;Maria Celcifiana;Lifestyle;https://vt.tiktok.com/ZSxEV28cv/;15.400;Rp950.000;7.700;7.896;450;3;0;2,94%;5,74%;51,27%;Rp120,31
HEALTH SUPPLEMENT;Enervon;Enervon Fizz;Consideration;May-26;TikTok;Nano;Yulita mahardini;Lifestyle;https://vt.tiktok.com/ZSxqBPV8a/;2.625;Rp950.000;53;6.770;939;31;2;37,03%;14,36%;257,90%;Rp140,32
HEALTH SUPPLEMENT;Enervon;Enervon Fizz;Consideration;May-26;TikTok;Micro;Vennessa Krisma;Lifestyle;https://vt.tiktok.com/ZS94cvBgK/;12.800;Rp950.000;4.200;5.477;106;0;21;0,99%;2,32%;42,79%;Rp173,45
HEALTH SUPPLEMENT;Enervon;Enervon Fizz;Consideration;May-26;TikTok;Nano;Tasia Dian Putri;Lifestyle;https://vt.tiktok.com/ZS94nuLd6/;2.000;Rp950.000;2.300;4.744;86;2;12;5,00%;2,11%;237,20%;Rp200,25
HEALTH SUPPLEMENT;Enervon;Enervon Fizz;Consideration;May-26;TikTok;Nano;Novitry Gani;Lifestyle;https://vt.tiktok.com/ZSQ8Lph8M/;1.200;Rp950.000;2.900;3.993;257;33;24;26,17%;7,86%;332,75%;Rp237,92
HEALTH SUPPLEMENT;Enervon;Enervon Fizz;Consideration;May-26;TikTok;Nano;Michele Angeline Cristy;Lifestyle;https://vt.tiktok.com/ZSxvdDd1g/;5.732;Rp950.000;457;3.769;204;7;11;3,87%;5,89%;65,75%;Rp252,06
HEALTH SUPPLEMENT;Enervon;Enervon Fizz;Consideration;May-26;TikTok;Nano;Valerie;Lifestyle;https://vt.tiktok.com/ZSQFfkvsW/;4.932;Rp950.000;107;3.316;84;0;0;1,70%;2,53%;67,23%;Rp286,49
HEALTH SUPPLEMENT;Enervon;Enervon Fizz;Consideration;May-26;TikTok;Nano;Ardhi achmad mardiansyah;Lifestyle;https://vt.tiktok.com/ZSQrdJGjj/;1.000;Rp950.000;2.500;3.066;158;21;21;20,00%;6,52%;306,60%;Rp309,85
HEALTH SUPPLEMENT;Enervon;Enervon Fizz;Consideration;May-26;TikTok;Micro;Patrice Vianca;Lifestyle;https://vt.tiktok.com/ZSQhGaK1H/;11.635;Rp950.000;2.400;3.013;151;0;0;1,30%;5,01%;25,90%;Rp315,30
HEALTH SUPPLEMENT;Enervon;Enervon Fizz;Consideration;May-26;TikTok;Micro;Ades Kelvin;Lifestyle;https://vt.tiktok.com/ZSxotFCoB/;14.600;Rp950.000;1.900;2.837;108;2;0;0,75%;3,88%;19,43%;Rp334,86
HEALTH SUPPLEMENT;Enervon;Enervon Fizz;Consideration;May-26;TikTok;Nano;Rizka Annisa;Lifestyle;https://vt.tiktok.com/ZSx3fSLCm/;4.015;Rp950.000;7;2.781;103;1;1;2,62%;3,78%;69,27%;Rp341,60
HEALTH SUPPLEMENT;Enervon;Enervon Fizz;Consideration;May-26;TikTok;Micro;Marisha Gabrila Sutanto;Lifestyle;https://vt.tiktok.com/ZSxb1pNcy/;13.100;Rp950.000;2.500;2.751;110;2;9;0,92%;4,40%;21,00%;Rp345,33
HEALTH SUPPLEMENT;Enervon;Enervon Fizz;Consideration;May-26;TikTok;Nano;Aristya sandra;Lifestyle;https://www.tiktok.com/@casandraaaaa31/video/7640825894797315349?is_from_webapp=1&sender_device=pc&web_id=7409935392189679112;2.508;Rp950.000;2.000;2.686;58;14;6;3,11%;2,90%;107,10%;Rp353,69
HEALTH SUPPLEMENT;Enervon;Enervon Fizz;Consideration;May-26;TikTok;Micro;tiara__125;Lifestyle;https://vt.tiktok.com/ZSxvkCqHj/;12.800;Rp950.000;897;2.532;134;23;7;1,28%;6,48%;19,78%;Rp375,20
HEALTH SUPPLEMENT;Enervon;Enervon Fizz;Consideration;May-26;TikTok;Micro;Patricia Purnama;Lifestyle;https://vt.tiktok.com/ZS9oadWf4/;12.900;Rp950.000;2.100;2.496;149;14;10;1,34%;6,93%;19,35%;Rp380,61
HEALTH SUPPLEMENT;Enervon;Enervon Fizz;Consideration;May-26;TikTok;Micro;Bintang Jasmine;Lifestyle;https://vt.tiktok.com/ZSxv6Po1B/;24.200;Rp950.000;2.200;2.375;428;25;8;1,90%;19,41%;9,81%;Rp400,00
HEALTH SUPPLEMENT;Enervon;Enervon Fizz;Consideration;May-26;TikTok;Nano;Anisa;Lifestyle;https://vt.tiktok.com/ZS9w5Y6ML/;6.166;Rp950.000;2.425;2.300;128;8;102;3,86%;10,35%;37,30%;Rp413,04
HEALTH SUPPLEMENT;Enervon;Enervon Fizz;Consideration;May-26;TikTok;Micro;Selvi okta;Lifestyle;https://vt.tiktok.com/ZS9tmqJec/;20.100;Rp950.000;3.015;2.200;151;1;5;0,78%;7,14%;10,95%;Rp431,82
HEALTH SUPPLEMENT;Enervon;Enervon Fizz;Consideration;May-26;TikTok;Micro;Dewi mayasari;Lifestyle;https://vt.tiktok.com/ZSxvk4gyL/;36.600;Rp950.000;43;2.200;98;1;3;0,28%;4,64%;6,01%;Rp431,82
HEALTH SUPPLEMENT;Enervon;Enervon Fizz;Consideration;May-26;TikTok;Nano;Dian anastasia;Lifestyle;https://vt.tiktok.com/ZSxNJg6QM/;8.230;Rp950.000;1.900;2.189;99;6;9;1,39%;5,21%;26,60%;Rp433,99
HEALTH SUPPLEMENT;Enervon;Enervon Fizz;Consideration;May-26;TikTok;Micro;Dwi Rizky;Lifestyle;https://vt.tiktok.com/ZSQN6mmNw/;10.400;Rp950.000;1.900;2.133;101;7;6;1,10%;5,34%;20,51%;Rp445,38
HEALTH SUPPLEMENT;Enervon;Enervon Fizz;Consideration;May-26;TikTok;Micro;Silvia Ratu Pitaloka;Lifestyle;https://vt.tiktok.com/ZSQM6AwE4/;36.000;Rp950.000;213;2.106;9;0;0;0,03%;0,43%;5,85%;Rp451,09
HEALTH SUPPLEMENT;Enervon;Enervon Fizz;Consideration;May-26;TikTok;Nano;Novia ningrum;Lifestyle;https://vt.tiktok.com/ZSxEDoJRb/;2.952;Rp950.000;1.800;1.979;110;0;1;3,76%;5,61%;67,04%;Rp480,04
HEALTH SUPPLEMENT;Enervon;Enervon Fizz;Consideration;May-26;TikTok;Nano;Intan Maya Lestari;Lifestyle;https://vt.tiktok.com/ZSQRSA8wa/;6.300;Rp950.000;1.800;1.939;121;7;12;2,22%;7,22%;30,78%;Rp489,94
HEALTH SUPPLEMENT;Enervon;Enervon Fizz;Consideration;May-26;TikTok;Micro;chacha peregrin;Lifestyle;https://vt.tiktok.com/ZSxEUjHd7/;10.700;Rp950.000;1.570;1.670;39;31;25;0,89%;5,69%;15,61%;Rp568,86
HEALTH SUPPLEMENT;Enervon;Enervon Fizz;Consideration;May-26;TikTok;Micro;Septia angraini;Lifestyle;https://vt.tiktok.com/ZSxtfCY9c/;34.000;Rp950.000;1.200;1.498;19;2;5;0,08%;1,74%;4,41%;Rp634,18
HEALTH SUPPLEMENT;Enervon;Enervon Fizz;Consideration;May-26;TikTok;Nano;Regina Bundiarti;Lifestyle;https://vt.tiktok.com/ZSxEa7A1x/;1.223;Rp950.000;1.200;1.477;61;0;2;5,15%;4,27%;120,77%;Rp643,20
HEALTH SUPPLEMENT;Enervon;Enervon Fizz;Consideration;May-26;TikTok;Micro;Yesi Meriana Silva;Lifestyle;https://vt.tiktok.com/ZS94KHFQT/;16.300;Rp950.000;1.200;1.445;50;6;11;0,41%;4,64%;8,87%;Rp657,44
HEALTH SUPPLEMENT;Enervon;Enervon Fizz;Consideration;May-26;TikTok;Nano;rafa ersa;Lifestyle;https://vt.tiktok.com/ZSxoYqvfP/;5.000;Rp950.000;1.200;1.364;115;1;9;2,50%;9,16%;27,28%;Rp696,48
HEALTH SUPPLEMENT;Enervon;Enervon Fizz;Consideration;May-26;TikTok;Nano;femiy;Lifestyle;https://vt.tiktok.com/ZSxEDSTTc/;3.274;Rp950.000;995;1.265;66;5;3;2,26%;5,85%;38,64%;Rp750,99
HEALTH SUPPLEMENT;Enervon;Enervon Fizz;Consideration;May-26;TikTok;Nano;raff05_;Lifestyle;https://vt.tiktok.com/ZSx3opGNC/;1.099;Rp950.000;1.000;1.261;63;1;1;5,91%;5,15%;114,74%;Rp753,37
HEALTH SUPPLEMENT;Enervon;Enervon Fizz;Consideration;May-26;TikTok;Micro;Katerine Wilson;Lifestyle;https://vt.tiktok.com/ZSxv14ys7/;12.100;Rp950.000;649;1.193;117;0;0;0,97%;9,81%;9,86%;Rp796,31
HEALTH SUPPLEMENT;Enervon;Enervon Fizz;Consideration;May-26;TikTok;Micro;Gandhies fitriah damayanti;Lifestyle;https://vt.tiktok.com/ZSxEAsDJA/;14.800;Rp950.000;699;971;44;2;0;0,31%;4,74%;6,56%;Rp978,37
HEALTH SUPPLEMENT;Enervon;Enervon Fizz;Consideration;May-26;TikTok;Nano;Hebron Irham;Lifestyle;https://vt.tiktok.com/ZSQ1XDjFV/;3.085;Rp950.000;927;927;57;1;2;1,94%;6,47%;30,05%;Rp1.024,81
HEALTH SUPPLEMENT;Enervon;Enervon Fizz;Consideration;May-26;TikTok;Nano;Tamara berliana;Lifestyle;https://www.tiktok.com/@itsmetamm_/video/7639281732822240520?is_from_webapp=1&sender_device=pc;2.052;Rp950.000;687;795;30;12;13;2,68%;6,92%;38,74%;Rp1.194,97
HEALTH SUPPLEMENT;Enervon;Enervon Fizz;Consideration;May-26;TikTok;Micro;audriana felicia;Lifestyle;https://vt.tiktok.com/ZSxQmjPht/;15.600;Rp950.000;476;686;20;1;2;0,15%;3,35%;4,40%;Rp1.384,84
HEALTH SUPPLEMENT;Enervon;Enervon Fizz;Consideration;May-26;TikTok;Nano;shanon;Lifestyle;https://vt.tiktok.com/ZSx33gAVv/;2.430;Rp950.000;444;580;10;3;5;0,74%;3,10%;23,87%;Rp1.637,93
HEALTH SUPPLEMENT;Enervon;Enervon Fizz;Consideration;May-26;TikTok;Micro;Carine nadiav;Lifestyle;https://www.tiktok.com/@carpybaraz/video/7635195952327904519?is_from_webapp=1&sender_device=pc&web_id=7409935392189679112;11.600;Rp950.000;439;561;34;7;0;0,35%;7,31%;4,84%;Rp1.693,40
HEALTH SUPPLEMENT;Enervon;Enervon Fizz;Consideration;May-26;TikTok;Micro;aleeiyaa;Lifestyle;https://www.tiktok.com/@ale.iya.apa/video/7640469320950254856?is_from_webapp=1&sender_device=pc&web_id=7409935392189679112;14.600;Rp950.000;260;401;9;0;1;0,07%;2,49%;2,75%;Rp2.369,08
HEALTH SUPPLEMENT;Enervon;Enervon Fizz;Consideration;May-26;TikTok;Micro;aras;Lifestyle;https://vt.tiktok.com/ZS9noyaRf/;12.200;Rp950.000;99;393;32;27;33;0,75%;23,41%;3,22%;Rp2.417,30
HEALTH SUPPLEMENT;Enervon;Enervon Fizz;Consideration;May-26;TikTok;Micro;Renaldo Sihombing;Lifestyle;https://vt.tiktok.com/ZSxEhWLvV/;29.900;Rp950.000;265;341;17;1;0;0,06%;5,28%;1,14%;Rp2.785,92
HEALTH SUPPLEMENT;Enervon;Enervon Fizz;Consideration;May-26;TikTok;Nano;Ipuyung;Lifestyle;https://vt.tiktok.com/ZSx8apnMg/;2.447;Rp950.000;267;302;9;0;1;0,41%;3,31%;12,34%;Rp3.145,70
HEALTH SUPPLEMENT;Enervon;Enervon Fizz;Consideration;May-26;TikTok;Micro;HANA RAMADHANTY;Lifestyle;https://vt.tiktok.com/ZSxESqneF/;10.200;Rp950.000;245;298;18;7;9;0,33%;11,41%;2,92%;Rp3.187,92
HEALTH SUPPLEMENT;Enervon;Enervon Fizz;Consideration;May-26;TikTok;Micro;fauziah faisal;Lifestyle;https://vt.tiktok.com/ZS9tbxc5H/;12.000;Rp950.000;350;293;20;14;11;0,38%;15,36%;2,44%;Rp3.242,32
HEALTH SUPPLEMENT;Enervon;Enervon Fizz;Consideration;May-26;TikTok;Micro;jessica pingkan;Lifestyle;https://vt.tiktok.com/ZS94WPtW5/;65.800;Rp950.000;80;251;17;0;0;0,03%;6,77%;0,38%;Rp3.784,86
HEALTH SUPPLEMENT;Enervon;Enervon Fizz;Consideration;May-26;TikTok;Micro;m.danielmaulana;Lifestyle;https://vt.tiktok.com/ZSxQHGojF/;36.500;Rp950.000;118;231;11;1;1;0,04%;5,63%;0,63%;Rp4.112,55
HEALTH SUPPLEMENT;Enervon;Enervon Fizz;Consideration;May-26;TikTok;Nano;Desi Gita;Lifestyle;https://vt.tiktok.com/ZS9t6d1Ra/;3.430;Rp950.000;217;217;6;2;1;0,26%;4,15%;6,33%;Rp4.377,88
HEALTH SUPPLEMENT;Enervon;Enervon Fizz;Consideration;May-26;TikTok;Micro;Maria Virly;Lifestyle;https://vt.tiktok.com/ZS9tgcN3C/;24.700;Rp950.000;200;200;3;0;2;0,02%;2,50%;0,81%;Rp4.750,00
HEALTH SUPPLEMENT;Enervon;Enervon Fizz;Consideration;May-26;TikTok;Nano;marcia;Lifestyle;https://www.tiktok.com/@marciangel20_/video/7642362475320593671?is_from_webapp=1&sender_device=pc&web_id=7409935392189679112;7.900;Rp950.000;148;188;8;0;1;0,11%;4,79%;2,38%;Rp5.053,19
HEALTH SUPPLEMENT;Enervon;Enervon Fizz;Consideration;May-26;TikTok;Micro;chandraawjy_;Lifestyle;https://vt.tiktok.com/ZSxvXrL7y/;14.500;Rp950.000;169;171;9;0;4;0,09%;7,60%;1,18%;Rp5.555,56
HEALTH SUPPLEMENT;Enervon;Enervon Fizz;Consideration;May-26;TikTok;Micro;Olga Clarissa w;Lifestyle;https://vt.tiktok.com/ZSxqfgJXN/;17.500;Rp950.000;108;167;9;5;3;0,10%;10,18%;0,95%;Rp5.688,62
HEALTH SUPPLEMENT;Enervon;Enervon Fizz;Consideration;May-26;TikTok;Nano;Firdania Arifah;Lifestyle;https://vt.tiktok.com/ZSxr3CjDQ/;3.200;Rp950.000;128;165;9;0;2;0,34%;6,67%;5,16%;Rp5.757,58
HEALTH SUPPLEMENT;Enervon;Enervon Fizz;Consideration;May-26;TikTok;Nano;Clara  yunifer;Lifestyle;https://vt.tiktok.com/ZSxRws17u/;7.200;Rp950.000;143;163;8;1;0;0,13%;5,52%;2,26%;Rp5.828,22
HEALTH SUPPLEMENT;Enervon;Enervon Fizz;Consideration;May-26;TikTok;Nano;Abimanyu Ramadhan;Lifestyle;https://vt.tiktok.com/ZSxoxYRHJ/;5.132;Rp950.000;111;147;10;3;12;0,49%;17,01%;2,86%;Rp6.462,59
HEALTH SUPPLEMENT;Enervon;Enervon Fizz;Consideration;May-26;TikTok;Nano;Susan;Lifestyle;https://vt.tiktok.com/ZSx8mS6nh/;1.691;Rp950.000;103;141;15;16;5;2,13%;25,53%;8,34%;Rp6.737,59
HEALTH SUPPLEMENT;Enervon;Enervon Fizz;Consideration;May-26;TikTok;Micro;Sharon monica;Lifestyle;https://www.tiktok.com/@sharonkho02/video/7640811303954615570?is_from_webapp=1&sender_device=pc&web_id=7409935392189679112;14.100;Rp950.000;103;140;7;0;0;0,05%;5,00%;0,99%;Rp6.785,71
HEALTH SUPPLEMENT;Enervon;Enervon Fizz;Consideration;May-26;TikTok;Nano;Alvin Stevanus;Lifestyle;https://vt.tiktok.com/ZSxEfB5ax/;1.300;Rp950.000;112;140;6;0;0;0,46%;4,29%;10,77%;Rp6.785,71
HEALTH SUPPLEMENT;Enervon;Enervon Fizz;Consideration;May-26;TikTok;Micro;reviewanggunhs;Lifestyle;https://vt.tiktok.com/ZS947xEjt/;10.300;Rp950.000;92;139;5;0;1;0,06%;4,32%;1,35%;Rp6.834,53
HEALTH SUPPLEMENT;Enervon;Enervon Fizz;Consideration;May-26;TikTok;Micro;Zulfikri Sukma;Lifestyle;https://www.tiktok.com/@zulfikrisukma/video/7641092729358798088?is_from_webapp=1&sender_device=pc;10.000;Rp950.000;119;139;8;1;2;0,11%;7,91%;1,39%;Rp6.834,53
HEALTH SUPPLEMENT;Enervon;Enervon Fizz;Consideration;May-26;TikTok;Nano;hennikalistari;Lifestyle;https://vt.tiktok.com/ZSxQs11s8/;4.407;Rp950.000;118;126;3;0;0;0,07%;2,38%;2,86%;Rp7.539,68
HEALTH SUPPLEMENT;Enervon;Enervon Fizz;Consideration;May-26;TikTok;Nano;Angela Kartika;Lifestyle;https://vt.tiktok.com/ZSxECWE9F/;6.940;Rp950.000;101;126;3;0;0;0,04%;2,38%;1,82%;Rp7.539,68
HEALTH SUPPLEMENT;Enervon;Enervon Fizz;Consideration;May-26;TikTok;Micro;Diah Ayu Oktaviayanti;Lifestyle;https://vt.tiktok.com/ZS9Vhj2n7/;28.000;Rp950.000;85;118;19;11;15;0,16%;38,14%;0,42%;Rp8.050,85
HEALTH SUPPLEMENT;Enervon;Enervon Fizz;Consideration;May-26;TikTok;Micro;dailyofsyf;Lifestyle;https://vt.tiktok.com/ZSxr9JTPb/;11.700;Rp950.000;75;100;8;4;1;0,11%;13,00%;0,85%;Rp9.500,00
HEALTH SUPPLEMENT;Enervon;Enervon Fizz;Consideration;May-26;TikTok;Micro;Edwin syahril sidiq;Lifestyle;https://vt.tiktok.com/ZSxQK4W6Q/;13.400;Rp950.000;64;90;5;0;4;0,07%;10,00%;0,67%;Rp10.555,56
HEALTH SUPPLEMENT;Enervon;Enervon Fizz;Consideration;May-26;TikTok;Nano;Virginia Janet;Lifestyle;https://vt.tiktok.com/ZSxESYDeb/;5.193;Rp950.000;60;89;13;5;0;0,35%;20,22%;1,71%;Rp10.674,16
HEALTH SUPPLEMENT;Enervon;Enervon Fizz;Consideration;May-26;TikTok;Micro;fadly hidayat;Lifestyle;https://vt.tiktok.com/ZSxcqAjm1/;15.500;Rp950.000;84;84;5;0;0;0,03%;5,95%;0,54%;Rp11.309,52
HEALTH SUPPLEMENT;Enervon;Enervon Fizz;Consideration;May-26;TikTok;Micro;Rihyuna;Lifestyle;https://www.tiktok.com/@rihyuna/video/7640871445454671112?is_from_webapp=1&sender_device=pc&web_id=7409935392189679112;10.500;Rp950.000;66;81;14;9;7;0,29%;37,04%;0,77%;Rp11.728,40
HEALTH SUPPLEMENT;Enervon;Enervon Fizz;Consideration;May-26;TikTok;Micro;Sella Christy;Lifestyle;https://vt.tiktok.com/ZSx19M8sw/;29.000;Rp950.000;58;76;5;0;0;0,02%;6,58%;0,26%;Rp12.500,00
HEALTH SUPPLEMENT;Enervon;Enervon Fizz;Consideration;May-26;TikTok;Nano;Itz.ellga_;Lifestyle;https://vt.tiktok.com/ZSxvgnXCc/;4.110;Rp950.000;54;57;57;1;6;1,56%;112,28%;1,39%;Rp16.666,67
HEALTH SUPPLEMENT;Enervon;Enervon Fizz;Consideration;May-26;TikTok;Nano;kinan;Lifestyle;https://vt.tiktok.com/ZSxS5GxMm/;3.087;Rp950.000;50;55;9;0;2;0,36%;20,00%;1,78%;Rp17.272,73
HEALTH SUPPLEMENT;Enervon;Enervon Fizz;Consideration;May-26;TikTok;Micro;Alex effendhy;Lifestyle;https://www.tiktok.com/@alex_bule/video/7644925978149620999?is_from_webapp=1&sender_device=pc&web_id=7409935392189679112;11.400;Rp950.000;35;44;3;2;0;0,04%;11,36%;0,39%;Rp21.590,91
HEALTH SUPPLEMENT;Enervon;Enervon Fizz;Consideration;May-26;TikTok;Nano;maripapande;Lifestyle;https://vt.tiktok.com/ZS9t6Ec2B/;3.094;Rp950.000;30;32;2;0;1;0,10%;9,38%;1,03%;Rp29.687,50
HEALTH SUPPLEMENT;Enervon;Enervon Gold;Consideration;Apr-26;TikTok;Micro;Idho Chaniago;Lifestyle;https://vt.tiktok.com/ZS9fxe4NE/;57.400;Rp6.750.000;355.900;690.000;1.443;11;63;2,64%;0,22%;1202,09%;Rp9,78
HEALTH SUPPLEMENT;Enervon;Enervon Gold;Consideration;Apr-26;TikTok;Micro;Naufal Architect;Lifestyle;https://vt.tiktok.com/ZS95nrDtc/;11.500;Rp9.000.000;15.747;15.747;1.381;125;41;13,45%;9,82%;136,93%;Rp571,54
HEALTH SUPPLEMENT;Enervon;Enervon Gold;Consideration;Feb-26;TikTok;Macro;cutfatimahh;Lifestyle;https://vt.tiktok.com/ZSmfvstdX/;470.600;Rp4.950.000;1.300.000;1.409.514;1.514;11;52;0,34%;0,11%;299,51%;Rp3,51
HEALTH SUPPLEMENT;Enervon;Enervon Gold;Consideration;Feb-26;TikTok;Macro;itsdoktermuda;Health;https://vt.tiktok.com/ZSmfcJC7M/;211.300;Rp10.725.000;2.800.000;3.504.724;1.555;13;69;0,77%;0,05%;1658,65%;Rp3,06
HEALTH SUPPLEMENT;Enervon;Enervon Gold;Consideration;Feb-26;TikTok;Micro;bungalenanta;Lifestyle;https://vt.tiktok.com/ZSmarv4yJ/;34.700;Rp4.950.000;661;281.326;133;2;3;0,40%;0,05%;810,74%;Rp17,60
HEALTH SUPPLEMENT;Enervon;Enervon Gold;Consideration;Feb-26;TikTok;Micro;alyssaazka;Lifestyle;https://vt.tiktok.com/ZSmp8KB1y/;27.200;Rp3.135.000;2.500.000;3.200.000;1.182;7;88;4,69%;0,04%;11764,71%;Rp0,98
HEALTH SUPPLEMENT;Enervon;Enervon Gold;Consideration;Feb-26;TikTok;Micro;kendrakeisha;Lifestyle;https://vt.tiktok.com/ZSuAoS5bY/;16.000;Rp1.815.000;2.500;2.955;24;0;1;0,16%;0,85%;18,47%;Rp614,21
HEALTH SUPPLEMENT;Enervon;Enervon Gold;Consideration;Feb-26;TikTok;Micro;apotekerhack;Health;https://vt.tiktok.com/ZSujDeYq4/;36.300;Rp10.250.000;1.000;1.212;12;0;3;0,04%;1,24%;3,34%;Rp8.457,10
HEALTH SUPPLEMENT;Enervon;Enervon Gold;Consideration;Feb-26;TikTok;Micro;swastiyani_sppd;Health;https://vt.tiktok.com/ZSueyVuRR/;76.800;Rp11.550.000;2.100;2.681;62;4;4;0,09%;2,61%;3,49%;Rp4.308,09
HEALTH SUPPLEMENT;Enervon;Enervon Gold;Consideration;Feb-26;TikTok;Micro;dr.deamaulida;Health;https://vt.tiktok.com/ZSmmw8rrF/;29.200;Rp2.557.500;6.500.000;9.600.000;3.183;12;160;11,49%;0,03%;32876,71%;Rp0,27
HEALTH SUPPLEMENT;Enervon;Enervon Gold;Consideration;Mar-26;TikTok;Micro;Septiana;Health;https://www.tiktok.com/@septi_gendhis/video/7611402603515137288?is_from_webapp=1&sender_device=pc&web_id=7409935392189679112;12.900;Rp950.000;4.400;4.728;308;52;125;3,76%;10,26%;36,65%;Rp200,93
HEALTH SUPPLEMENT;Enervon;Enervon Gold;Consideration;Mar-26;TikTok;Micro;Agnes;Lifestyle;https://vt.tiktok.com/ZSm3UYjK7/;11.000;Rp950.000;109;124;15;8;3;0,24%;20,97%;1,13%;Rp7.661,29
HEALTH SUPPLEMENT;Enervon;Enervon Gold;Consideration;Mar-26;TikTok;Micro;Vivi Maqfirati;Lifestyle;https://vt.tiktok.com/ZSmsoDkNt/;15.100;Rp950.000;4.100;4.286;515;0;3;3,43%;12,09%;28,38%;Rp221,65
HEALTH SUPPLEMENT;Enervon;Enervon Gold;Consideration;Mar-26;TikTok;Micro;Tyas;Lifestyle;https://vt.tiktok.com/ZSm3yjrrx/;13.600;Rp950.000;2.700;3.996;226;63;108;2,92%;9,93%;29,38%;Rp237,74
HEALTH SUPPLEMENT;Enervon;Enervon Gold;Consideration;Mar-26;TikTok;Micro;Gwynamira;Lifestyle;https://vt.tiktok.com/ZSmoTxKMx/;19.378;Rp950.000;1.900;2.099;90;24;29;0,74%;6,81%;10,83%;Rp452,60
HEALTH SUPPLEMENT;Enervon;Enervon Gold;Consideration;Mar-26;TikTok;Micro;Meilia Wuryantati;Lifestyle;https://vt.tiktok.com/ZSu86nHuS/;16.200;Rp950.000;1.500;1.756;100;24;5;0,80%;7,35%;10,84%;Rp541,00
HEALTH SUPPLEMENT;Enervon;Enervon Gold;Consideration;Mar-26;TikTok;Micro;Diah Rosanti;Lifestyle;https://vt.tiktok.com/ZSmosJAEn/;35.000;Rp950.000;2.600;3.451;143;12;24;0,51%;5,19%;9,86%;Rp275,28
HEALTH SUPPLEMENT;Enervon;Enervon Gold;Consideration;Mar-26;TikTok;Micro;surya setyaningrum;Lifestyle;https://www.tiktok.com/@tiyhalaras/video/7613978495877696784?is_from_webapp=1&sender_device=pc&web_id=7409935392189679112;21.000;Rp950.000;4.600;5.408;589;11;3;2,87%;11,15%;25,75%;Rp175,67
HEALTH SUPPLEMENT;Enervon;Enervon Gold;Consideration;Mar-26;TikTok;Micro;Nia Kurniasih;Lifestyle;https://vt.tiktok.com/ZSmooedpx/;21.000;Rp950.000;126;1.358;37;30;129;0,93%;14,43%;6,47%;Rp699,56
HEALTH SUPPLEMENT;Enervon;Enervon Gold;Consideration;Mar-26;TikTok;Micro;Agatha Mulia;Lifestyle;https://vt.tiktok.com/ZSmoUeAyA/;20.900;Rp950.000;5.300;5.951;130;6;5;0,67%;2,37%;28,47%;Rp159,64
HEALTH SUPPLEMENT;Enervon;Enervon Gold;Consideration;Mar-26;TikTok;Micro;Tika Ryandika;Lifestyle;https://www.tiktok.com/@riandikamiss_/video/7614861440402410773?is_from_webapp=1&sender_device=pc&web_id=7409935392189679112;15.100;Rp950.000;1.600;1.696;94;3;23;0,79%;7,08%;11,23%;Rp560,14
HEALTH SUPPLEMENT;Enervon;Enervon Gold;Consideration;Mar-26;TikTok;Micro;Ratna Dwi Hartanti;Lifestyle;https://www.tiktok.com/@radofamily0504/video/7614052909839289621?is_from_webapp=1&sender_device=pc;22.000;Rp950.000;3.000;3.320;229;51;6;1,30%;8,61%;15,09%;Rp286,14
HEALTH SUPPLEMENT;Enervon;Enervon Gold;Consideration;Mar-26;TikTok;Micro;Putri Nurwanti;Lifestyle;https://vt.tiktok.com/ZSu1Fx5yn/;10.200;Rp950.000;1.700;2.236;164;90;5;2,54%;11,58%;21,92%;Rp424,87
HEALTH SUPPLEMENT;Enervon;Enervon Gold;Consideration;Mar-26;TikTok;Micro;Eva Dewi;Lifestyle;https://vt.tiktok.com/ZSmKQhFb6/;17.500;Rp950.000;3.200;3.822;268;44;44;2,03%;9,31%;21,84%;Rp248,56
HEALTH SUPPLEMENT;Enervon;Enervon Gold;Consideration;Mar-26;TikTok;Micro;Anis trisna;Lifestyle;https://vt.tiktok.com/ZSu8wkc5y/;68.000;Rp950.000;3.500;4.555;336;11;5;0,52%;7,73%;6,70%;Rp208,56
HEALTH SUPPLEMENT;Enervon;Enervon Gold;Consideration;Mar-26;TikTok;Micro;Dela Yogahara;Lifestyle;https://vt.tiktok.com/ZSmEqt8Kj/;36.600;Rp950.000;2.600;3.354;125;38;2;0,45%;4,92%;9,16%;Rp283,24
HEALTH SUPPLEMENT;Enervon;Enervon Gold;Consideration;Mar-26;TikTok;Micro;Nuvia Afrah;Lifestyle;https://vt.tiktok.com/ZSmEQaqw8/;31.800;Rp950.000;3.400;5.822;554;10;2;1,78%;9,72%;18,31%;Rp163,17
HEALTH SUPPLEMENT;Enervon;Enervon Gold;Consideration;Mar-26;TikTok;Micro;Ika Yuli Rahmawati;Lifestyle;https://vt.tiktok.com/ZSmoG5E8b/;10.900;Rp950.000;2.100;2.498;122;5;6;1,22%;5,32%;22,92%;Rp380,30
HEALTH SUPPLEMENT;Enervon;Enervon Gold;Consideration;Mar-26;TikTok;Micro;Fitria;Lifestyle;https://vt.tiktok.com/ZSmEs7SUo/;38.200;Rp950.000;186;1.300;41;33;10;0,22%;6,46%;3,40%;Rp730,77
HEALTH SUPPLEMENT;Enervon;Enervon Gold;Consideration;Mar-26;TikTok;Micro;bunga putri;Lifestyle;https://vt.tiktok.com/ZSmEs7SUo/;11.000;Rp950.000;643;2.092;106;12;4;1,11%;5,83%;19,02%;Rp454,11
HEALTH SUPPLEMENT;Enervon;Enervon Gold;Consideration;Mar-26;TikTok;Micro;Erfan;Lifestyle;https://vt.tiktok.com/ZSuNeBM9W/;30.500;Rp950.000;28.900;31.785;204;11;23;0,78%;0,75%;104,21%;Rp29,89
HEALTH SUPPLEMENT;Enervon;Enervon Gold;Consideration;Mar-26;TikTok;Micro;Citra Anggraeni;Lifestyle;https://vt.tiktok.com/ZSuYR1sEp/;10.605;Rp950.000;247;287;8;2;0;0,09%;3,48%;2,71%;Rp3.310,10
HEALTH SUPPLEMENT;Enervon;Enervon Gold;Consideration;Mar-26;TikTok;Micro;Evita Prasetya;Lifestyle;https://vt.tiktok.com/ZSuFEDspJ/;10.500;Rp950.000;129;154;50;41;4;0,90%;61,69%;1,47%;Rp6.168,83
HEALTH SUPPLEMENT;Enervon;Enervon Gold;Consideration;May-26;TikTok;Micro;Alsya Ika Ameilia;Lifestyle;https://vt.tiktok.com/ZSQMPG6dN/;22.000;Rp1.150.000;4.900;5.124;181;19;10;0,95%;4,10%;23,29%;Rp224,43
HEALTH SUPPLEMENT;Enervon;Enervon Gold;Consideration;May-26;TikTok;Micro;Andi Ratna Maharani;Lifestyle;https://vt.tiktok.com/ZSQM2Wa2y/;12.800;Rp1.150.000;2.900;3.023;202;27;23;1,97%;8,34%;23,62%;Rp380,42
HEALTH SUPPLEMENT;Enervon;Enervon Gold;Consideration;May-26;TikTok;Micro;Shuly Sabillia;Lifestyle;https://vt.tiktok.com/ZSQMCHGDM/;16.800;Rp1.150.000;2.700;2.891;167;13;9;1,13%;6,54%;17,21%;Rp397,79
HEALTH SUPPLEMENT;Enervon;Enervon Gold;Consideration;May-26;TikTok;Micro;Safira majid amani;Lifestyle;https://vt.tiktok.com/ZSQMLg8w5/;12.600;Rp1.150.000;2.100;2.460;139;4;6;1,18%;6,06%;19,52%;Rp467,48
HEALTH SUPPLEMENT;Enervon;Enervon Gold;Consideration;May-26;TikTok;Micro;Oriza sativa;Lifestyle;https://vt.tiktok.com/ZSQrSwTFS/;51.000;Rp1.150.000;2.412;2.413;132;22;7;0,32%;6,67%;4,73%;Rp476,59
HEALTH SUPPLEMENT;Enervon;Enervon Gold;Consideration;May-26;TikTok;Micro;April hatini;Lifestyle;https://vt.tiktok.com/ZSQMBPmdF/;26.800;Rp1.150.000;2.100;2.127;8;3;108;0,44%;5,59%;7,94%;Rp540,67
HEALTH SUPPLEMENT;Enervon;Enervon Gold;Consideration;May-26;TikTok;Micro;Lisa M;Lifestyle;https://vt.tiktok.com/ZSQhKomUn/;10.800;Rp1.150.000;331;1.121;100;1;5;0,98%;9,46%;10,38%;Rp1.025,87
HEALTH SUPPLEMENT;Enervon;Enervon Gold;Consideration;May-26;TikTok;Micro;kiky almira;Lifestyle;https://vt.tiktok.com/ZSQMLbg4y/;21.600;Rp1.150.000;720;1.048;7;8;0;0,07%;1,43%;4,85%;Rp1.097,33
HEALTH SUPPLEMENT;Enervon;Enervon Gold;Consideration;May-26;TikTok;Micro;Septiana Ragil;Lifestyle;https://vt.tiktok.com/ZSQh3Sjn3/;16.200;Rp1.150.000;383;818;100;0;1;0,62%;12,35%;5,05%;Rp1.405,87
HEALTH SUPPLEMENT;Enervon;Enervon Gold;Consideration;May-26;TikTok;Micro;Iyos Rosmiati;Lifestyle;https://vt.tiktok.com/ZSQMLxSff/;10.500;Rp1.150.000;451;564;11;1;4;0,15%;2,84%;5,37%;Rp2.039,01
HEALTH SUPPLEMENT;Enervon;Enervon Gold;Consideration;May-26;TikTok;Micro;Desy Ratnasari;Lifestyle;https://vt.tiktok.com/ZSQhv8Bqm/;12.000;Rp1.150.000;112;127;17;10;1;0,23%;22,05%;1,06%;Rp9.055,12
HEALTH SUPPLEMENT;Enervon;Enervon Gold;Consideration;May-26;TikTok;Macro;Lhily Nazaya;Lifestyle;https://vt.tiktok.com/ZS9C8GL2S/;200.000;Rp7.500.000;1.600.000;2.032.408;856;6;20;0,44%;0,04%;1016,20%;Rp3,69
HEALTH SUPPLEMENT;Enervon;Enervon Gold;Consideration;May-26;TikTok;Micro;Idho Chaniago;Lifestyle;https://vt.tiktok.com/ZS9fxe4NE/;57.400;Rp6.750.000;1.600.000;2.891.136;5.018;26;188;9,11%;0,18%;5036,82%;Rp2,33
HEALTH SUPPLEMENT;Enervon;Enervon Gold;Consideration;May-26;TikTok;Micro;Naufal Architect;Lifestyle;https://vt.tiktok.com/ZS95nrDtc/;62.300;Rp9.750.000;12.800;15.747;1.381;125;41;2,48%;9,82%;25,28%;Rp619,17
HEALTH SUPPLEMENT;Enervon;Enervon Gold;Consideration;May-26;TikTok;Micro;dr Noah Permana;Health;https://vt.tiktok.com/ZS9qTYpdV/;11.500;Rp9.000.000;11.100;11.742;1.040;0;17;9,19%;9,00%;102,10%;Rp766,48
HEALTH SUPPLEMENT;Enervon;Enervon Gold;Consideration;May-26;TikTok;Micro;Cahyani;Lifestyle;https://vt.tiktok.com/ZS9p7UQMX/;45.500;Rp5.250.000;1.300;1.328;23;4;5;0,07%;2,41%;2,92%;Rp3.953,31
HEALTH SUPPLEMENT;Enervon;Enervon Gold;Consideration;May-26;TikTok;Micro;Anjelikush;Lifestyle;https://vt.tiktok.com/ZSxSVEkB7/;37.900;Rp24.600.000;2.600.000;3.564.968;7.415;48;292;20,46%;0,22%;9406,25%;Rp6,90
HEALTH SUPPLEMENT;Enervon;Enervon Gold;Consideration;May-26;TikTok;Micro;Dika;Lifestyle;https://vt.tiktok.com/ZSxjwXY5d/;11.200;Rp10.000.000;5.700;6.992;128;0;1;1,15%;1,84%;62,43%;Rp1.430,21
HEALTH SUPPLEMENT;Enervon;Enervon Gold;Consideration;May-26;TikTok;Nano;Fauzan Nibras;Lifestyle;https://vt.tiktok.com/ZSxq9v8HE/;9.633;Rp4.500.000;1.200;1.388;34;1;5;0,42%;2,88%;14,41%;Rp3.242,07
HEALTH SUPPLEMENT;Enervon;Enervon Kids Chewtab;Consideration;Apr-26;TikTok;Macro;kei.savourie;Lifestyle;https://vt.tiktok.com/ZS9y3gNyf/;171.500;Rp28.000.000;689.000;786.000;1.077;4;22;0,64%;0,14%;458,31%;Rp35,62
HEALTH SUPPLEMENT;Enervon;Enervon Kids Chewtab;Consideration;Apr-26;TikTok;Mega;sundarindah;Lifestyle;https://www.tiktok.com/@sundarindah/video/7631554954813066517;1.000.000;Rp42.000.000;608.600;1.100.495;4.702;79;253;0,50%;0,46%;110,05%;Rp38,16
HEALTH SUPPLEMENT;Enervon;Enervon Kids Chewtab;Consideration;Mar-26;TikTok;Micro;Rika Nurlia;Lifestyle;https://vt.tiktok.com/ZSuFA1LtV/;11.104;Rp930.000;972;1.163;116;2;7;1,13%;10,75%;10,47%;Rp799,66
HEALTH SUPPLEMENT;Enervon;Enervon Kids Chewtab;Consideration;Mar-26;TikTok;Micro;Dela riskiana;Lifestyle;https://vt.tiktok.com/ZSuFwBN16/;15.000;Rp930.000;1168;1237;258;2;105;2,43%;29,51%;8,25%;Rp751,82
HEALTH SUPPLEMENT;Enervon;Enervon Kids Chewtab;Consideration;Mar-26;TikTok;Nano;Nurul Fitria Sya'bani;Lifestyle;https://vt.tiktok.com/ZSmwb5oYc/;2.594;Rp930.000;191;408;148;44;16;8,02%;50,98%;15,73%;Rp2.279,41
HEALTH SUPPLEMENT;Enervon;Enervon Kids Chewtab;Consideration;Mar-26;TikTok;Micro;Eva Dewi;Lifestyle;https://vt.tiktok.com/ZSuLqXEKm/;17.500;Rp930.000;2.800;4.320;182;16;33;1,32%;5,35%;24,69%;Rp215,28
HEALTH SUPPLEMENT;Enervon;Enervon Kids Chewtab;Consideration;Mar-26;TikTok;Micro;Sri Asih;Lifestyle;https://vt.tiktok.com/ZSuDGSvkS/;12.500;Rp930.000;95;116;3;1;0;0,03%;3,45%;0,93%;Rp8.017,24
HEALTH SUPPLEMENT;Enervon;Enervon Kids Chewtab;Consideration;Mar-26;TikTok;Nano;Febri Eka;Lifestyle;https://vt.tiktok.com/ZSu1ekrqs/;1.153;Rp930.000;118;181;30;27;16;6,33%;40,33%;15,70%;Rp5.138,12
HEALTH SUPPLEMENT;Enervon;Enervon Kids Chewtab;Consideration;Mar-26;TikTok;Micro;Stephany;Lifestyle;https://vt.tiktok.com/ZSuJQT2vv/;13.100;Rp930.000;1.300;1.473;41;14;7;0,47%;4,21%;11,24%;Rp631,36
HEALTH SUPPLEMENT;Enervon;Enervon Kids Chewtab;Consideration;Mar-26;TikTok;Micro;Nia Kurniasih;Lifestyle;https://vt.tiktok.com/ZSur7AQoM/;35.000;Rp930.000;1.600;1.973;89;10;24;0,35%;6,23%;5,64%;Rp471,36
HEALTH SUPPLEMENT;Enervon;Enervon Kids Chewtab;Consideration;Mar-26;TikTok;Micro;Disa Muslimahnita;Lifestyle;https://vt.tiktok.com/ZSujRdQ5L/;11.000;Rp930.000;124;6.229;136;6;155;2,70%;4,77%;56,63%;Rp149,30
HEALTH SUPPLEMENT;Enervon;Enervon Kids Chewtab;Consideration;Mar-26;TikTok;Micro;Mepa pradipta;Lifestyle;https://vt.tiktok.com/ZSuMKQnvF/;15.400;Rp930.000;2.300;2.331;246;12;12;1,75%;11,58%;15,14%;Rp398,97
HEALTH SUPPLEMENT;Enervon;Enervon Kids Chewtab;Consideration;Mar-26;TikTok;Nano;Kharisma Iftitah Levyana;Lifestyle;https://vt.tiktok.com/ZSueHaBnp/;2.625;Rp930.000;452;1.317;10;1;3;0,53%;1,06%;50,17%;Rp706,15
HEALTH SUPPLEMENT;Enervon;Enervon Kids Chewtab;Consideration;Mar-26;TikTok;Micro;Ika Puji Prihatini;Lifestyle;https://vt.tiktok.com/ZSuLyn3ng/;12.800;Rp930.000;133;184;18;14;24;0,44%;30,43%;1,44%;Rp5.054,35
HEALTH SUPPLEMENT;Enervon;Enervon Kids Chewtab;Consideration;Mar-26;TikTok;Nano;Mauli Safitri;Lifestyle;https://vt.tiktok.com/ZSuN9mxsD/;2.000;Rp930.000;73;353;61;55;6;6,10%;34,56%;17,65%;Rp2.634,56
HEALTH SUPPLEMENT;Enervon;Enervon Kids Chewtab;Consideration;Mar-26;TikTok;Nano;Zahra Athira;Lifestyle;https://vt.tiktok.com/ZSukHqJj6/;1.200;Rp930.000;265;406;4;2;1;0,58%;1,72%;33,83%;Rp2.290,64
HEALTH SUPPLEMENT;Enervon;Enervon Kids Chewtab;Consideration;Mar-26;TikTok;Nano;Mayda;Lifestyle;https://vt.tiktok.com/ZSmwn2fvA/;5.732;Rp930.000;93;5.203;141;13;5;2,77%;3,06%;90,77%;Rp178,74
HEALTH SUPPLEMENT;Enervon;Enervon Kids Chewtab;Consideration;Mar-26;TikTok;Nano;lulaluna;Lifestyle;https://vt.tiktok.com/ZSujWnurg/;4.932;Rp930.000;100;3.859;348;21;131;10,14%;12,96%;78,24%;Rp241,00
HEALTH SUPPLEMENT;Enervon;Enervon Kids Chewtab;Consideration;Mar-26;TikTok;Nano;Syarifah;Lifestyle;https://www.tiktok.com/@syarifha1010/video/7613195558521474322;1.000;Rp930.000;83;197;50;18;4;7,20%;36,55%;19,70%;Rp4.720,81
HEALTH SUPPLEMENT;Enervon;Enervon Kids Chewtab;Consideration;Mar-26;TikTok;Micro;Tengku Ulya;Lifestyle;https://vt.tiktok.com/ZSuNGcRJp/;11.635;Rp930.000;6.200;6.507;449;43;1;4,24%;7,58%;55,93%;Rp142,92
HEALTH SUPPLEMENT;Enervon;Enervon Kids Chewtab;Consideration;Mar-26;TikTok;Micro;Ratna Riska Yuliana;Lifestyle;https://vt.tiktok.com/ZSuNB2Y36/;14.600;Rp930.000;121;143;12;2;4;0,12%;12,59%;0,98%;Rp6.503,50
HEALTH SUPPLEMENT;Enervon;Enervon Kids Chewtab;Consideration;Mar-26;TikTok;Nano;Ingrid ekklessia;Lifestyle;https://vt.tiktok.com/ZSmKMs3YH/;4.015;Rp930.000;185;354;50;40;11;2,52%;28,53%;8,82%;Rp2.627,12
HEALTH SUPPLEMENT;Enervon;Enervon Kids Chewtab;Consideration;Mar-26;TikTok;Micro;Rani Aryani;Lifestyle;https://vt.tiktok.com/ZSuRLUD1P/;13.100;Rp930.000;33;10.763;129;26;1;1,19%;1,45%;82,16%;Rp86,41
HEALTH SUPPLEMENT;Enervon;Enervon Kids Chewtab;Consideration;Mar-26;TikTok;Nano;Ridawana Alifkah;Lifestyle;https://vt.tiktok.com/ZSu2kmbUk/;2.508;Rp930.000;74;105;10;0;1;0,44%;10,48%;4,19%;Rp8.857,14
HEALTH SUPPLEMENT;Enervon;Enervon Kids Chewtab;Consideration;Mar-26;TikTok;Micro;Debby;Lifestyle;https://vt.tiktok.com/ZSuDc1a6H/;12.800;Rp930.000;24;6.196;18;17;2;0,29%;0,60%;48,41%;Rp150,10
HEALTH SUPPLEMENT;Enervon;Enervon Kids Chewtab;Consideration;Mar-26;TikTok;Micro;Nur Zubaidah;Lifestyle;https://vt.tiktok.com/ZSujdqgSK/;12.900;Rp930.000;632;1.056;41;35;13;0,69%;8,43%;8,19%;Rp880,68
HEALTH SUPPLEMENT;Enervon;Enervon Kids Chewtab;Consideration;Mar-26;TikTok;Micro;Dian Ayu Ratnasari;Lifestyle;https://vt.tiktok.com/ZSu8rjv6M/;24.200;Rp930.000;150;253;161;45;1;0,86%;81,82%;1,05%;Rp3.675,89
HEALTH SUPPLEMENT;Enervon;Enervon Kids Chewtab;Consideration;Mar-26;TikTok;Nano;Tasya;Lifestyle;https://vt.tiktok.com/ZSuFTsP3V/;6.166;Rp930.000;189;414;30;13;15;0,94%;14,01%;6,71%;Rp2.246,38
HEALTH SUPPLEMENT;Enervon;Enervon Kids Chewtab;Consideration;Mar-26;TikTok;Micro;Dwi Ayu Febriyani;Lifestyle;https://vt.tiktok.com/ZSuhUo6UV/;20.100;Rp930.000;2.000;3.842;183;8;23;1,06%;5,57%;19,11%;Rp242,06
HEALTH SUPPLEMENT;Enervon;Enervon Kids Chewtab;Consideration;Mar-26;TikTok;Micro;Dela Yogahara;Lifestyle;https://vt.tiktok.com/ZSuRABPPg/;36.600;Rp930.000;1.200;1.575;81;30;7;0,32%;7,49%;4,30%;Rp590,48
HEALTH SUPPLEMENT;Enervon;Enervon Kids Chewtab;Consideration;Mar-26;TikTok;Nano;Nana Lutfiana;Lifestyle;https://vt.tiktok.com/ZSuRRWo3b/;8.230;Rp930.000;1.700;2.070;192;60;95;4,22%;16,76%;25,15%;Rp449,28
HEALTH SUPPLEMENT;Enervon;Enervon Kids Chewtab;Consideration;Mar-26;TikTok;Micro;Farah Adelia Puspita;Lifestyle;https://vt.tiktok.com/ZSuR8h771/;10.400;Rp930.000;61;1.117;133;24;9;1,60%;14,86%;10,74%;Rp832,59
HEALTH SUPPLEMENT;Enervon;Enervon Kids Chewtab;Consideration;Mar-26;TikTok;Micro;Ayu sekar;Lifestyle;https://vt.tiktok.com/ZSuDcuUPk/;36.000;Rp930.000;4.400;5.121;31;22;4;0,16%;1,11%;14,23%;Rp181,61
HEALTH SUPPLEMENT;Enervon;Enervon Kids Chewtab;Consideration;Mar-26;TikTok;Nano;Waluya Ningrum;Lifestyle;https://vt.tiktok.com/ZSuhNDH3X/;2.952;Rp930.000;1.300;1.332;93;30;46;5,72%;12,69%;45,12%;Rp698,20
HEALTH SUPPLEMENT;Enervon;Enervon Kids Chewtab;Consideration;Mar-26;TikTok;Nano;Ika rizki rahmawati;Lifestyle;https://vt.tiktok.com/ZSuYUpYAH/;6.300;Rp930.000;1.800;2.135;109;26;3;2,19%;6,46%;33,89%;Rp435,60
HEALTH SUPPLEMENT;Enervon;Enervon Kids Chewtab;Consideration;Mar-26;TikTok;Micro;Rindi Surdiana Wati;Lifestyle;https://vt.tiktok.com/ZSuNDMcYn/;10.700;Rp930.000;142;1.259;100;42;59;1,88%;15,97%;11,77%;Rp738,68
HEALTH SUPPLEMENT;Enervon;Enervon Kids Chewtab;Consideration;Mar-26;TikTok;Micro;Meiliana Sirajuddin;Lifestyle;https://vt.tiktok.com/ZSuFwCU5F/;34.000;Rp930.000;41;110;12;10;15;0,11%;33,64%;0,32%;Rp8.454,55
HEALTH SUPPLEMENT;Enervon;Enervon Kids Chewtab;Consideration;Mar-26;TikTok;Nano;Diyniyah;Lifestyle;https://vt.tiktok.com/ZSuYRSjmd/;1.223;Rp930.000;35;55;4;4;1;0,74%;16,36%;4,50%;Rp16.909,09
HEALTH SUPPLEMENT;Enervon;Enervon Kids Chewtab;Consideration;Mar-26;TikTok;Micro;Desty arminah amiq;Lifestyle;https://vt.tiktok.com/ZSuLuKGFA/;16.300;Rp930.000;1.900;2.056;63;10;6;0,48%;3,84%;12,61%;Rp452,33
HEALTH SUPPLEMENT;Enervon;Enervon Kids Chewtab;Consideration;Mar-26;TikTok;Nano;Dea Indah Hariadi;Lifestyle;https://vt.tiktok.com/ZSujNj1Xx/;5.000;Rp930.000;1.200;1.358;86;48;1;2,70%;9,94%;27,16%;Rp684,83
HEALTH SUPPLEMENT;Enervon;Enervon Kids Chewtab;Consideration;Mar-26;TikTok;Nano;Ririn febi;Lifestyle;https://vt.tiktok.com/ZSuDWX5Ns/;3.274;Rp930.000;30;12.999;4;1;1;0,18%;0,05%;397,04%;Rp71,54
HEALTH SUPPLEMENT;Enervon;Enervon Kids Chewtab;Consideration;Mar-26;TikTok;Nano;Resha Rizky Awalia;Lifestyle;https://vt.tiktok.com/ZSu2YeVuq/;1.099;Rp930.000;44;1.820;11;9;1;1,91%;1,15%;165,61%;Rp510,99
HEALTH SUPPLEMENT;Enervon;Enervon Kids Chewtab;Consideration;Mar-26;TikTok;Micro;Dewi Retnosari;Lifestyle;https://vt.tiktok.com/ZSu6bXp1C/;12.100;Rp930.000;76;427;6;7;0;0,11%;3,04%;3,53%;Rp2.177,99
HEALTH SUPPLEMENT;Enervon;Enervon Kids Chewtab;Consideration;Mar-26;TikTok;Micro;Istiqomah Gayatri;Lifestyle;https://vt.tiktok.com/ZSuNG9CAa/;14.800;Rp930.000;902;4.430;64;1;0;0,44%;1,47%;29,93%;Rp209,93
HEALTH SUPPLEMENT;Enervon;Enervon Kids Chewtab;Consideration;Mar-26;TikTok;Nano;Anggita;Lifestyle;https://vt.tiktok.com/ZSuFocPm8/;3.085;Rp930.000;8.400;10.923;644;21;9;21,85%;6,17%;354,07%;Rp85,14
HEALTH SUPPLEMENT;Enervon;Enervon Kids Chewtab;Consideration;Mar-26;TikTok;Nano;Ayu windari;Lifestyle;https://vt.tiktok.com/ZSu269cnH/;2.052;Rp930.000;221;485;136;68;221;20,71%;87,63%;23,64%;Rp1.917,53
HEALTH SUPPLEMENT;Enervon;Enervon Kids Chewtab;Consideration;Mar-26;TikTok;Micro;Uswatun khasanah;Lifestyle;https://vt.tiktok.com/ZSuD6c2jK/;15.600;Rp930.000;32;1.724;99;0;6;0,67%;6,09%;11,05%;Rp539,44
HEALTH SUPPLEMENT;Enervon;Enervon Kids Chewtab;Consideration;Mar-26;TikTok;Nano;Mustika Anggraini;Lifestyle;https://vt.tiktok.com/ZSuDsoXXb/;2.430;Rp930.000;73;105;2;0;0;0,08%;1,90%;4,32%;Rp8.857,14
HEALTH SUPPLEMENT;Enervon;Enervon Kids Chewtab;Consideration;Mar-26;TikTok;Micro;Norma Mustika;Lifestyle;https://vt.tiktok.com/ZSuNsxhxV/;11.600;Rp930.000;132;184;61;55;13;1,11%;70,11%;1,59%;Rp5.054,35
HEALTH SUPPLEMENT;Enervon;Enervon Kids Chewtab;Consideration;Mar-26;TikTok;Micro;Ratih Siswanti Fauzi;Lifestyle;https://vt.tiktok.com/ZSuRe9G9v/;14.600;Rp930.000;1.600;1.809;115;6;10;0,90%;7,24%;12,39%;Rp514,10
HEALTH SUPPLEMENT;Enervon;Enervon Kids Chewtab;Consideration;Mar-26;TikTok;Micro;Mei Hardianti;Lifestyle;https://vt.tiktok.com/ZSuLBmQ5m/;12.200;Rp930.000;107;131;13;5;5;0,19%;17,56%;1,07%;Rp7.099,24
HEALTH SUPPLEMENT;Enervon;Enervon Kids Chewtab;Consideration;Mar-26;TikTok;Micro;Uji Mainnatun Khasanah;Lifestyle;https://vt.tiktok.com/ZSuFvTpaV/;29.900;Rp930.000;1.600;1.801;119;5;3;0,42%;7,05%;6,02%;Rp516,38
HEALTH SUPPLEMENT;Enervon;Enervon Kids Chewtab;Consideration;Mar-26;TikTok;Nano;Tri nur sarifah;Lifestyle;https://vt.tiktok.com/ZSu2B83SW/;2.447;Rp930.000;1.100;1.588;103;0;0;4,21%;6,49%;64,90%;Rp585,64
HEALTH SUPPLEMENT;Enervon;Enervon Kids Chewtab;Consideration;Mar-26;TikTok;Micro;Diah Awalokiteswari;Lifestyle;https://vt.tiktok.com/ZSuRaC4b9/;10.200;Rp930.000;119;367;47;12;2;0,60%;16,62%;3,60%;Rp2.534,06
HEALTH SUPPLEMENT;Enervon;Enervon Kids Chewtab;Consideration;Mar-26;TikTok;Micro;Yunita Padilah;Lifestyle;https://vt.tiktok.com/ZSuAPPwDb/;12.000;Rp930.000;146;201;6;0;0;0,05%;2,99%;1,68%;Rp4.626,87
HEALTH SUPPLEMENT;Enervon;Enervon Kids Chewtab;Consideration;Mar-26;TikTok;Micro;Irma kautsari;Lifestyle;https://vt.tiktok.com/ZSuFG55Yh/;65.800;Rp930.000;52;5.714;502;0;0;0,76%;8,79%;8,68%;Rp162,76
HEALTH SUPPLEMENT;Enervon;Enervon Kids Chewtab;Consideration;Mar-26;TikTok;Micro;Yuni Savitri;Lifestyle;https://vt.tiktok.com/ZSujU6YyT/;36.500;Rp930.000;3.600;3.904;158;24;9;0,52%;4,89%;10,70%;Rp238,22
HEALTH SUPPLEMENT;Enervon;Enervon Kids Chewtab;Consideration;Mar-26;TikTok;Nano;Ranti Aisyah;Lifestyle;https://vt.tiktok.com/ZSurPYmHo/;3.430;Rp930.000;107;623;58;10;44;3,27%;17,98%;18,16%;Rp1.492,78
HEALTH SUPPLEMENT;Enervon;Enervon Kids Chewtab;Consideration;Mar-26;TikTok;Micro;Winda purnamasari;Lifestyle;https://vt.tiktok.com/ZSuasgh4s/;24.700;Rp930.000;4.700;5.190;58;0;11;0,28%;1,33%;21,01%;Rp179,19
HEALTH SUPPLEMENT;Enervon;Enervon Kids Chewtab;Consideration;Mar-26;TikTok;Nano;Erni Juningsih;Lifestyle;https://vt.tiktok.com/ZSuD64qAg/;7.900;Rp930.000;2.000;2.177;62;2;15;1,00%;3,63%;27,56%;Rp427,19
HEALTH SUPPLEMENT;Enervon;Enervon Kids Chewtab;Consideration;Mar-26;TikTok;Micro;Mayang Rosaria;Lifestyle;https://vt.tiktok.com/ZSuB152J4/;14.500;Rp930.000;10.400;10.519;526;82;7;4,24%;5,85%;72,54%;Rp88,41
HEALTH SUPPLEMENT;Enervon;Enervon Kids Chewtab;Consideration;Mar-26;TikTok;Micro;irna nurul kamila;Lifestyle;https://vt.tiktok.com/ZSuFNtcvh/;17.500;Rp930.000;471;733;31;9;7;0,27%;6,41%;4,19%;Rp1.268,76
HEALTH SUPPLEMENT;Enervon;Enervon Kids Chewtab;Consideration;Mar-26;TikTok;Nano;Aditya Putri;Lifestyle;https://vt.tiktok.com/ZSuACe4mf/;3.200;Rp930.000;107;192;26;6;69;3,16%;52,60%;6,00%;Rp4.843,75
HEALTH SUPPLEMENT;Enervon;Enervon Kids Chewtab;Consideration;Mar-26;TikTok;Nano;Alvi septi;Lifestyle;https://vt.tiktok.com/ZSuDMUyGb/;7.200;Rp930.000;2.100;2.496;168;33;4;2,85%;8,21%;34,67%;Rp372,60
HEALTH SUPPLEMENT;Enervon;Enervon Kids Chewtab;Consideration;Mar-26;TikTok;Nano;Kiki elita silviana;Lifestyle;https://vt.tiktok.com/ZSuAgkGhF/;5.132;Rp930.000;69;85;11;0;0;0,21%;12,94%;1,66%;Rp10.941,18
HEALTH SUPPLEMENT;Enervon;Enervon Kids Chewtab;Consideration;Mar-26;TikTok;Nano;Muhibah;Lifestyle;https://vt.tiktok.com/ZSuAaL59w/;1.691;Rp930.000;7;7;3;0;1;0,24%;57,14%;0,41%;Rp132.857,14
HEALTH SUPPLEMENT;Enervon;Enervon Kids Chewtab;Consideration;Mar-26;TikTok;Micro;Ilma Fara Ananda;Lifestyle;https://vt.tiktok.com/ZSuL9ERUe/;14.100;Rp930.000;178;748;103;19;7;0,91%;17,25%;5,30%;Rp1.243,32
HEALTH SUPPLEMENT;Enervon;Enervon Kids Chewtab;Consideration;Mar-26;TikTok;Nano;Fika Karunia;Lifestyle;https://vt.tiktok.com/ZSujvFta1/;1.300;Rp930.000;1.000;1.529;7;0;0;0,54%;0,46%;117,62%;Rp608,24
HEALTH SUPPLEMENT;Enervon;Enervon Kids Chewtab;Consideration;Mar-26;TikTok;Micro;Leni Agustina;Lifestyle;https://vt.tiktok.com/ZSuY1MS7s/;10.300;Rp930.000;3.200;3.523;156;2;3;1,56%;4,57%;34,20%;Rp263,98
HEALTH SUPPLEMENT;Enervon;Enervon Kids Chewtab;Consideration;Mar-26;TikTok;Macro;Nurvar;Lifestyle;https://vt.tiktok.com/ZSuA8npPF/;110.000;Rp930.000;35.900;39.799;1.100;7;32;1,04%;2,86%;36,18%;Rp23,37
HEALTH SUPPLEMENT;Enervon;Enervon Kids Chewtab;Consideration;Mar-26;TikTok;Nano;Rini Siti M;Lifestyle;https://vt.tiktok.com/ZSuBwxSvp/;4.407;Rp930.000;189;313;112;57;3;3,90%;54,95%;7,10%;Rp2.971,25
HEALTH SUPPLEMENT;Enervon;Enervon Kids Chewtab;Consideration;Mar-26;TikTok;Nano;Tika mayzasi;Lifestyle;https://vt.tiktok.com/ZSuYD4qs4/;6.940;Rp930.000;2.200;2.456;250;13;6;3,88%;10,95%;35,39%;Rp378,66
HEALTH SUPPLEMENT;Enervon;Enervon Kids Chewtab;Consideration;Mar-26;TikTok;Micro;Ayuni Wulandari;Lifestyle;https://vt.tiktok.com/ZSuMDXtxM/;28.000;Rp930.000;118;1.073;43;28;18;0,32%;8,29%;3,83%;Rp866,73
HEALTH SUPPLEMENT;Enervon;Enervon Kids Chewtab;Consideration;Mar-26;TikTok;Micro;Arlin Irliana;Lifestyle;https://vt.tiktok.com/ZSuYwqF5f/;11.700;Rp930.000;112;181;92;31;28;1,29%;83,43%;1,55%;Rp5.138,12
HEALTH SUPPLEMENT;Enervon;Enervon Kids Chewtab;Consideration;Mar-26;TikTok;Micro;shabrina tsurraya;Lifestyle;https://vt.tiktok.com/ZSuDxYKuS/;13.400;Rp930.000;666;706;94;8;17;0,89%;16,86%;5,27%;Rp1.317,28
HEALTH SUPPLEMENT;Enervon;Enervon Kids Chewtab;Consideration;Mar-26;TikTok;Nano;Utari oktavia;Lifestyle;https://vt.tiktok.com/ZSu6nvQdh/;5.193;Rp930.000;1.500;1.708;120;23;5;2,85%;8,67%;32,89%;Rp544,50
HEALTH SUPPLEMENT;Enervon;Enervon Kids Chewtab;Consideration;Mar-26;TikTok;Micro;Niken Rizki;Lifestyle;https://vt.tiktok.com/ZSuA31ejc/;15.500;Rp930.000;2.800;6.020;65;22;4;0,59%;1,51%;38,84%;Rp154,49
HEALTH SUPPLEMENT;Enervon;Enervon Kids Chewtab;Consideration;Mar-26;TikTok;Micro;Ayu Fitri Lestari;Lifestyle;https://vt.tiktok.com/ZSu2hbqpT/;10.500;Rp930.000;419;2.099;149;2;166;3,02%;15,10%;19,99%;Rp443,07
HEALTH SUPPLEMENT;Enervon;Enervon Kids Chewtab;Consideration;Mar-26;TikTok;Micro;Rahmadiana;Lifestyle;https://vt.tiktok.com/ZSuAQq6qE/;29.000;Rp930.000;457;753;372;48;10;1,48%;57,10%;2,60%;Rp1.235,06
HEALTH SUPPLEMENT;Enervon;Enervon Kids Chewtab;Consideration;Mar-26;TikTok;Nano;Ajeng Fatikhatul Muflikhah;Lifestyle;https://vt.tiktok.com/ZSu2DMD64/;4.110;Rp930.000;97;157;22;15;5;1,02%;26,75%;3,82%;Rp5.923,57
HEALTH SUPPLEMENT;Enervon;Enervon Kids Chewtab;Consideration;Mar-26;TikTok;Nano;Anggita Putri;Lifestyle;https://vt.tiktok.com/ZSuFXeFtg/;3.087;Rp930.000;805;1.706;138;18;30;6,03%;10,90%;55,26%;Rp545,13
HEALTH SUPPLEMENT;Enervon;Enervon Kids Chewtab;Consideration;Mar-26;TikTok;Micro;Ayu Asmaliah;Lifestyle;https://vt.tiktok.com/ZSuDVAMW5/;11.400;Rp930.000;174;1.862;9;9;8;0,23%;1,40%;16,33%;Rp499,46
HEALTH SUPPLEMENT;Enervon;Enervon Kids Chewtab;Consideration;May-26;TikTok;Mega;kepalakeluarga.id;Lifestyle;https://www.instagram.com/p/DYhQmoBj5rs/?igsh=YzlhYjk2dXJwODhy;1.100.000;Rp6.000.000;535.497;521.330;305;7;44;0,03%;0,07%;47,39%;Rp11,51
HEALTH SUPPLEMENT;Enervon;Enervon-C;Consideration;Apr-26;TikTok;Micro;Audrey Jesslyn;Lifestyle;https://www.tiktok.com/@audreyjesslyn/video/7633760852302171409?_r=1&_t=ZS-95umgZYBKK0;29.800;Rp10.725.000;2.100;3.325;227;4;1;0,78%;6,98%;11,16%;Rp3.225,56
HEALTH SUPPLEMENT;Enervon;Enervon-C;Consideration;Apr-26;TikTok;Micro;Intan berlian;Lifestyle;https://vt.tiktok.com/ZS9UD4kKQ/;61.200;Rp3.000.000;8.500;8.949;1.349;2;3;2,21%;15,13%;14,62%;Rp335,23
HEALTH SUPPLEMENT;Enervon;Enervon-C;Consideration;Apr-26;TikTok;Micro;fuddumps;Lifestyle;https://vt.tiktok.com/ZS9SX7Hhu/;52.600;Rp4.000.000;29.800;35.025;1.783;10;10;3,43%;5,15%;66,59%;Rp114,20
HEALTH SUPPLEMENT;Enervon;Enervon-C;Consideration;Apr-26;TikTok;Macro;aksyif_fikri;Lifestyle;https://vt.tiktok.com/ZS9fUfhQx/;154.000;Rp12.375.000;13.500;114.348;812;7;8;0,54%;0,72%;74,25%;Rp108,22
HEALTH SUPPLEMENT;Enervon;Enervon-C;Consideration;Feb-26;TikTok;Macro;Nashani;Lifestyle;https://vt.tiktok.com/ZSu1ehmpL/;157.900;Rp9.240.000;15.000;20.575;491;6;9;0,32%;2,46%;13,03%;Rp449,09
HEALTH SUPPLEMENT;Enervon;Enervon-C;Consideration;Feb-26;TikTok;Macro;Cindyarmedia;Lifestyle;https://vt.tiktok.com/ZSm4NTCa6/;395.600;Rp20.625.000;534.200;1.084.050;1.525;8;52;0,40%;0,15%;274,03%;Rp19,03
HEALTH SUPPLEMENT;Enervon;Enervon-C;Consideration;Mar-26;TikTok;Micro;Desy Ratnasari;Lifestyle;https://www.tiktok.com/@desyrtns/video/7612511679464672532?utm_campaign=tt4d_open_api&utm_source=awtsed5i9xzgi8ph;16.884;Rp950.000;262;309;39;21;11;0,42%;22,98%;1,83%;Rp3.074,43
HEALTH SUPPLEMENT;Enervon;Enervon-C;Consideration;Mar-26;TikTok;Micro;Nila Matsuna;Lifestyle;https://www.tiktok.com/@nilalalamatsu92/video/7611487559146900743?utm_campaign=tt4d_open_api&utm_source=awtsed5i9xzgi8ph;14.400;Rp950.000;1.900;2.979;107;15;5;0,88%;4,26%;20,69%;Rp318,90
HEALTH SUPPLEMENT;Enervon;Enervon-C;Consideration;Mar-26;TikTok;Micro;Orizaqueena;Lifestyle;https://www.tiktok.com/@orizaqueena/video/7612982805701643527?utm_campaign=tt4d_open_api&utm_source=awtsed5i9xzgi8ph;13.891;Rp950.000;1.500;1.722;71;2;15;0,63%;5,11%;12,40%;Rp551,68
HEALTH SUPPLEMENT;Enervon;Enervon-C;Consideration;Mar-26;TikTok;Macro;Amirah ulayya;Lifestyle;https://www.tiktok.com/@amirahulayyass/video/7613032213726121234?utm_campaign=tt4d_open_api&utm_source=awtsed5i9xzgi8ph;107.949;Rp950.000;5.600;643;54;16;114;0,17%;28,62%;0,60%;Rp1.477,45
HEALTH SUPPLEMENT;Enervon;Enervon-C;Consideration;Mar-26;TikTok;Micro;Juwita Ragil;Lifestyle;https://www.tiktok.com/@witaratataaa/video/7614325985810386184?utm_campaign=tt4d_open_api&utm_source=awtsed5i9xzgi8ph;11.674;Rp950.000;1.700;1.120;156;40;11;1,77%;18,48%;9,59%;Rp848,21
HEALTH SUPPLEMENT;Enervon;Enervon-C;Consideration;Mar-26;TikTok;Micro;Stevani Beneran;Lifestyle;https://www.tiktok.com/@keluargapokcoy/video/7614140171344170260?utm_campaign=tt4d_open_api&utm_source=awtsed5i9xzgi8ph;12.496;Rp950.000;2.800;3.047;172;2;0;1,39%;5,71%;24,38%;Rp311,78
HEALTH SUPPLEMENT;Enervon;Enervon-C;Consideration;Mar-26;TikTok;Micro;Hana Ramadhanty;Lifestyle;https://www.tiktok.com/@hanarey30/video/7614155563706043655?utm_campaign=tt4d_open_api&utm_source=awtsed5i9xzgi8ph;12.833;Rp950.000;393;574;15;12;8;0,27%;6,10%;4,47%;Rp1.655,05
HEALTH SUPPLEMENT;Enervon;Enervon-C;Consideration;Mar-26;TikTok;Micro;Wulan;Lifestyle;https://www.tiktok.com/@octaryawulan20/video/7614489838447824146?utm_campaign=tt4d_open_api&utm_source=awtsed5i9xzgi8ph;13.821;Rp950.000;112;132;10;1;6;0,12%;12,88%;0,96%;Rp7.196,97
HEALTH SUPPLEMENT;Enervon;Enervon-C;Consideration;Mar-26;TikTok;Micro;Resty Aditya Utami;Lifestyle;https://www.tiktok.com/@utamirestya/video/7614135724585028884?is_from_webapp=1&sender_device=pc;12.838;Rp950.000;2.900;4.059;173;7;6;1,45%;4,58%;31,62%;Rp234,05
HEALTH SUPPLEMENT;Enervon;Enervon-C;Consideration;Mar-26;TikTok;Micro;Ni Kadek Dwi Astuti;Lifestyle;https://www.tiktok.com/@mamawi.dwi/video/7612638108781137160?utm_campaign=tt4d_open_api&utm_source=awtsed5i9xzgi8ph;12.058;Rp950.000;3.500;4.058;282;9;7;2,47%;7,34%;33,65%;Rp234,11
HEALTH SUPPLEMENT;Enervon;Enervon-C;Consideration;Mar-26;TikTok;Micro;risna oktavia;Lifestyle;https://www.tiktok.com/@risnaoktaviahardanik/video/7613289700605955346?utm_campaign=tt4d_open_api&utm_source=awtsed5i9xzgi8ph;16.063;Rp950.000;238;4.504;24;31;25;0,50%;1,78%;28,04%;Rp210,92
HEALTH SUPPLEMENT;Enervon;Enervon-C;Consideration;Mar-26;TikTok;Micro;Khonimatun Maysaroh;Lifestyle;https://www.tiktok.com/@khoniim/video/7613253181530852615?utm_campaign=tt4d_open_api&utm_source=awtsed5i9xzgi8ph;11.613;Rp950.000;1.800;2.031;58;2;1;0,53%;3,00%;17,49%;Rp467,75
HEALTH SUPPLEMENT;Enervon;Enervon-C;Consideration;Mar-26;TikTok;Micro;Nuvia;Lifestyle;https://www.tiktok.com/@obrienups/video/7613371409875668245?utm_campaign=tt4d_open_api&utm_source=awtsed5i9xzgi8ph;31.816;Rp950.000;8.800;10.270;183;14;4;0,63%;1,96%;32,28%;Rp92,50
HEALTH SUPPLEMENT;Enervon;Enervon-C;Consideration;Mar-26;TikTok;Micro;Dewi Asria;Lifestyle;https://www.tiktok.com/@dewi.asria/video/7612823137591233813?utm_campaign=tt4d_open_api&utm_source=awtsed5i9xzgi8ph;10.378;Rp950.000;258;2.799;21;7;1;0,28%;1,04%;26,97%;Rp339,41
HEALTH SUPPLEMENT;Enervon;Enervon-C;Consideration;Mar-26;TikTok;Micro;Ariska Putri;Lifestyle;https://www.tiktok.com/@mimah.hanan/video/7612598951019040021?utm_campaign=tt4d_open_api&utm_source=awtsed5i9xzgi8ph;12.535;Rp950.000;880;1.285;107;0;1;0,86%;8,40%;10,25%;Rp739,30
HEALTH SUPPLEMENT;Enervon;Enervon-C;Consideration;Mar-26;TikTok;Micro;Febry Lusyana;Lifestyle;https://www.tiktok.com/@ucciuccy23/video/7613586598277434645?utm_campaign=tt4d_open_api&utm_source=awtsed5i9xzgi8ph;10.721;Rp950.000;11.000;11.438;108;74;1;1,71%;1,60%;106,69%;Rp83,06
HEALTH SUPPLEMENT;Enervon;Enervon-C;Consideration;Mar-26;TikTok;Micro;Nelly endang sari;Lifestyle;https://www.tiktok.com/@nellyharahap25_/video/7613614465749175573?utm_campaign=tt4d_open_api&utm_source=awtsed5i9xzgi8ph;23.240;Rp950.000;5.200;5.371;829;77;6;3,92%;16,98%;23,11%;Rp176,88
HEALTH SUPPLEMENT;Enervon;Enervon-C;Consideration;Mar-26;TikTok;Micro;Reiwindawydiaa;Lifestyle;https://www.tiktok.com/@skuyy.living13/video/7613274716756921621?utm_campaign=tt4d_open_api&utm_source=awtsed5i9xzgi8ph;84.826;Rp950.000;174;198;20;0;9;0,03%;14,65%;0,23%;Rp4.797,98
HEALTH SUPPLEMENT;Enervon;Enervon-C;Consideration;Mar-26;TikTok;Micro;Dita Handiyanti;Lifestyle;https://www.tiktok.com/@ditahandi_/video/7612842237424110869?utm_campaign=tt4d_open_api&utm_source=awtsed5i9xzgi8ph;22.866;Rp950.000;8.000;10.959;344;19;10;1,63%;3,40%;47,93%;Rp86,69
HEALTH SUPPLEMENT;Enervon;Enervon-C;Consideration;Mar-26;TikTok;Micro;putri hapsari;Lifestyle;https://www.tiktok.com/@putrihpsari406/video/7612867150046448913?utm_campaign=tt4d_open_api&utm_source=awtsed5i9xzgi8ph;13.585;Rp950.000;4.200;5.470;182;12;3;1,45%;3,60%;40,26%;Rp173,67
HEALTH SUPPLEMENT;Enervon;Enervon-C;Consideration;Mar-26;TikTok;Micro;Shania Dwi Rantika;Lifestyle;https://www.tiktok.com/@shania.d.r/video/7613368474168986898?utm_campaign=tt4d_open_api&utm_source=awtsed5i9xzgi8ph;10.597;Rp950.000;2.300;2.614;146;13;4;1,54%;6,24%;24,67%;Rp363,43
HEALTH SUPPLEMENT;Enervon;Enervon-C;Consideration;Mar-26;TikTok;Micro;pelita nadyawati;Lifestyle;https://www.tiktok.com/@pelitanadya/video/7613267035027672340?utm_campaign=tt4d_open_api&utm_source=awtsed5i9xzgi8ph;18.446;Rp950.000;1.700;1.797;130;26;7;0,88%;9,07%;9,74%;Rp528,66
HEALTH SUPPLEMENT;Enervon;Enervon-C;Consideration;Mar-26;TikTok;Micro;riris;Lifestyle;https://www.tiktok.com/@ririsvinaa/video/7612556071252659463?utm_campaign=tt4d_open_api&utm_source=awtsed5i9xzgi8ph;18.952;Rp950.000;1.800;1.898;72;2;1;0,40%;3,95%;10,01%;Rp500,53
HEALTH SUPPLEMENT;Enervon;Enervon-C;Consideration;Mar-26;TikTok;Micro;Andi Ratna Maharani;Lifestyle;https://www.tiktok.com/@andiratnam/video/7613506003581062418?utm_campaign=tt4d_open_api&utm_source=awtsed5i9xzgi8ph;12.603;Rp950.000;1.600;2.072;391;24;45;3,65%;22,20%;16,44%;Rp458,49
HEALTH SUPPLEMENT;Enervon;Enervon-C;Consideration;Mar-26;TikTok;Micro;Mega Gilang Cempaka Ningrum;Lifestyle;https://www.tiktok.com/@megacempaka/video/7612951078316936469?utm_campaign=tt4d_open_api&utm_source=awtsed5i9xzgi8ph;16.127;Rp950.000;3.100;4.064;232;36;2;1,67%;6,64%;25,20%;Rp233,76
HEALTH SUPPLEMENT;Enervon;Enervon-C;Consideration;Mar-26;TikTok;Micro;amik agisti;Lifestyle;https://www.tiktok.com/@amikagisti93/video/7613622530275855623?utm_campaign=tt4d_open_api&utm_source=awtsed5i9xzgi8ph;53.245;Rp950.000;5.900;5.957;815;0;0;1,53%;13,68%;11,19%;Rp159,48
HEALTH SUPPLEMENT;Enervon;Enervon-C;Consideration;Mar-26;TikTok;Micro;Yulia Iskawedar;Lifestyle;https://www.tiktok.com/@yulia_lilu/video/7612776739680406805?utm_campaign=tt4d_open_api&utm_source=awtsed5i9xzgi8ph;56.170;Rp950.000;10.900;12.221;111;39;3;0,27%;1,25%;21,76%;Rp77,74
HEALTH SUPPLEMENT;Enervon;Enervon-C;Consideration;Mar-26;TikTok;Micro;siskaseptika;Lifestyle;https://www.tiktok.com/@siskaseptikaa/video/7613333960617397512?utm_campaign=tt4d_open_api&utm_source=awtsed5i9xzgi8ph;10.735;Rp950.000;1.000;1.555;107;61;109;2,58%;17,81%;14,49%;Rp610,93
HEALTH SUPPLEMENT;Enervon;Enervon-C;Consideration;Mar-26;TikTok;Micro;Rika Ria;Lifestyle;https://www.tiktok.com/@rikariaf/video/7612610835713756437?utm_campaign=tt4d_open_api&utm_source=awtsed5i9xzgi8ph;28.303;Rp950.000;1.600;2.281;332;78;5;1,47%;18,19%;8,06%;Rp416,48
HEALTH SUPPLEMENT;Enervon;Enervon-C;Consideration;Mar-26;TikTok;Micro;Desi Novita;Lifestyle;https://www.tiktok.com/@desnov1812/video/7612932959628168468?utm_campaign=tt4d_open_api&utm_source=awtsed5i9xzgi8ph;62.049;Rp950.000;14.100;17.966;2.073;36;1.910;6,48%;22,37%;28,95%;Rp52,88
HEALTH SUPPLEMENT;Enervon;Enervon-C;Consideration;Mar-26;TikTok;Micro;Alphylia Dwiyanti;Lifestyle;https://www.tiktok.com/@phylia.18/video/7614142059603102996?utm_campaign=tt4d_open_api&utm_source=awtsed5i9xzgi8ph;17.288;Rp950.000;799;840;137;0;0;0,79%;16,31%;4,86%;Rp1.130,95
HEALTH SUPPLEMENT;Enervon;Enervon-C;Consideration;Mar-26;TikTok;Micro;Pratiwi Savitri;Lifestyle;https://www.tiktok.com/@apadimakassar/video/7614796408398286101?utm_campaign=tt4d_open_api&utm_source=awtsed5i9xzgi8ph;26.251;Rp950.000;221;231;16;2;1;0,07%;8,23%;0,88%;Rp4.112,55
HEALTH SUPPLEMENT;Enervon;Enervon-C;Consideration;Mar-26;TikTok;Micro;Rosa.d.pratama;Lifestyle;https://www.tiktok.com/@kamisatuatap/video/7612780233598536967?utm_campaign=tt4d_open_api&utm_source=awtsed5i9xzgi8ph;13.130;Rp950.000;3.800;4.557;207;32;6;1,87%;5,38%;34,71%;Rp208,47
HEALTH SUPPLEMENT;Enervon;Enervon-C;Consideration;Mar-26;TikTok;Micro;Nur Ahdiyani Kainah;Lifestyle;https://www.tiktok.com/@nurahdiyanikainah/video/7614316655820377364?utm_campaign=tt4d_open_api&utm_source=awtsed5i9xzgi8ph;40.060;Rp950.000;138;235;8;1;0;0,02%;3,83%;0,59%;Rp4.042,55
HEALTH SUPPLEMENT;Enervon;Enervon-C;Consideration;Mar-26;TikTok;Micro;tasya.caa;Lifestyle;https://www.tiktok.com/@ummahaliyareview/video/7613619807828675847?utm_campaign=tt4d_open_api&utm_source=awtsed5i9xzgi8ph;31.099;Rp950.000;242;268;9;0;0;0,03%;3,36%;0,86%;Rp3.544,78
HEALTH SUPPLEMENT;Enervon;Enervon-C;Consideration;Mar-26;TikTok;Micro;Amalia Riena;Lifestyle;https://www.tiktok.com/@r_amalia13/video/7613361189233380628?utm_campaign=tt4d_open_api&utm_source=awtsed5i9xzgi8ph;12.558;Rp950.000;829;1.055;55;7;4;0,53%;6,26%;8,40%;Rp900,47
HEALTH SUPPLEMENT;Enervon;Enervon-C;Consideration;Mar-26;TikTok;Micro;nurhidayahdena;Lifestyle;https://www.tiktok.com/@dena.18/video/7614717957012327698?utm_campaign=tt4d_open_api&utm_source=awtsed5i9xzgi8ph;28.359;Rp950.000;193;216;17;3;17;0,13%;17,13%;0,76%;Rp4.398,15
HEALTH SUPPLEMENT;Enervon;Enervon-C;Consideration;Mar-26;TikTok;Micro;Ateutika;Lifestyle;https://www.tiktok.com/@ateutika/video/7614385374445489429?utm_campaign=tt4d_open_api&utm_source=awtsed5i9xzgi8ph;10.613;Rp950.000;193;231;9;0;0;0,08%;3,90%;2,18%;Rp4.112,55
HEALTH SUPPLEMENT;Enervon;Enervon-C;Consideration;Mar-26;TikTok;Micro;Ayu Fitri;Lifestyle;https://www.tiktok.com/@ayufitri_73/video/7613276604952825109?utm_campaign=tt4d_open_api&utm_source=awtsed5i9xzgi8ph;10.427;Rp950.000;570;901;155;2;15;1,65%;19,09%;8,64%;Rp1.054,38
HEALTH SUPPLEMENT;Enervon;Enervon-C;Consideration;Mar-26;TikTok;Micro;Desi arnie;Lifestyle;https://www.tiktok.com/@desiarnie/video/7614389477296868628?utm_campaign=tt4d_open_api&utm_source=awtsed5i9xzgi8ph;19.897;Rp950.000;1.300;2.689;117;0;0;0,59%;4,35%;13,51%;Rp353,29
HEALTH SUPPLEMENT;Enervon;Enervon-C;Consideration;Mar-26;TikTok;Micro;Dini Astriani;Lifestyle;https://www.tiktok.com/@diniastriani14/video/7612582643233836305?utm_campaign=tt4d_open_api&utm_source=awtsed5i9xzgi8ph;35.790;Rp950.000;233;261;35;32;3;0,20%;26,82%;0,73%;Rp3.639,85
HEALTH SUPPLEMENT;Enervon;Enervon-C;Consideration;Mar-26;TikTok;Micro;Dewi Puspitasari;Lifestyle;https://www.tiktok.com/@dwpuspitaaa/video/7612597400242277652?utm_campaign=tt4d_open_api&utm_source=awtsed5i9xzgi8ph;12.500;Rp950.000;107;136;14;10;6;0,24%;22,06%;1,09%;Rp6.985,29
HEALTH SUPPLEMENT;Enervon;Enervon-C;Consideration;Mar-26;TikTok;Micro;Laksmi;Lifestyle;https://www.tiktok.com/@laksmipaopao/video/7613287156672515335?utm_campaign=tt4d_open_api&utm_source=awtsed5i9xzgi8ph;24.909;Rp950.000;1.200;1.309;267;29;9;1,22%;23,30%;5,26%;Rp725,74
HEALTH SUPPLEMENT;Enervon;Enervon-C;Consideration;Mar-26;TikTok;Micro;Nia Aryani;Lifestyle;https://www.tiktok.com/@niaaryanii/video/7615045124552215829?utm_campaign=tt4d_open_api&utm_source=awtsed5i9xzgi8ph;52.895;Rp950.000;7.600;8.632;354;25;27;0,77%;4,70%;16,32%;Rp110,06
HEALTH SUPPLEMENT;Enervon;Enervon-C;Consideration;Mar-26;TikTok;Micro;Dea Dewi Asiyah;Lifestyle;https://www.tiktok.com/@deasiyah19/video/7614825001404894485?utm_campaign=tt4d_open_api&utm_source=awtsed5i9xzgi8ph;13.192;Rp950.000;190;225;9;1;0;0,08%;4,44%;1,71%;Rp4.222,22
HEALTH SUPPLEMENT;Enervon;Enervon-C;Consideration;Mar-26;TikTok;Micro;Angela Purnamasari;Lifestyle;https://vt.tiktok.com/ZSuJwEyhn/;10.300;Rp950.000;254;1.359;87;34;5;1,22%;9,27%;13,19%;Rp699,04
HEALTH SUPPLEMENT;Enervon;Enervon-C;Consideration;Mar-26;TikTok;Micro;Eva Yunita D;Lifestyle;https://vt.tiktok.com/ZSuRwktY9/;17.400;Rp950.000;2.600;3.419;179;10;19;1,20%;6,08%;19,65%;Rp277,86
HEALTH SUPPLEMENT;Enervon;Enervon-C;Consideration;Mar-26;TikTok;Micro;Rizqi Fatimah;Lifestyle;https://vt.tiktok.com/ZSuJqEwmm/;12.800;Rp950.000;1.500;2.033;182;29;15;1,77%;11,12%;15,88%;Rp467,29
HEALTH SUPPLEMENT;Enervon;Enervon-C;Consideration;Mar-26;TikTok;Micro;April hatini;Lifestyle;https://vt.tiktok.com/ZSuYsgNHv/;51.000;Rp950.000;10.100;10.226;389;76;228;1,36%;6,78%;20,05%;Rp92,90
HEALTH SUPPLEMENT;Enervon;Enervon-C;Consideration;Mar-26;TikTok;Micro;Finta ainda;Lifestyle;https://vt.tiktok.com/ZSuNhNknW/;10.700;Rp950.000;171;202;22;12;10;0,41%;21,78%;1,89%;Rp4.702,97
HEALTH SUPPLEMENT;Enervon;Enervon-C;Consideration;Mar-26;TikTok;Micro;Imra luqra;Lifestyle;https://vt.tiktok.com/ZSuRTyvPE/;11.200;Rp950.000;161;188;38;42;2;0,73%;43,62%;1,68%;Rp5.053,19
HEALTH SUPPLEMENT;Enervon;Enervon-C;Consideration;Mar-26;TikTok;Micro;Rita Wartini;Lifestyle;https://vt.tiktok.com/ZSuY4WjhR/;13.900;Rp950.000;471;829;476;24;13;3,69%;61,88%;5,96%;Rp1.145,96
HEALTH SUPPLEMENT;Enervon;Enervon-C;Consideration;Mar-26;TikTok;Micro;Fanny Aulia Lizara;Lifestyle;https://vt.tiktok.com/ZSuY9QdJC/;11.600;Rp950.000;107;413;201;2;102;2,63%;73,85%;3,56%;Rp2.300,24
HEALTH SUPPLEMENT;Enervon;Enervon-C;Consideration;Mar-26;TikTok;Micro;Ratna Sari Purwaningsih;Lifestyle;https://vt.tiktok.com/ZSuNYwX72/;13.400;Rp950.000;2.000;2.577;123;4;2;0,96%;5,01%;19,23%;Rp368,65
HEALTH SUPPLEMENT;Enervon;Enervon-C;Consideration;Mar-26;TikTok;Micro;Hana;Lifestyle;https://vt.tiktok.com/ZSu2hkr6H/;36.100;Rp950.000;3.100;4.510;141;35;12;0,52%;4,17%;12,49%;Rp210,64
HEALTH SUPPLEMENT;Enervon;Enervon-C;Consideration;Mar-26;TikTok;Micro;Rahmadiana;Lifestyle;https://vt.tiktok.com/ZSuYv1Kmr/;29.000;Rp950.000;1.300;1.550;229;91;201;1,80%;33,61%;5,34%;Rp612,90
HEALTH SUPPLEMENT;Enervon;Enervon-C;Consideration;Mar-26;TikTok;Micro;Astri Mei;Lifestyle;https://vt.tiktok.com/ZSuNjVXW2/;12.600;Rp950.000;205;1.020;95;35;5;1,07%;13,24%;8,10%;Rp931,37
HEALTH SUPPLEMENT;Enervon;Enervon-C;Consideration;Mar-26;TikTok;Micro;Yuyun Marslilia;Lifestyle;https://vt.tiktok.com/ZSuedUk8E/;13.200;Rp950.000;638;1.112;639;89;12;5,61%;66,55%;8,42%;Rp854,32
HEALTH SUPPLEMENT;Enervon;Enervon-C;Consideration;Mar-26;TikTok;Micro;EKA MEITA RANI;Lifestyle;https://vt.tiktok.com/ZSu8Ly8br/;10.400;Rp950.000;126;149;17;6;6;0,28%;19,46%;1,43%;Rp6.375,84
HEALTH SUPPLEMENT;Enervon;Enervon-C;Consideration;Mar-26;TikTok;Micro;Mita mauliah;Lifestyle;https://vt.tiktok.com/ZSuYGDGYw/;21.500;Rp950.000;119;18.963;11;3;5;0,09%;0,10%;88,20%;Rp50,10
HEALTH SUPPLEMENT;Enervon;Enervon-C;Consideration;Mar-26;TikTok;Micro;Desi rismawati;Lifestyle;https://vt.tiktok.com/ZSuLqb2R4/;88.600;Rp950.000;6.600;7.767;245;44;4;0,33%;3,77%;8,77%;Rp122,31
HEALTH SUPPLEMENT;Enervon;Enervon-C;Consideration;Mar-26;TikTok;Micro;Loisa emy;Lifestyle;https://vt.tiktok.com/ZSuYxWwrv/;20.492;Rp950.000;14.500;18.216;211;2;1;1,04%;1,17%;88,89%;Rp52,15
HEALTH SUPPLEMENT;Enervon;Enervon-C;Consideration;Mar-26;TikTok;Micro;Ratna Rinnati;Lifestyle;https://vt.tiktok.com/ZSuFgpanr/;40.300;Rp950.000;2.800;4.254;408;4;0;1,02%;9,69%;10,56%;Rp223,32
HEALTH SUPPLEMENT;Enervon;Enervon-C;Consideration;Mar-26;TikTok;Micro;Aura Adellia Fiqri Heryanto;Lifestyle;https://vt.tiktok.com/ZSuJGcRqF/;10.500;Rp950.000;1.100;1.322;115;27;19;1,53%;12,18%;12,59%;Rp718,61
HEALTH SUPPLEMENT;Enervon;Enervon-C;Consideration;Mar-26;TikTok;Micro;Febriska Herovi Kusuma Dewi;Lifestyle;https://vt.tiktok.com/ZSuYnHEDS/;11.700;Rp950.000;226;275;9;0;1;0,09%;3,64%;2,35%;Rp3.454,55
HEALTH SUPPLEMENT;Enervon;Enervon-C;Consideration;Mar-26;TikTok;Micro;Rizka Amalia;Lifestyle;https://vt.tiktok.com/ZSuL29oQH/;15.700;Rp950.000;2.000;2.287;872;37;41;6,05%;41,54%;14,57%;Rp415,39
HEALTH SUPPLEMENT;Enervon;Enervon-C;Consideration;Mar-26;TikTok;Micro;Mepa Pradipta;Lifestyle;https://vt.tiktok.com/ZSuFgxwqK/;15.400;Rp950.000;239;4.905;26;12;12;0,32%;1,02%;31,85%;Rp193,68
HEALTH SUPPLEMENT;Enervon;Enervon-C;Consideration;Mar-26;TikTok;Micro;Ulfa afida;Lifestyle;https://vt.tiktok.com/ZSuLfDt5G/;12.300;Rp950.000;1.600;2.192;134;37;8;1,46%;8,17%;17,82%;Rp433,39
HEALTH SUPPLEMENT;Enervon;Enervon-C;Consideration;Mar-26;TikTok;Micro;amelia citra susanto;Lifestyle;https://vt.tiktok.com/ZSu8qfxUh/;43.000;Rp950.000;1.800;2.113;164;1;0;0,38%;7,81%;4,91%;Rp449,60
HEALTH SUPPLEMENT;Enervon;Enervon-C;Consideration;Mar-26;TikTok;Micro;Navy;Lifestyle;https://vt.tiktok.com/ZSuNNqTaJ/;13.300;Rp950.000;222;1.271;140;16;14;1,28%;13,38%;9,56%;Rp747,44
HEALTH SUPPLEMENT;Enervon;Enervon-C;Consideration;Mar-26;TikTok;Micro;Delima rahayu istiqomah;Lifestyle;https://vt.tiktok.com/ZSuYUrTDd/;10.299;Rp950.000;596;624;42;13;4;0,57%;9,46%;6,06%;Rp1.522,44
HEALTH SUPPLEMENT;Enervon;Enervon-C;Consideration;Mar-26;TikTok;Micro;Ayu Rachma;Lifestyle;https://vt.tiktok.com/ZSuR34Xd8/;19.100;Rp950.000;1.600;2.084;169;41;8;1,14%;10,46%;10,91%;Rp455,85
HEALTH SUPPLEMENT;Enervon;Enervon-C;Consideration;Mar-26;TikTok;Micro;Maya amelia;Lifestyle;https://vt.tiktok.com/ZSuLc7HYe/;27.700;Rp950.000;253;1.109;481;7;13;1,81%;45,18%;4,00%;Rp856,63
HEALTH SUPPLEMENT;Enervon;Enervon-C;Consideration;Mar-26;TikTok;Micro;Anggi Zukana;Lifestyle;https://vt.tiktok.com/ZSuYqn6wx/;10.600;Rp950.000;496;6.318;5.361;6;5;50,68%;85,03%;59,60%;Rp150,36
HEALTH SUPPLEMENT;Enervon;Enervon-C;Consideration;Mar-26;TikTok;Micro;Erlin Yutrika;Lifestyle;https://vt.tiktok.com/ZSuYch6ot/;24.400;Rp950.000;2.000;3.098;525;16;8;2,25%;17,72%;12,70%;Rp306,65
HEALTH SUPPLEMENT;Enervon;Enervon-C;Consideration;Mar-26;TikTok;Micro;Dillah;Lifestyle;https://vt.tiktok.com/ZSu8ds3W2/;13.400;Rp950.000;1.500;1.824;118;0;0;0,88%;6,47%;13,61%;Rp520,83
HEALTH SUPPLEMENT;Enervon;Enervon-C;Consideration;Mar-26;TikTok;Micro;Resa Ristianti;Lifestyle;https://vt.tiktok.com/ZSuYH2eDg/;43.342;Rp950.000;292;1.010;240;15;1;0,59%;25,35%;2,33%;Rp940,59
HEALTH SUPPLEMENT;Enervon;Enervon-C;Consideration;Mar-26;TikTok;Micro;husna alfita wulandari;Lifestyle;https://vt.tiktok.com/ZSuYhrLHG/;11.400;Rp950.000;1.100;1.284;93;4;2;0,87%;7,71%;11,26%;Rp739,88
HEALTH SUPPLEMENT;Enervon;Enervon-C;Consideration;Mar-26;TikTok;Micro;Tria;Lifestyle;https://vt.tiktok.com/ZSuLjEFsP/;18.200;Rp950.000;347;719;490;36;1;2,90%;73,30%;3,95%;Rp1.321,28
HEALTH SUPPLEMENT;Enervon;Enervon-C;Consideration;Mar-26;TikTok;Micro;Syahna Apriyani;Lifestyle;https://vt.tiktok.com/ZSu2r376V/;16.638;Rp950.000;239;12.444;346;0;0;2,08%;2,78%;74,79%;Rp76,34
HEALTH SUPPLEMENT;Enervon;Enervon-C;Consideration;Mar-26;TikTok;Micro;Lia Kartini;Lifestyle;https://vt.tiktok.com/ZSu2LpY75/;13.100;Rp950.000;160;857;37;17;0;0,41%;6,30%;6,54%;Rp1.108,52
HEALTH SUPPLEMENT;Enervon;Enervon-C;Consideration;Mar-26;TikTok;Micro;Niken karunia sari;Lifestyle;https://vt.tiktok.com/ZSuYo4THq/;11.200;Rp950.000;168;203;36;5;0;0,37%;20,20%;1,81%;Rp4.679,80
HEALTH SUPPLEMENT;Enervon;Enervon-C;Consideration;Mar-26;TikTok;Micro;Veni nabilla;Lifestyle;https://vt.tiktok.com/ZSu613DWM/;21.900;Rp950.000;168;3.327;73;2;1;0,35%;2,28%;15,19%;Rp285,54
HEALTH SUPPLEMENT;Enervon;Enervon-C;Consideration;Mar-26;TikTok;Micro;Lisa Nuraini;Lifestyle;https://vt.tiktok.com/ZSuLxNTnY/;23.000;Rp950.000;937;3.672;370;19;6;1,72%;10,76%;15,97%;Rp258,71
HEALTH SUPPLEMENT;Enervon;Enervon-C;Consideration;Mar-26;TikTok;Micro;Aprillia diah utami;Lifestyle;https://vt.tiktok.com/ZSuLfPEEU/;12.766;Rp950.000;10.308;22.812;178;16;21;1,68%;0,94%;178,69%;Rp41,64
HEALTH SUPPLEMENT;Enervon;Enervon-C;Consideration;Mar-26;TikTok;Micro;Chintia Caesariany;Lifestyle;https://vt.tiktok.com/ZSu2rMNET/;20.700;Rp950.000;656;702;12;0;1;0,06%;1,85%;3,39%;Rp1.353,28
HEALTH SUPPLEMENT;Enervon;Enervon-C;Consideration;Mar-26;TikTok;Micro;Zunita Shara Arubaiyah;Lifestyle;https://vt.tiktok.com/ZSuYgJSuw/;10.900;Rp950.000;120;959;15;2;3;0,18%;2,09%;8,80%;Rp990,62
HEALTH SUPPLEMENT;Enervon;Enervon-C;Consideration;Mar-26;TikTok;Micro;Dwi Syefria Ningsih;Lifestyle;https://vt.tiktok.com/ZSuYRNpYh/;15.700;Rp950.000;105;6.759;44;30;9;0,53%;1,23%;43,05%;Rp140,55
HEALTH SUPPLEMENT;Enervon;Enervon-C;Consideration;Mar-26;TikTok;Micro;Puji hidayati;Lifestyle;https://vt.tiktok.com/ZSuLX2FRp/;17.000;Rp950.000;5.000;7.660;294;22;21;1,98%;4,40%;45,06%;Rp124,02
HEALTH SUPPLEMENT;Enervon;Enervon-C;Consideration;Mar-26;TikTok;Micro;Fipit yulianti;Lifestyle;https://vt.tiktok.com/ZSu81Rnx1/;20.300;Rp950.000;3.100;3.136;78;1;1;0,39%;2,55%;15,45%;Rp302,93
HEALTH SUPPLEMENT;Enervon;Enervon-C;Consideration;Mar-26;TikTok;Micro;Istiqomah Gayatri;Lifestyle;https://vt.tiktok.com/ZSuLqPLLM/;14.800;Rp950.000;1.100;5.315;68;18;13;0,67%;1,86%;35,91%;Rp178,74
HEALTH SUPPLEMENT;Enervon;Enervon-C;Consideration;Mar-26;TikTok;Micro;Citra Amalia;Lifestyle;https://vt.tiktok.com/ZSu2jDLVS/;11.200;Rp950.000;233;1.266;36;24;41;0,90%;7,98%;11,30%;Rp750,39
HEALTH SUPPLEMENT;Enervon;Enervon-C;Consideration;Mar-26;TikTok;Micro;Atika Rahmayanti;Lifestyle;https://vt.tiktok.com/ZSu27by9E/;12.000;Rp950.000;7.000;10.845;694;65;28;6,56%;7,26%;90,38%;Rp87,60
HEALTH SUPPLEMENT;Enervon;Enervon-C;Consideration;Mar-26;TikTok;Micro;Rika Yusnia Putri;Lifestyle;https://vt.tiktok.com/ZSuLCRHNQ/;14.500;Rp950.000;2.100;5.320;128;33;31;1,32%;3,61%;36,69%;Rp178,57
HEALTH SUPPLEMENT;Enervon;Enervon-C;Consideration;Mar-26;TikTok;Macro;Fika;Lifestyle;https://vt.tiktok.com/ZSu82wkrF/;245.000;Rp950.000;3.600;4.760;195;19;19;0,10%;4,89%;1,94%;Rp199,58
HEALTH SUPPLEMENT;Enervon;Enervon-C;Consideration;Mar-26;TikTok;Micro;Nonik Nur M;Lifestyle;https://vt.tiktok.com/ZSuYjS1RK/;12.000;Rp950.000;1.800;3.797;250;33;97;3,17%;10,01%;31,64%;Rp250,20
HEALTH SUPPLEMENT;Enervon;Enervon-C;Consideration;Mar-26;TikTok;Micro;Ridatiningsih;Lifestyle;https://vt.tiktok.com/ZSuY6X8oB/;23.000;Rp950.000;1.300;1.379;116;0;0;0,50%;8,41%;6,00%;Rp688,91
HEALTH SUPPLEMENT;Enervon;Enervon-C;Consideration;Mar-26;TikTok;Micro;Diah Awalokiteswari;Lifestyle;https://vt.tiktok.com/ZSuNkSRXK/;10.200;Rp950.000;99;569;27;8;3;0,37%;6,68%;5,58%;Rp1.669,60
HEALTH SUPPLEMENT;Enervon;Enervon-C;Consideration;Mar-26;TikTok;Micro;fitri hidayanti;Lifestyle;https://vt.tiktok.com/ZSuF7LMXw/;12.600;Rp950.000;218;257;40;18;13;0,56%;27,63%;2,04%;Rp3.696,50
HEALTH SUPPLEMENT;Enervon;Enervon-C;Consideration;Mar-26;TikTok;Micro;Tutut Handayani;Lifestyle;https://vt.tiktok.com/ZSuY1nWdw/;45.000;Rp950.000;382;452;21;2;0;0,05%;5,09%;1,00%;Rp2.101,77
HEALTH SUPPLEMENT;Enervon;Enervon-C;Consideration;May-26;TikTok;Micro;arsipamira;Lifestyle;https://vt.tiktok.com/ZSxMvB6Wh/;47.900;Rp2.640.000;16.700;286.987;143;9;1;0,32%;0,05%;599,14%;Rp9,20
HEALTH SUPPLEMENT;Enervon;Enervon-C;Consideration;May-26;TikTok;Macro;Fierrlia;Lifestyle;https://vt.tiktok.com/ZSxutr3Ph/;204.600;Rp11.550.000;318.400;508.603;1.391;5;31;0,70%;0,28%;248,58%;Rp22,71
HEALTH SUPPLEMENT;Enervon;Enervon-C;Consideration;May-26;TikTok;Micro;adha.rzky;Lifestyle;https://vt.tiktok.com/ZSxutHj5v/;51.200;Rp8.000.000;26.600;40.474;1.539;40;31;3,14%;3,98%;79,05%;Rp197,66
HEALTH SUPPLEMENT;Enervon;Enervon-C;Consideration;May-26;TikTok;Micro;ericashintia;Lifestyle;https://vt.tiktok.com/ZSxutr3Ph/;48.900;Rp3.547.500;2.300;3.218;106;4;7;0,24%;3,64%;6,58%;Rp1.102,39
HEALTH SUPPLEMENT;Enervon;Enervon-C;Consideration;May-26;TikTok;Macro;ridhomlnn;Lifestyle;https://vt.tiktok.com/ZSxpfjK2x/;438.500;Rp14.520.000;13.800;19.323;1.562;41;26;0,37%;8,43%;4,41%;Rp751,44
HEALTH SUPPLEMENT;Enervon;Enervon-C;Consideration;May-26;TikTok;Mega;ficrafth;Lifestyle;https://vt.tiktok.com/ZSxAc1As9/;2.200.000;Rp16.500.000;28.300;35.643;1.849;26;4;0,09%;5,27%;1,62%;Rp462,92
HEALTH SUPPLEMENT;Vicee;Vicee Gummy;Consideration;Jan-26;TikTok;Micro;A’yun;Lifestyle;https://vt.tiktok.com/ZS5qw6f3C/;14.000;Rp833.000;403;435;131;20;3;1,10%;35,40%;3,11%;Rp1.914,94
HEALTH SUPPLEMENT;Vicee;Vicee Gummy;Consideration;Jan-26;TikTok;Micro;Ananda Khoirunisa;Lifestyle;https://vt.tiktok.com/ZS5B6P4k5/;39.200;Rp833.000;137;8.042;192;0;47;0,61%;2,97%;20,52%;Rp103,58
HEALTH SUPPLEMENT;Vicee;Vicee Gummy;Consideration;Jan-26;TikTok;Micro;Anis Pramita;Lifestyle;https://vt.tiktok.com/ZS5mXadh6/;10.045;Rp833.000;1.700;1.886;125;9;20;1,53%;8,17%;18,78%;Rp441,68
HEALTH SUPPLEMENT;Vicee;Vicee Gummy;Consideration;Jan-26;TikTok;Macro;atiko;Lifestyle;https://vt.tiktok.com/ZS5qvvU9B/;101.000;Rp833.000;6.200;7.286;1.596;126;120;1,82%;25,28%;7,21%;Rp114,33
HEALTH SUPPLEMENT;Vicee;Vicee Gummy;Consideration;Jan-26;TikTok;Micro;Cony candra;Lifestyle;https://vt.tiktok.com/ZS5m4dNJU/;35.000;Rp833.000;130;3.210;111;27;2;0,40%;4,36%;9,17%;Rp259,50
HEALTH SUPPLEMENT;Vicee;Vicee Gummy;Consideration;Jan-26;TikTok;Micro;Dwi Ayu Febriyani;Lifestyle;https://vt.tiktok.com/ZS551YMsP/;20.200;Rp833.000;68;6.644;103;6;20;0,64%;1,94%;32,89%;Rp125,38
HEALTH SUPPLEMENT;Vicee;Vicee Gummy;Consideration;Jan-26;TikTok;Micro;Eka Pujiati;Lifestyle;https://vt.tiktok.com/ZS5We7nEu/;10.900;Rp833.000;39;1.529;115;11;30;1,43%;10,20%;14,03%;Rp544,80
HEALTH SUPPLEMENT;Vicee;Vicee Gummy;Consideration;Jan-26;TikTok;Micro;Erna Apriyanti;Lifestyle;https://vt.tiktok.com/ZS5MKsVEC/;27.900;Rp833.000;705;995;57;15;12;0,30%;8,44%;3,57%;Rp837,19
HEALTH SUPPLEMENT;Vicee;Vicee Gummy;Consideration;Jan-26;TikTok;Micro;Iva Ratna Dewi;Lifestyle;https://vt.tiktok.com/ZS5ujje3D/;10.600;Rp833.000;143;154;40;37;3;0,75%;51,95%;1,45%;Rp5.409,09
HEALTH SUPPLEMENT;Vicee;Vicee Gummy;Consideration;Jan-26;TikTok;Micro;Leni Agustina;Lifestyle;https://vt.tiktok.com/ZS5b2UTu5/;10.400;Rp833.000;2.200;2.410;147;4;3;1,48%;6,39%;23,17%;Rp345,64
HEALTH SUPPLEMENT;Vicee;Vicee Gummy;Consideration;Jan-26;TikTok;Micro;Marsha Maharani;Lifestyle;https://www.tiktok.com/@marshamarchantia/video/7592179863931424008?_r=1&u_code=dfb75afc66hkka&region=ID&mid=7592179915445881618&preview_pb=0&sharer_language=id&_d=e9hdmbcge0342k&ec_shared_reflux_dynamic_params=%7B%22placeholder_material_id%22%3A%227592179863931424008%22%2C%22placeholder_origin_cover%22%3A%22https%253A%252F%252Fp16-sign-sg.tiktokcdn.com%252Ftos-alisg-p-0037%252Fo4q1KBDDQFAbQgBXGBEUf1E3BzNcfRxcph2NgK~tplv-tiktokx-origin.webp%253Fdr%253D14572%2526refresh_token%253D680847ab%2526x-expires%253D1799226000%2526x-signature%253DAGNCim90pbAxN2ViDRSoWzSPLcU%25253D%2526t%253D4d5b0474%2526ps%253D13740610%2526shp%253Dd05b14bd%2526shcp%253D34ff8df6%2526idc%253Dmy%2526s%253DPUBLISH%22%2C%22placeholder_product_id%22%3A%221733012185136728045%22%2C%22placeholder_video_id%22%3A%227592179863931424008%22%7D&ec_shared_reflux_scene=shop_tab_feed&share_item_id=7592179863931424008&source=h5_t&timestamp=1767693171&user_id=6891972806332417025&sec_user_id=MS4wLjABAAAAsyfeVzEDMx5qXSK83JyKtMet2ixlEYVktr0dSelgTN1RtGMjMLAsdmondJl-x2EJ&item_author_type=1&social_share_type=0&utm_source=copy&utm_campaign=client_share&utm_medium=android&share_iid=7587091871248893716&share_link_id=7364f2bb-cde8-46c2-9898-7a051bb24162&share_app_id=1180&ugbiz_name=MAIN&ug_btm=b8727%2Cb2878&link_reflow_popup_iteration_sharer=%7B%22click_empty_to_play%22%3A1%2C%22dynamic_cover%22%3A1%2C%22follow_to_play_duration%22%3A-1.0%2C%22profile_clickable%22%3A1%7D&enable_checksum=1;53.350;Rp833.000;227;3.275;101;4;0;0,20%;3,21%;6,14%;Rp254,35
HEALTH SUPPLEMENT;Vicee;Vicee Gummy;Consideration;Jan-26;TikTok;Micro;Meika Novarya;Lifestyle;https://vt.tiktok.com/ZS5mM44WT/;11.900;Rp833.000;913;2.119;127;20;54;1,69%;9,49%;17,81%;Rp393,11
HEALTH SUPPLEMENT;Vicee;Vicee Gummy;Consideration;Jan-26;TikTok;Micro;Novi leana;Lifestyle;https://vt.tiktok.com/ZS5mVAHvc/;30.000;Rp833.000;1.800;1.913;131;26;13;0,57%;8,89%;6,38%;Rp435,44
HEALTH SUPPLEMENT;Vicee;Vicee Gummy;Consideration;Jan-26;TikTok;Micro;Nur Mujiana;Lifestyle;https://vt.tiktok.com/ZS5u1hRBE/;32.900;Rp833.000;117;12.143;1.004;0;0;3,05%;8,27%;36,91%;Rp68,60
HEALTH SUPPLEMENT;Vicee;Vicee Gummy;Consideration;Jan-26;TikTok;Micro;Nur sholihah;Lifestyle;https://vt.tiktok.com/ZS5mn5xbR/;26.000;Rp833.000;219;219;112;39;126;1,07%;126,48%;0,84%;Rp3.803,65
HEALTH SUPPLEMENT;Vicee;Vicee Gummy;Consideration;Jan-26;TikTok;Micro;Putri balqis;Lifestyle;https://vt.tiktok.com/ZS5mbVbeX/;12.500;Rp833.000;869;1.135;16;9;6;0,25%;2,73%;9,08%;Rp733,92
HEALTH SUPPLEMENT;Vicee;Vicee Gummy;Consideration;Jan-26;TikTok;Macro;ria purnamasari;Lifestyle;https://vt.tiktok.com/ZS5mxr2HD/;103.000;Rp833.000;13.264;13.264;513;6;378;0,87%;6,76%;12,88%;Rp62,80
HEALTH SUPPLEMENT;Vicee;Vicee Gummy;Consideration;Jan-26;TikTok;Micro;Sarah ivanda;Lifestyle;https://vt.tiktok.com/ZS5mbPQx5/;14.100;Rp833.000;70;5.297;327;1;1;2,33%;6,21%;37,57%;Rp157,26
HEALTH SUPPLEMENT;Vicee;Vicee Gummy;Consideration;Jan-26;TikTok;Micro;Silvi Agustin;Lifestyle;https://vt.tiktok.com/ZS5mmxfot/;11.000;Rp833.000;2.400;2.618;1.204;24;53;11,65%;48,93%;23,80%;Rp318,18
HEALTH SUPPLEMENT;Vicee;Vicee Gummy;Consideration;Jan-26;TikTok;Micro;Triastuti;Lifestyle;https://vt.tiktok.com/ZS55edQPd/;11.200;Rp833.000;29;8.076;1.230;25;226;13,22%;18,34%;72,11%;Rp103,15
HEALTH SUPPLEMENT;Vicee;Vicee Gummy;Consideration;Jan-26;TikTok;Micro;Tyas;Lifestyle;https://vt.tiktok.com/ZS5mqH8mv/;22.000;Rp833.000;658;3.942;1.119;3;1;5,10%;28,49%;17,92%;Rp211,31
HEALTH SUPPLEMENT;Vicee;Vicee Gummy;Consideration;Jan-26;TikTok;Micro;ingewati.s;Lifestyle;https://www.tiktok.com/@ingewati.s/video/7589524650514844946?utm_campaign=tt4d_open_api&utm_source=awtsed5i9xzgi8ph;11.998;Rp833.000;5.500;6.057;302;1;1;2,53%;5,02%;50,48%;Rp137,53
HEALTH SUPPLEMENT;Vicee;Vicee Gummy;Consideration;Jan-26;TikTok;Micro;havika rizhan;Lifestyle;https://www.tiktok.com/@havika_rizhan/video/7589597697867484436?utm_campaign=tt4d_open_api&utm_source=awtsed5i9xzgi8ph;13.829;Rp833.000;2.900;3.377;268;47;26;2,47%;10,10%;24,42%;Rp246,67
HEALTH SUPPLEMENT;Vicee;Vicee Gummy;Consideration;Jan-26;TikTok;Micro;Bethariasonata;Lifestyle;https://www.tiktok.com/@betariasonata/video/7593379368546749714?utm_campaign=tt4d_open_api&utm_source=awtsed5i9xzgi8ph;10.560;Rp833.000;2.200;2.637;1.192;21;4;11,52%;46,15%;24,97%;Rp315,89
HEALTH SUPPLEMENT;Vicee;Vicee Gummy;Consideration;Jan-26;TikTok;Micro;Nila Matsuna;Lifestyle;https://www.tiktok.com/@nilalalamatsu92/video/7591840893917826322?utm_campaign=tt4d_open_api&utm_source=awtsed5i9xzgi8ph;11.707;Rp833.000;2.200;2.677;1.183;11;44;10,57%;46,25%;22,87%;Rp311,17
HEALTH SUPPLEMENT;Vicee;Vicee Gummy;Consideration;Jan-26;TikTok;Micro;Dita Handiyanti;Lifestyle;https://www.tiktok.com/@ditahandi_/video/7592177112702881044?utm_campaign=tt4d_open_api&utm_source=awtsed5i9xzgi8ph;22.834;Rp833.000;10.100;11.420;396;18;35;1,97%;3,93%;50,01%;Rp72,94
HEALTH SUPPLEMENT;Vicee;Vicee Gummy;Consideration;Jan-26;TikTok;Micro;sarah_novika;Lifestyle;https://www.tiktok.com/@sarah_novika/video/7593410727881329936?utm_campaign=tt4d_open_api&utm_source=awtsed5i9xzgi8ph;50.453;Rp833.000;9.800;10.273;1.855;57;14;3,82%;18,75%;20,36%;Rp81,09
HEALTH SUPPLEMENT;Vicee;Vicee Gummy;Consideration;Jan-26;TikTok;Micro;AJENG;Lifestyle;https://www.tiktok.com/@radenajengagustina/video/7589920565067091207?utm_campaign=tt4d_open_api&utm_source=awtsed5i9xzgi8ph;14.638;Rp833.000;6.900;7.209;195;25;20;1,64%;3,33%;49,25%;Rp115,55
HEALTH SUPPLEMENT;Vicee;Vicee Gummy;Consideration;Jan-26;TikTok;Micro;Rahmawati;Lifestyle;https://www.tiktok.com/@narra09_/video/7589522701249793301?utm_campaign=tt4d_open_api&utm_source=awtsed5i9xzgi8ph;11.097;Rp833.000;2.000;2.284;146;24;11;1,63%;7,92%;20,58%;Rp364,71
HEALTH SUPPLEMENT;Vicee;Vicee Gummy;Consideration;Jan-26;TikTok;Micro;Bunda Shazia;Lifestyle;https://www.tiktok.com/@houseof_zya/video/7589511079349243157?utm_campaign=tt4d_open_api&utm_source=awtsed5i9xzgi8ph;21.516;Rp833.000;1.700;2.145;162;44;17;1,04%;10,40%;9,97%;Rp388,34
HEALTH SUPPLEMENT;Vicee;Vicee Gummy;Consideration;Jan-26;TikTok;Micro;rinamalia13;Lifestyle;https://www.tiktok.com/@r_amalia13/video/7589504717345017109?utm_campaign=tt4d_open_api&utm_source=awtsed5i9xzgi8ph;12.539;Rp833.000;1.200;1.499;118;1;0;0,95%;7,94%;11,95%;Rp555,70
HEALTH SUPPLEMENT;Vicee;Vicee Gummy;Consideration;Jan-26;TikTok;Micro;keluargapokcoy;Lifestyle;https://www.tiktok.com/@keluargapokcoy/video/7592513316501671175?utm_campaign=tt4d_open_api&utm_source=awtsed5i9xzgi8ph;12.294;Rp833.000;1.900;2.239;101;1;6;0,88%;4,82%;18,21%;Rp372,04
HEALTH SUPPLEMENT;Vicee;Vicee Gummy;Consideration;Jan-26;TikTok;Micro;Arisa Octaviant...;Lifestyle;https://www.tiktok.com/@arizhaocta/video/7596324949070056712?utm_campaign=tt4d_open_api&utm_source=awtsed5i9xzgi8ph;19.864;Rp833.000;1.500;2.041;143;20;3;0,84%;8,13%;10,27%;Rp408,13
HEALTH SUPPLEMENT;Vicee;Vicee Gummy;Consideration;Jan-26;TikTok;Micro;Siska Septika R...;Lifestyle;https://www.tiktok.com/@siskaseptikaa/video/7592662553730370823?utm_campaign=tt4d_open_api&utm_source=awtsed5i9xzgi8ph;10.723;Rp833.000;167;185;27;28;26;0,76%;43,78%;1,73%;Rp4.502,70
HEALTH SUPPLEMENT;Vicee;Vicee Gummy;Consideration;Jan-26;TikTok;Micro;double khay;Lifestyle;https://www.tiktok.com/@khaylasunny/video/7593534266454134037?utm_campaign=tt4d_open_api&utm_source=awtsed5i9xzgi8ph;11.434;Rp833.000;129;198;36;26;3;0,57%;32,83%;1,73%;Rp4.207,07
HEALTH SUPPLEMENT;Vicee;Vicee Gummy;Consideration;Jan-26;TikTok;Micro;dewi.asr;Lifestyle;https://www.tiktok.com/@dewi.asria/video/7591855776168234260?utm_campaign=tt4d_open_api&utm_source=awtsed5i9xzgi8ph;10.384;Rp833.000;444;525;41;5;9;0,53%;10,48%;5,06%;Rp1.586,67
HEALTH SUPPLEMENT;Vicee;Vicee Gummy;Consideration;Jan-26;TikTok;Micro;Rika Ria;Lifestyle;https://www.tiktok.com/@rikariaf/video/7597747845462052117?utm_campaign=tt4d_open_api&utm_source=awtsed5i9xzgi8ph;28.051;Rp833.000;623;680;96;0;0;0,34%;14,12%;2,42%;Rp1.225,00
HEALTH SUPPLEMENT;Vicee;Vicee Gummy;Consideration;Jan-26;TikTok;Micro;Rani Rumi;Lifestyle;https://www.tiktok.com/@ramigabut00/video/7592193553598582023?utm_campaign=tt4d_open_api&utm_source=awtsed5i9xzgi8ph;13.047;Rp833.000;178;194;21;18;0;0,30%;20,10%;1,49%;Rp4.293,81
HEALTH SUPPLEMENT;Vicee;Vicee Gummy;Consideration;Jan-26;TikTok;Micro;Putrisptanggrni;Lifestyle;https://www.tiktok.com/@putrisptanggrni/video/7593401829841489172?utm_campaign=tt4d_open_api&utm_source=awtsed5i9xzgi8ph;20.821;Rp833.000;128;159;34;26;2;0,30%;38,99%;0,76%;Rp5.238,99
HEALTH SUPPLEMENT;Vicee;Vicee Gummy;Consideration;Jan-26;TikTok;Micro;Desyrtns;Lifestyle;https://www.tiktok.com/@desyrtns/video/7593544071138790676?utm_campaign=tt4d_open_api&utm_source=awtsed5i9xzgi8ph;16.922;Rp833.000;122;143;15;5;0;0,12%;13,99%;0,85%;Rp5.825,17
HEALTH SUPPLEMENT;Vicee;Vicee Gummy;Consideration;Jan-26;TikTok;Micro;Promo jajan jal...;Lifestyle;https://vt.tiktok.com/ZS5FrXTAn/;12.520;Rp833.000;654;707;11;0;0;0,09%;1,56%;5,65%;Rp1.178,22
HEALTH SUPPLEMENT;Vicee;Vicee Gummy;Consideration;Jan-26;TikTok;Micro;Ike nurha;Lifestyle;https://www.tiktok.com/@ikenurha25/video/7596234483779587336?utm_campaign=tt4d_open_api&utm_source=awtsed5i9xzgi8ph;19.223;Rp833.000;119;130;12;0;0;0,06%;9,23%;0,68%;Rp6.407,69
HEALTH SUPPLEMENT;Vicee;Vicee Gummy;Consideration;Jan-26;TikTok;Micro;arini;Lifestyle;https://www.tiktok.com/@arinprastya/video/7589256868174794005?utm_campaign=tt4d_open_api&utm_source=awtsed5i9xzgi8ph;19.526;Rp833.000;164;170;4;1;6;0,06%;6,47%;0,87%;Rp4.900,00
HEALTH SUPPLEMENT;Vicee;Vicee Gummy;Consideration;Jan-26;TikTok;Micro;Kamisatuatap;Lifestyle;https://www.tiktok.com/@kamisatuatap/video/7589463936873925896?utm_campaign=tt4d_open_api&utm_source=awtsed5i9xzgi8ph;13.205;Rp833.000;1.000;1.124;4;0;0;0,03%;0,36%;8,51%;Rp741,10
HEALTH SUPPLEMENT;Vicee;Vicee Gummy;Consideration;Jan-26;TikTok;Nano;Asniati;Lifestyle;https://vt.tiktok.com/ZS5bYfeCb/;1.340;Rp833.000;98;144;40;31;14;6,34%;59,03%;10,75%;Rp5.784,72
HEALTH SUPPLEMENT;Vicee;Vicee Gummy;Consideration;Jan-26;TikTok;Nano;Rizky Dwi Puspita Sari;Lifestyle;https://vt.tiktok.com/ZS5xSwRTd/;1.930;Rp833.000;192;192;107;9;6;6,32%;63,54%;9,95%;Rp4.338,54
HEALTH SUPPLEMENT;Vicee;Vicee Gummy;Consideration;Jan-26;TikTok;Nano;Windy;Lifestyle;https://www.tiktok.com/@windyedogawa/video/7594714679855926535?is_from_webapp=1&sender_device=pc&web_id=7491328671523309057;2.500;Rp833.000;83;117;8;6;1;0,60%;12,82%;4,68%;Rp7.119,66
HEALTH SUPPLEMENT;Vicee;Vicee Gummy;Consideration;Jan-26;TikTok;Nano;Annisa Khanna;Lifestyle;https://vt.tiktok.com/ZS5bUHfGC/;2.600;Rp833.000;150;170;53;0;0;2,04%;31,18%;6,54%;Rp4.900,00
HEALTH SUPPLEMENT;Vicee;Vicee Gummy;Consideration;Jan-26;TikTok;Nano;Annisa Nurhudayanti;Lifestyle;https://vt.tiktok.com/ZS5mkfKLx/;4.080;Rp833.000;120;225;115;15;3;3,26%;59,11%;5,51%;Rp3.702,22
HEALTH SUPPLEMENT;Vicee;Vicee Gummy;Consideration;Jan-26;TikTok;Nano;Aysheza Fahresyi;Lifestyle;https://vt.tiktok.com/ZS5rPwrTq/;1.087;Rp833.000;103;103;7;4;1;1,10%;11,65%;9,48%;Rp8.087,38
HEALTH SUPPLEMENT;Vicee;Vicee Gummy;Consideration;Jan-26;TikTok;Nano;Ayu windari;Lifestyle;https://vt.tiktok.com/ZS5mSoCaW/;1.872;Rp833.000;144;259;100;95;15;11,22%;81,08%;13,84%;Rp3.216,22
HEALTH SUPPLEMENT;Vicee;Vicee Gummy;Consideration;Jan-26;TikTok;Nano;Elsa Yulianti;Lifestyle;https://vt.tiktok.com/ZS5qwxF89/;3.298;Rp833.000;134;170;37;31;5;2,21%;42,94%;5,15%;Rp4.900,00
HEALTH SUPPLEMENT;Vicee;Vicee Gummy;Consideration;Jan-26;TikTok;Nano;Erste Kleinodia Ersaelia;Lifestyle;https://vt.tiktok.com/ZS5mhXom8/;6.185;Rp833.000;1.500;1.712;70;11;14;1,54%;5,55%;27,68%;Rp486,57
HEALTH SUPPLEMENT;Vicee;Vicee Gummy;Consideration;Jan-26;TikTok;Nano;Farida utami;Lifestyle;https://vt.tiktok.com/ZS5XGETLW/;6.020;Rp833.000;152;181;29;13;9;0,85%;28,18%;3,01%;Rp4.602,21
HEALTH SUPPLEMENT;Vicee;Vicee Gummy;Consideration;Jan-26;TikTok;Nano;Fidzah Oktaviana;Lifestyle;https://vt.tiktok.com/ZS5aLGfGg/;4.380;Rp833.000;235;367;50;39;7;2,19%;26,16%;8,38%;Rp2.269,75
HEALTH SUPPLEMENT;Vicee;Vicee Gummy;Consideration;Jan-26;TikTok;Nano;Husnul mursyeed;Lifestyle;https://vt.tiktok.com/ZS5Pyt9cC/;3.400;Rp833.000;1.700;1.739;124;3;6;3,91%;7,65%;51,15%;Rp479,01
HEALTH SUPPLEMENT;Vicee;Vicee Gummy;Consideration;Jan-26;TikTok;Nano;Julia Pandiangan;Lifestyle;https://vt.tiktok.com/ZS5PU8H65/;3.260;Rp833.000;104;140;8;0;7;0,46%;10,71%;4,29%;Rp5.950,00
HEALTH SUPPLEMENT;Vicee;Vicee Gummy;Consideration;Jan-26;TikTok;Nano;Mike Renalia Goenawan;Lifestyle;https://vt.tiktok.com/ZS5mYDLqe/;3.066;Rp833.000;2.700;4.500;319;106;21;14,55%;9,91%;146,77%;Rp185,11
HEALTH SUPPLEMENT;Vicee;Vicee Gummy;Consideration;Jan-26;TikTok;Nano;Ninnda Dwi kurniasari;Lifestyle;https://vt.tiktok.com/ZS5GERUG9/;6.880;Rp833.000;190;239;42;28;18;1,28%;36,82%;3,47%;Rp3.485,36
HEALTH SUPPLEMENT;Vicee;Vicee Gummy;Consideration;Jan-26;TikTok;Nano;Nur anggraeni;Lifestyle;https://vt.tiktok.com/ZS5m2AH6c/;2.023;Rp833.000;88;88;11;3;4;0,89%;20,45%;4,35%;Rp9.465,91
HEALTH SUPPLEMENT;Vicee;Vicee Gummy;Consideration;Jan-26;TikTok;Nano;Nur intan jumala;Lifestyle;https://vt.tiktok.com/ZS5q3Wwgv/;1.008;Rp833.000;75;75;3;0;0;0,30%;4,00%;7,44%;Rp11.106,67
HEALTH SUPPLEMENT;Vicee;Vicee Gummy;Consideration;Jan-26;TikTok;Nano;Resha Rizky Awalia;Lifestyle;https://vt.tiktok.com/ZS5mms7Vh/;1.055;Rp833.000;140;172;6;1;2;0,85%;5,23%;16,30%;Rp4.843,02
HEALTH SUPPLEMENT;Vicee;Vicee Gummy;Consideration;Jan-26;TikTok;Nano;Shabila gadis;Lifestyle;https://vt.tiktok.com/ZS5mQg3Ey/;1.825;Rp833.000;128;148;14;4;4;1,21%;14,86%;8,11%;Rp5.628,38
HEALTH SUPPLEMENT;Vicee;Vicee Gummy;Consideration;Jan-26;TikTok;Nano;Tania;Lifestyle;https://vt.tiktok.com/ZS5sqACf5/;3.600;Rp833.000;72;318;11;4;0;0,42%;4,72%;8,83%;Rp2.619,50
HEALTH SUPPLEMENT;Vicee;Vicee Gummy;Consideration;Jan-26;TikTok;Nano;Tiara nuansa;Lifestyle;https://vt.tiktok.com/ZS5425u9f/;2.568;Rp833.000;52;69;36;0;4;1,56%;57,97%;2,69%;Rp12.072,46
HEALTH SUPPLEMENT;Vicee;Vicee Gummy;Consideration;Jan-26;TikTok;Nano;Vika ashari puteri;Lifestyle;https://vt.tiktok.com/ZS5mmC5bA/;8.133;Rp833.000;56;81;8;2;2;0,15%;14,81%;1,00%;Rp10.283,95
HEALTH SUPPLEMENT;Vicee;Vicee Gummy;Consideration;Jan-26;TikTok;Nano;Wahyu putri;Lifestyle;https://vt.tiktok.com/ZS5FrXTAn/;7.400;Rp833.000;144;3.578;289;97;21;5,50%;11,38%;48,35%;Rp232,81
HEALTH SUPPLEMENT;Vicee;Vicee Gummy;Consideration;Jan-26;TikTok;Nano;kellydwy;Lifestyle;https://www.tiktok.com/@kellydwy/video/7589610118996561173?utm_campaign=tt4d_open_api&utm_source=awtsed5i9xzgi8ph;2.307;Rp833.000;566;736;239;19;6;11,44%;35,87%;31,90%;Rp1.131,79
HEALTH SUPPLEMENT;Vicee;Vicee Gummy;Consideration;Jan-26;TikTok;Nano;Melinda Septian...;Lifestyle;https://www.tiktok.com/@melindaseptiani91/video/7589546228795362568?utm_campaign=tt4d_open_api&utm_source=awtsed5i9xzgi8ph;2.044;Rp833.000;275;364;61;45;31;6,70%;37,64%;17,81%;Rp2.288,46
HEALTH SUPPLEMENT;Vicee;Vicee Gummy;Consideration;Jan-26;TikTok;Nano;Diah Budiarti;Lifestyle;https://www.tiktok.com/@diahnitab/video/7589514727521373460?utm_campaign=tt4d_open_api&utm_source=awtsed5i9xzgi8ph;3.969;Rp833.000;2.800;3.213;140;71;50;6,58%;8,12%;80,95%;Rp259,26
HEALTH SUPPLEMENT;Vicee;Vicee Gummy;Consideration;Jan-26;TikTok;Nano;Junelzha Rikha;Lifestyle;https://www.tiktok.com/@junelzharikha/video/7589440315061259537?utm_campaign=tt4d_open_api&utm_source=awtsed5i9xzgi8ph;2.312;Rp833.000;283;330;123;16;4;6,19%;43,33%;14,27%;Rp2.524,24
HEALTH SUPPLEMENT;Vicee;Vicee Gummy;Consideration;Jan-26;TikTok;Nano;cheese;Lifestyle;https://www.tiktok.com/@chocomeltedcheese/video/7593684636841118984?utm_campaign=tt4d_open_api&utm_source=awtsed5i9xzgi8ph;3.313;Rp833.000;120;169;64;54;7;3,77%;73,96%;5,10%;Rp4.928,99
HEALTH SUPPLEMENT;Vicee;Vicee Gummy;Consideration;Jan-26;TikTok;Nano;ardiyaninf;Lifestyle;https://www.tiktok.com/@ardiyaninf/video/7594648826959514901?utm_campaign=tt4d_open_api&utm_source=awtsed5i9xzgi8ph;9.997;Rp833.000;2.000;2.122;255;1;8;2,64%;12,44%;21,23%;Rp392,55
HEALTH SUPPLEMENT;Vicee;Vicee Gummy;Consideration;Jan-26;TikTok;Nano;MARYVE90;Lifestyle;https://www.tiktok.com/@maryve903/video/7589433295096548626?utm_campaign=tt4d_open_api&utm_source=awtsed5i9xzgi8ph;4.947;Rp833.000;143;180;14;1;0;0,30%;8,33%;3,64%;Rp4.627,78
HEALTH SUPPLEMENT;Vicee;Vicee Gummy;Consideration;Jan-26;TikTok;Nano;Maegya;Lifestyle;https://www.tiktok.com/@maegiyaa/video/7594348426469330183?_r=1&_t=ZS-938M7ZUciHt;3.377;Rp833.000;125;1.813;150;0;0;4,44%;8,27%;53,69%;Rp459,46
HEALTH SUPPLEMENT;Vicee;Vicee Gummy;Consideration;Mar-26;Tiktok;Mega;Siti Badriah;Lifestyle;https://vt.tiktok.com/ZSuxQ9aU2/;7.000.000;Rp150.000.000;357.100;357.100;13.700;48;54;0,20%;3,87%;5,10%;Rp420,05
HEALTH SUPPLEMENT;Vicee;Vicee Gummy;Consideration;Mar-26;Tiktok;Macro;Hassan Alaydrus;Lifestyle;https://www.tiktok.com/@babamiwa/video/7618654919549046034;245.900;Rp42.000.000;1.619;1.619;157;1;2;0,07%;9,88%;0,66%;Rp25.941,94
HEALTH SUPPLEMENT;Vicee;Vicee Gummy;Consideration;Mar-26;Tiktok;Macro;Nina Zatulini;Lifestyle;https://vt.tiktok.com/ZSuyGA2x6/;605.200;Rp47.000.000;8.854;8.854;189;7;2;0,03%;2,24%;1,46%;Rp5.308,34
HEALTH SUPPLEMENT;Vicee;Vicee Gummy;Consideration;Mar-26;Tiktok;Macro;Merdi Octav;Lifestyle;https://www.tiktok.com/@merdioctav/video/7615843866079399188;423.800;Rp45.000.000;49.000;49.000;2.092;4;10;0,50%;4,30%;11,56%;Rp918,37
HEALTH SUPPLEMENT;Vicee;Vicee Gummy;Consideration;Mar-26;Tiktok;Macro;Patricia Devina;Lifestyle;https://vt.tiktok.com/ZSuBg9UDq/;104.500;Rp51.000.000;8.711;8.711;1.233;3;7;1,19%;14,27%;8,34%;Rp5.854,67
HEALTH SUPPLEMENT;Vicee;Vicee Gummy;Consideration;Mar-26;Tiktok;Micro;Asa Living;Lifestyle; https://www.tiktok.com/@asa_living/video/7613582450433838356?_r=1&_t=ZS-94QJt0mV4iL;78.100;Rp18.000.000;29.400;29.400;4.277;10;95;5,61%;14,90%;37,64%;Rp612,24
HEALTH SUPPLEMENT;Vicee;Vicee Gummy;Consideration;May-26;TikTok;Micro;Shannon Gabriella;Lifestyle;https://www.tiktok.com/@itsshannongbr/video/7644158644157713685?_r=1&_t=ZS-96gKNlF61A5;35.100;Rp30.000.000;443;738;35;2;1;0,11%;5,15%;2,10%;Rp40.650,41
HEALTH SUPPLEMENT;Vicee;Vicee Gummy;Consideration;May-26;TikTok;Mega;Imchika;Lifestyle;https://vt.tiktok.com/ZSxtSs2Rt/;2.300.000;Rp30.000.000;226.740;377.900;13.650;380;120;0,62%;3,74%;16,43%;Rp79,39
HEALTH SUPPLEMENT;Vicee;Vicee Sweetlets;Consideration;Mar-26;TikTok;Mega;Afry Rezky;Lifestyle;https://vt.tiktok.com/ZSuE3R25E/;1.700.000;Rp26.000.000;65.300;65.300;11.800;18;30;0,70%;18,14%;3,84%;Rp398,16
HEALTH SUPPLEMENT;Vicee;Vicee Sweetlets;Consideration;Mar-26;TikTok;Mega;Maxwell Salvador;Lifestyle;https://vt.tiktok.com/ZSuH9nHQ1/;1.300.000;Rp57.000.000;52.200;52.200;7.009;157;557;0,59%;14,80%;4,02%;Rp1.091,95
HEALTH SUPPLEMENT;Vicee;Vicee Sweetlets;Consideration;Mar-26;TikTok;Macro;Alicia Amaris;Lifestyle;https://vt.tiktok.com/ZSu96ssQu/;105.900;Rp21.000.000;93.000;93.000;6.435;48;140;6,25%;7,12%;87,82%;Rp225,81
HEALTH SUPPLEMENT;Vicee;Vicee Sweetlets;Consideration;May-26;TikTok;Mega;Alecya Veby;Lifestyle;https://vt.tiktok.com/ZSxGbcq3N/;1.421.500;Rp24.500.000;186.700;827.489;71.000;20;188;5,01%;8,61%;58,21%;Rp29,61
HEALTH SUPPLEMENT;Vicee;Vicee Sweetlets;Consideration;Jun-26;TikTok;Macro;Femi Maringka;Lifestyle;https://www.tiktok.com/@femimaringka/video/7652318059301997842?lang=en;135.900;Rp28.500.000;132.800;145.900;11.000;48;376;8,41%;7,83%;107,36%;Rp195,34
HEALTH SUPPLEMENT;Enervon;Enervon Fizz;Consideration;Apr-26;TikTok;Macro;murtwis01;Lifestyle;https://www.tiktok.com/@murtiws01/video/7634847738034654484?lang=en;577.500;Rp24.750.000;28.400;28.400;2.055;21;46;0,37%;7,47%;4,92%;Rp871,48
HEALTH SUPPLEMENT;Enervon;Enervon Fizz;Consideration;Feb-26;TikTok;Macro;marcelldarwin;Lifestyle;https://vt.tiktok.com/ZSuYP9Bdw/;713.400;Rp32.175.000;15.800;18.439;360;11;26;0,06%;2,15%;2,58%;Rp1.744,94
HEALTH SUPPLEMENT;Enervon;Enervon Fizz;Consideration;Feb-26;TikTok;Macro;meisyasallwa;Lifestyle;https://vt.tiktok.com/ZSuNVpBBT/;795.600;Rp51.150.000;1.300;1.657;76;2;8;0,01%;5,19%;0,21%;Rp30.869,04
HEALTH SUPPLEMENT;Enervon;Enervon Fizz;Consideration;Jun-26;TikTok;Macro;Dion Haryadi;Lifestyle;https://vt.tiktok.com/ZSCLfQuMG/;498.500;Rp20.000.000;6.500;8.285;420;4;78;0,10%;6,06%;1,66%;Rp2.414,00
HEALTH SUPPLEMENT;Enervon;Enervon Fizz;Consideration;Jun-26;TikTok;Macro;Mezty;Lifestyle;https://vt.tiktok.com/ZSQMGtdqP/;299.500;Rp31.350.000;23.200;33.000;46;1;4;0,02%;0,15%;11,02%;Rp950,00
HEALTH SUPPLEMENT;Enervon;Enervon Fizz;Consideration;Mar-26;Meta;Macro;Gofar Hilman;Lifestyle;https://www.instagram.com/reel/DViY1p3ksQ5/?utm_source=ig_web_copy_link&igsh=MzRlODBiNWFlZA==;131.000;Rp63.333.333;120.537;171.100;7.600;40;337;6,09%;4,66%;130,61%;Rp370,15
HEALTH SUPPLEMENT;Enervon;Enervon Fizz;Consideration;Mar-26;Meta;Macro;Gofar Hilman;Lifestyle;https://www.instagram.com/reel/DVigS-CEpef/?utm_source=ig_web_copy_link&igsh=MzRlODBiNWFlZA==;131.000;Rp63.333.333;261.402;179.915;5.500;167;245;4,51%;3,29%;137,34%;Rp352,02
HEALTH SUPPLEMENT;Enervon;Enervon Fizz;Consideration;Mar-26;TikTok;Macro;jejouw;Lifestyle;https://vt.tiktok.com/ZSHYYKEd8/;444.000;Rp150.000.000;135.900;135.900;17.800;65;386;4,11%;13,43%;30,61%;Rp1.103,75
HEALTH SUPPLEMENT;Enervon;Enervon Fizz;Consideration;May-26;TikTok;Macro;dr Ekida;Health;https://vt.tiktok.com/ZS9p5QggT/;416.000;Rp36.300.000;11.700;22.602;86;3;18;0,03%;0,47%;5,43%;Rp1.606,05
HEALTH SUPPLEMENT;Enervon;Enervon Fizz;Consideration;May-26;TikTok;Macro;Murtiws;Lifestyle;https://www.tiktok.com/@murtiws01/video/7634847738034654484?lang=en;577.500;Rp24.750.000;24.200;28.089;2.047;20;46;0,37%;7,52%;4,86%;Rp881,13
HEALTH SUPPLEMENT;Enervon;Enervon Fizz;Consideration;Feb-26;TikTok;Mega;dinda_ans;Lifestyle;https://vt.tiktok.com/ZSu6hGEDU/;12.400.000;Rp23.925.000;100.300;110.473;5.028;20;166;0,04%;4,72%;0,89%;Rp216,57
HEALTH SUPPLEMENT;Enervon;Enervon Fizz;Consideration;May-26;TikTok;Mega;Ricky Harun;Lifestyle;https://vt.tiktok.com/ZS9PRseKH/;1.900.000;Rp58.000.000;7.800;12.596;236;17;20;0,01%;2,17%;0,66%;Rp4.604,64
HEALTH SUPPLEMENT;Enervon;Enervon Fizz;Consideration;Apr-26;TikTok;Micro;akhmadhaidar09;Lifestyle;https://vt.tiktok.com/ZS9PRseKH/;33.300;Rp1.320.000;1.116;1.116;27;2;11;0,12%;3,58%;3,35%;Rp1.182,80
HEALTH SUPPLEMENT;Enervon;Enervon Fizz;Consideration;Feb-26;TikTok;Micro;nadbelinda;Lifestyle;https://vt.tiktok.com/ZSuyGKuPj/;37.000;Rp5.775.000;25.500;27.964;1.425;2;15;3,90%;5,16%;75,58%;Rp206,52
HEALTH SUPPLEMENT;Enervon;Enervon Fizz;Consideration;Feb-26;TikTok;Micro;dessy.jlta;Lifestyle;https://vt.tiktok.com/ZSuYHFW9T/;93.300;Rp10.725.000;4.400;5.214;261;1;17;0,30%;5,35%;5,59%;Rp2.056,96
HEALTH SUPPLEMENT;Enervon;Enervon Fizz;Consideration;Jun-26;TikTok;Micro;Katerine Wilson;Lifestyle;https://www.tiktok.com/@urbabykate/video/7646265612511104263?is_from_webapp=1&sender_device=pc;12.500;Rp1.050.000;342;428;201;0;0;1,61%;46,96%;3,42%;Rp2.453,27
HEALTH SUPPLEMENT;Enervon;Enervon Fizz;Consideration;Jun-26;TikTok;Micro;Selvy Putri;Lifestyle;https://www.tiktok.com/@selvyk/video/7653444852125895956?_r=1&_t=ZS-97N0NOxRvpn;13.100;Rp729.167;158;198;40;28;8;0,58%;38,38%;1,51%;Rp3.682,66
HEALTH SUPPLEMENT;Enervon;Enervon Fizz;Consideration;Jun-26;TikTok;Micro;Michelle Christy;Lifestyle;https://www.tiktok.com/@michelecristyy/video/7646270965382679815?is_from_webapp=1&sender_device=pc;35.000;Rp729.167;64;80;11;7;11;0,08%;36,25%;0,23%;Rp9.114,59
HEALTH SUPPLEMENT;Enervon;Enervon Fizz;Consideration;Jun-26;TikTok;Micro;Kus Khofifanti;Lifestyle;https://www.tiktok.com/@funteah/video/7656736079739096340?utm_campaign=tt4d_open_api&utm_source=awtsed5i9xzgi8ph;11.000;Rp729.167;334;417;116;4;5;1,14%;29,98%;3,79%;Rp1.748,60
HEALTH SUPPLEMENT;Enervon;Enervon Fizz;Consideration;Jun-26;TikTok;Micro;Aprilina Waruwu;Lifestyle;https://www.tiktok.com/@aprilinawa/video/7652080273101704455?utm_campaign=tt4d_open_api&utm_source=awtsed5i9xzgi8ph;15.400;Rp729.167;605;756;176;31;4;1,37%;27,91%;4,91%;Rp964,51
HEALTH SUPPLEMENT;Enervon;Enervon Fizz;Consideration;Jun-26;TikTok;Micro;Elga;Lifestyle;https://www.tiktok.com/@itz.ellga_/video/7646351019076488469?is_from_webapp=1&sender_device=pc;12.800;Rp729.167;64;80;9;1;9;0,15%;23,75%;0,63%;Rp9.114,59
HEALTH SUPPLEMENT;Enervon;Enervon Fizz;Consideration;Jun-26;TikTok;Micro;Jesslyn Elisa Kosasih;Lifestyle;https://www.tiktok.com/@jesslynelisakosasih/video/7654898382938426631?is_from_webapp=1&sender_device=pc;11.635;Rp729.167;94;118;12;0;0;0,10%;10,17%;1,01%;Rp6.179,38
HEALTH SUPPLEMENT;Enervon;Enervon Fizz;Consideration;Jun-26;TikTok;Micro;RD Putri;Lifestyle;https://www.tiktok.com/@urfavgirlsoon_/video/7656391544676650248?utm_campaign=tt4d_open_api&utm_source=awtsed5i9xzgi8ph;14.600;Rp729.167;103;129;11;0;0;0,08%;8,53%;0,88%;Rp5.652,46
HEALTH SUPPLEMENT;Enervon;Enervon Fizz;Consideration;Jun-26;TikTok;Micro;Rinjani Anita;Lifestyle;https://www.tiktok.com/@rinjanianita/video/7653833581822807316?is_from_webapp=1&sender_device=pc;13.100;Rp729.167;98;123;5;1;3;0,07%;7,32%;0,94%;Rp5.928,19
HEALTH SUPPLEMENT;Enervon;Enervon Fizz;Consideration;Jun-26;TikTok;Micro;Shyva Titania;Lifestyle;https://www.tiktok.com/@stitania/video/7657085087527324935?utm_campaign=tt4d_open_api&utm_source=awtsed5i9xzgi8ph;12.800;Rp729.167;35;44;3;0;0;0,02%;6,82%;0,34%;Rp16.571,98
HEALTH SUPPLEMENT;Enervon;Enervon Fizz;Consideration;Jun-26;TikTok;Micro;Tiara;Lifestyle;https://www.tiktok.com/@tiara__125/video/7646285536914623752?is_from_webapp=1&sender_device=pc;12.900;Rp729.167;2.255;2.819;149;23;7;1,39%;6,35%;21,85%;Rp258,66
HEALTH SUPPLEMENT;Enervon;Enervon Fizz;Consideration;Jun-26;TikTok;Micro;Chandra Wijaya;Lifestyle;https://www.tiktok.com/@chandraawjy_/video/7646338932099042580?is_from_webapp=1&sender_device=pc;24.200;Rp729.167;177;221;10;0;4;0,06%;6,33%;0,91%;Rp3.299,40
HEALTH SUPPLEMENT;Enervon;Enervon Fizz;Consideration;Jun-26;TikTok;Micro;Firdania Arifah;Lifestyle;https://www.tiktok.com/@firdaniaarfh/video/7651241692003110151?is_from_webapp=1&sender_device=pc&web_id=7409935392189679112;20.100;Rp729.167;122;153;7;0;1;0,04%;5,23%;0,76%;Rp4.765,80
HEALTH SUPPLEMENT;Enervon;Enervon Fizz;Consideration;Jun-26;TikTok;Micro;Dewi mayasari;Lifestyle;https://www.tiktok.com/@dewi_maya05/video/7646298566318755079?is_from_webapp=1&sender_device=pc;36.600;Rp729.167;1.897;2.371;112;1;3;0,32%;4,89%;6,48%;Rp307,54
HEALTH SUPPLEMENT;Enervon;Enervon Fizz;Consideration;Jun-26;TikTok;Micro;Olifya;Lifestyle;https://www.tiktok.com/@livythetic/video/7655100367155383572?is_from_webapp=1&sender_device=pc;10.400;Rp729.167;114;142;6;0;0;0,06%;4,23%;1,37%;Rp5.134,98
HEALTH SUPPLEMENT;Enervon;Enervon Fizz;Consideration;Jun-26;TikTok;Micro;Rezky Iskandar;Lifestyle;https://www.tiktok.com/@kyskndr/video/7654922293935656213?is_from_webapp=1&sender_device=pc;36.000;Rp729.167;194;243;10;0;0;0,03%;4,12%;0,68%;Rp3.000,69
HEALTH SUPPLEMENT;Enervon;Enervon Fizz;Consideration;Jun-26;TikTok;Micro;Shanon;Lifestyle;https://www.tiktok.com/@shanon_1208/video/7646006689103187220?is_from_webapp=1&sender_device=pc&web_id=7409935392189679112;10.700;Rp729.167;915;1.144;40;0;2;0,39%;3,67%;10,69%;Rp637,38
HEALTH SUPPLEMENT;Enervon;Enervon Fizz;Consideration;Jun-26;TikTok;Micro;Naila Bilbina;Lifestyle;https://www.tiktok.com/@causeyoulose/video/7652573563693649173?is_from_webapp=1&sender_device=pc;34.000;Rp729.167;2.886;3.607;110;2;1;0,33%;3,13%;10,61%;Rp202,15
HEALTH SUPPLEMENT;Enervon;Enervon Fizz;Consideration;Jun-26;TikTok;Micro;Rafi;Lifestyle;https://www.tiktok.com/@raff05_/video/7644108175502839048?is_from_webapp=1&sender_device=pc&web_id=7409935392189679112;16.300;Rp729.167;3.442;4.302;92;2;5;0,61%;2,30%;26,39%;Rp169,49
HEALTH SUPPLEMENT;Enervon;Enervon Fizz;Consideration;Mar-26;TikTok;Micro;milamiza;Lifestyle;https://www.tiktok.com/@milamiza00/video/7613538543574650120?utm_campaign=tt4d_open_api&utm_source=awtsed5i9xzgi8ph;12.077;Rp950.000;223;296;74;44;63;1,50%;61,15%;2,45%;Rp3.209,46
HEALTH SUPPLEMENT;Enervon;Enervon Fizz;Consideration;Mar-26;TikTok;Micro;Reynaldi Galuh Mulyana;Lifestyle;https://www.tiktok.com/@tipsmahasiswa/video/7613022311611911445?utm_campaign=tt4d_open_api&utm_source=awtsed5i9xzgi8ph;22.374;Rp950.000;351;426;32;13;22;0,30%;15,73%;1,90%;Rp2.230,05
HEALTH SUPPLEMENT;Enervon;Enervon Fizz;Consideration;Mar-26;TikTok;Micro;Ganis Alma Latifa;Lifestyle;https://www.tiktok.com/@latifalma/video/7613339729219685650?utm_campaign=tt4d_open_api&utm_source=awtsed5i9xzgi8ph;12.807;Rp950.000;303;425;23;0;2;0,20%;5,88%;3,32%;Rp2.235,29
HEALTH SUPPLEMENT;Enervon;Enervon Fizz;Consideration;Mar-26;TikTok;Micro;Rifa Salma Kamila;Lifestyle;https://www.tiktok.com/@222rifaa/video/7614165698612333832?utm_campaign=tt4d_open_api&utm_source=awtsed5i9xzgi8ph;11.441;Rp950.000;253;337;30;2;2;0,30%;10,09%;2,95%;Rp2.818,99
HEALTH SUPPLEMENT;Enervon;Enervon Fizz;Consideration;Mar-26;TikTok;Micro;Fadly Hidayat;Lifestyle;https://www.tiktok.com/@hidayatfd/video/7613193599710268692?utm_campaign=tt4d_open_api&utm_source=awtsed5i9xzgi8ph;18.893;Rp950.000;1.700;2.109;151;0;5;0,83%;7,40%;11,16%;Rp450,45
HEALTH SUPPLEMENT;Enervon;Enervon Fizz;Consideration;Mar-26;TikTok;Micro;Carine Nadiav;Lifestyle;https://www.tiktok.com/@carpybaraz/video/7613760516732751125?utm_campaign=tt4d_open_api&utm_source=awtsed5i9xzgi8ph;72.073;Rp950.000;424;514;39;2;3;0,06%;8,56%;0,71%;Rp1.848,25
HEALTH SUPPLEMENT;Enervon;Enervon Fizz;Consideration;Mar-26;TikTok;Micro;Nurita ef;Lifestyle;https://www.tiktok.com/@nuritarara/video/7613145126793219335?utm_campaign=tt4d_open_api&utm_source=awtsed5i9xzgi8ph;11.790;Rp950.000;167;491;17;3;6;0,22%;5,30%;4,16%;Rp1.934,83
HEALTH SUPPLEMENT;Enervon;Enervon Fizz;Consideration;Mar-26;TikTok;Micro;Rafa Ersa;Lifestyle;https://www.tiktok.com/@erswaldorf/video/7613639429881597202?utm_campaign=tt4d_open_api&utm_source=awtsed5i9xzgi8ph;22.278;Rp950.000;426;1.065;206;1;57;1,19%;24,79%;4,78%;Rp892,02
HEALTH SUPPLEMENT;Enervon;Enervon Fizz;Consideration;Mar-26;TikTok;Micro;Aji Dwi Prasetyo;Lifestyle;https://www.tiktok.com/@adwi.pr/video/7614407636523568392?utm_campaign=tt4d_open_api&utm_source=awtsed5i9xzgi8ph;11.731;Rp950.000;545;630;16;1;6;0,20%;3,65%;5,37%;Rp1.507,94
HEALTH SUPPLEMENT;Enervon;Enervon Fizz;Consideration;Mar-26;TikTok;Micro;Agung Tommy;Lifestyle;https://www.tiktok.com/@fevereating/video/7614359896150035733?utm_campaign=tt4d_open_api&utm_source=awtsed5i9xzgi8ph;17.760;Rp950.000;274;468;16;8;12;0,20%;7,69%;2,64%;Rp2.029,91
HEALTH SUPPLEMENT;Enervon;Enervon Fizz;Consideration;Mar-26;TikTok;Micro;Nurman Sidik;Lifestyle;https://www.tiktok.com/@reviewbymanz/video/7613996394931571986?utm_campaign=tt4d_open_api&utm_source=awtsed5i9xzgi8ph;12.326;Rp950.000;1.500;1.807;129;1;17;1,19%;8,14%;14,66%;Rp525,73
HEALTH SUPPLEMENT;Enervon;Enervon Fizz;Consideration;Mar-26;TikTok;Micro;Nur Lina;Lifestyle;https://www.tiktok.com/@heiina1_/video/7614125832000359700?utm_campaign=tt4d_open_api&utm_source=awtsed5i9xzgi8ph;10.153;Rp950.000;3.700;5.592;268;29;37;3,29%;5,97%;55,08%;Rp169,89
HEALTH SUPPLEMENT;Enervon;Enervon Fizz;Consideration;Mar-26;TikTok;Micro;Ficky Taufik Hidayat;Lifestyle;https://www.tiktok.com/@kamilahfickychannel/video/7614785343472094472?utm_campaign=tt4d_open_api&utm_source=awtsed5i9xzgi8ph;29.999;Rp950.000;9.700;12.622;527;12;14;1,84%;4,38%;42,07%;Rp75,27
HEALTH SUPPLEMENT;Enervon;Enervon Fizz;Consideration;Mar-26;TikTok;Micro;chacha peregerin;Lifestyle;https://www.tiktok.com/@oktavianac/video/7614928861117074706?utm_campaign=tt4d_open_api&utm_source=awtsed5i9xzgi8ph;22.462;Rp950.000;1.700;1.847;22;15;15;0,23%;2,82%;8,22%;Rp514,35
HEALTH SUPPLEMENT;Enervon;Enervon Fizz;Consideration;Mar-26;TikTok;Micro;Elokclaraa;Lifestyle;https://www.tiktok.com/@elokclaraa/video/7614099262477012232?utm_campaign=tt4d_open_api&utm_source=awtsed5i9xzgi8ph;15.122;Rp950.000;2.300;2.411;61;2;16;0,52%;3,28%;15,94%;Rp394,03
HEALTH SUPPLEMENT;Enervon;Enervon Fizz;Consideration;Mar-26;TikTok;Micro;Silvia Ratu Pitaloka;Lifestyle;https://www.tiktok.com/@silviaratuu/video/7614435684937436436?utm_campaign=tt4d_open_api&utm_source=awtsed5i9xzgi8ph;35.399;Rp950.000;1.300;1.391;96;1;4;0,29%;7,26%;3,93%;Rp682,96
HEALTH SUPPLEMENT;Enervon;Enervon Fizz;Consideration;Mar-26;TikTok;Micro;Diajeng Melati S;Lifestyle;https://www.tiktok.com/@ajeeengms/video/7614305546946006290?utm_campaign=tt4d_open_api&utm_source=awtsed5i9xzgi8ph;10.047;Rp950.000;1.400;1.852;108;13;8;1,28%;6,97%;18,43%;Rp512,96
HEALTH SUPPLEMENT;Enervon;Enervon Fizz;Consideration;Mar-26;TikTok;Micro;Eka Rukmanasari;Lifestyle;https://www.tiktok.com/@hellow_saa/video/7613656782774340871?utm_campaign=tt4d_open_api&utm_source=awtsed5i9xzgi8ph;69.811;Rp950.000;493;643;55;2;3;0,09%;9,33%;0,92%;Rp1.477,45
HEALTH SUPPLEMENT;Enervon;Enervon Fizz;Consideration;Mar-26;TikTok;Micro;Rahmadilla Putri Berliana;Lifestyle;https://www.tiktok.com/@b.eerly/video/7614082694112120085?utm_campaign=tt4d_open_api&utm_source=awtsed5i9xzgi8ph;11.870;Rp950.000;269;2.321;16;1;42;0,50%;2,54%;19,55%;Rp409,31
HEALTH SUPPLEMENT;Enervon;Enervon Fizz;Consideration;Mar-26;TikTok;Micro;Annisa Nurma Utami;Lifestyle;https://www.tiktok.com/@annisanuuu/video/7613220983754722568?utm_campaign=tt4d_open_api&utm_source=awtsed5i9xzgi8ph;31.315;Rp950.000;466;596;15;0;0;0,05%;2,52%;1,90%;Rp1.593,96
HEALTH SUPPLEMENT;Enervon;Enervon Fizz;Consideration;Mar-26;TikTok;Micro;EGI SUANDI;Lifestyle;https://www.tiktok.com/@egisuandi/video/7613997937831496976?utm_campaign=tt4d_open_api&utm_source=awtsed5i9xzgi8ph;39.868;Rp950.000;256;300;15;2;2;0,05%;6,33%;0,75%;Rp3.166,67
HEALTH SUPPLEMENT;Enervon;Enervon Fizz;Consideration;Mar-26;TikTok;Micro;Feby Asriani;Lifestyle;https://www.tiktok.com/@febyasr_/video/7613628516587883796?utm_campaign=tt4d_open_api&utm_source=awtsed5i9xzgi8ph;21.953;Rp950.000;2.500;2.672;118;1;3;0,56%;4,57%;12,17%;Rp355,54
HEALTH SUPPLEMENT;Enervon;Enervon Fizz;Consideration;Mar-26;TikTok;Micro;DODY SENJAYA;Lifestyle;https://www.tiktok.com/@langkahdody/video/7613398517016579336?utm_campaign=tt4d_open_api&utm_source=awtsed5i9xzgi8ph;98.460;Rp950.000;4.900;6.583;347;5;36;0,39%;5,89%;6,69%;Rp144,31
HEALTH SUPPLEMENT;Enervon;Enervon Fizz;Consideration;Mar-26;TikTok;Micro;Irma Puspitasari;Lifestyle;https://www.tiktok.com/@irma_puspitasari/video/7614864104582335765?is_from_webapp=1&sender_device=pc;238.400;Rp950.000;43.000;48.570;1.532;17;103;0,69%;3,40%;20,37%;Rp19,56
HEALTH SUPPLEMENT;Enervon;Enervon Fizz;Consideration;Mar-26;TikTok;Micro;Mustami Rosyidah;Lifestyle;https://www.tiktok.com/@mustamiirrosyidah/video/7614897266654219541?is_from_webapp=1&sender_device=pc;10.400;Rp950.000;4.255;4.255;215;14;13;2,33%;5,69%;40,91%;Rp223,27
HEALTH SUPPLEMENT;Enervon;Enervon Fizz;Consideration;Mar-26;TikTok;Micro;Nabila Awanda;Lifestyle;https://www.tiktok.com/@aw.ann/video/7615095430082301191?is_from_webapp=1&sender_device=pc;12.600;Rp950.000;209;258;305;0;0;2,42%;118,22%;2,05%;Rp3.682,17
HEALTH SUPPLEMENT;Enervon;Enervon Fizz;Consideration;Mar-26;TikTok;Micro;Fani;Lifestyle;https://www.tiktok.com/@byfa.ni/video/7615167933009972501?is_from_webapp=1&sender_device=pc;12.800;Rp950.000;1.800;2.030;20;0;5;0,20%;1,23%;15,86%;Rp467,98
HEALTH SUPPLEMENT;Enervon;Enervon Fizz;Consideration;Mar-26;TikTok;Micro;Karisma Nurhady;Lifestyle;https://www.tiktok.com/@karismanhdy_/video/7615180824756981012?is_from_webapp=1&sender_device=pc;12.300;Rp950.000;252;281;8;4;0;0,10%;4,27%;2,28%;Rp3.380,78
HEALTH SUPPLEMENT;Enervon;Enervon Fizz;Consideration;Mar-26;TikTok;Micro;Adim Miftah;Lifestyle;https://www.tiktok.com/@adimmiftah/video/7615189203399413000?utm_campaign=tt4d_open_api&utm_source=awtsed5i9xzgi8ph;26.673;Rp950.000;668;915;9;0;1;0,04%;1,09%;3,43%;Rp1.038,25
HEALTH SUPPLEMENT;Enervon;Enervon Fizz;Consideration;Mar-26;TikTok;Micro;Mutiyaa;Lifestyle;https://www.tiktok.com/@mutiyamutya/video/7615493642496658708?utm_campaign=tt4d_open_api&utm_source=awtsed5i9xzgi8ph;11.380;Rp950.000;95;499;3;6;8;0,15%;3,41%;4,38%;Rp1.903,81
HEALTH SUPPLEMENT;Enervon;Enervon Fizz;Consideration;Mar-26;TikTok;Micro;Syarah Larasaty;Lifestyle;https://www.tiktok.com/@sesisarah31/video/7615559587650866439?utm_campaign=tt4d_open_api&utm_source=awtsed5i9xzgi8ph;12.656;Rp950.000;467;704;115;0;1;0,92%;16,48%;5,56%;Rp1.349,43
HEALTH SUPPLEMENT;Enervon;Enervon Fizz;Consideration;Mar-26;TikTok;Micro;Mya Oktarina;Lifestyle;https://www.tiktok.com/@myaoktarina/video/7615962060043586836?is_from_webapp=1&sender_device=pc&web_id=7409935392189679112;11.057;Rp950.000;155;189;11;1;6;0,16%;9,52%;1,71%;Rp5.026,46
HEALTH SUPPLEMENT;Enervon;Enervon Fizz;Consideration;Mar-26;Instagram;Micro;Do You See What I See;Lifestyle;https://www.instagram.com/p/DVVp-iQAYSO/;27.100;Rp13.833.333;3.376;4.278;44;4;14;0,23%;1,45%;15,79%;Rp3.233,60
HEALTH SUPPLEMENT;Enervon;Enervon Fizz;Consideration;Mar-26;Instagram;Micro;Detective Aldo;Lifestyle;https://www.instagram.com/rivaldosantosa/;58.000;Rp21.250.000;7.121;10.702;534;4;34;0,99%;5,34%;18,45%;Rp1.985,61
HEALTH SUPPLEMENT;Enervon;Enervon Fizz;Consideration;May-26;TikTok;Micro;dr. Akhamad Haidar;Lifestyle;https://vt.tiktok.com/ZS9PRseKH/;33.300;Rp1.320.000;291;1.129;27;2;11;0,12%;3,54%;3,39%;Rp1.169,18
HEALTH SUPPLEMENT;Enervon;Enervon Fizz;Consideration;May-26;TikTok;Micro;ficky taufik hidayat;Lifestyle;https://www.tiktok.com/@kamilahfickychannel/video/7638583384540843272?is_from_webapp=1&sender_device=pc&web_id=7611362116235740689;35.000;Rp950.000;16.000;20.333;503;10;14;1,51%;2,59%;58,09%;Rp46,72
HEALTH SUPPLEMENT;Enervon;Enervon Fizz;Consideration;May-26;TikTok;Micro;Anisa aryanti;Lifestyle;https://vt.tiktok.com/ZSQ1mLYuD/;11.000;Rp950.000;6.800;8.222;595;20;13;5,71%;7,64%;74,75%;Rp115,54
HEALTH SUPPLEMENT;Enervon;Enervon Fizz;Consideration;May-26;TikTok;Micro;Maria Celcifiana;Lifestyle;https://vt.tiktok.com/ZSxEV28cv/;15.400;Rp950.000;7.700;7.896;450;3;9;3,00%;5,85%;51,27%;Rp120,31
HEALTH SUPPLEMENT;Enervon;Enervon Fizz;Consideration;May-26;TikTok;Micro;Vennessa Krisma;Lifestyle;https://vt.tiktok.com/ZS94cvBgK/;12.800;Rp950.000;4.200;5.477;106;0;23;1,01%;2,36%;42,79%;Rp173,45
HEALTH SUPPLEMENT;Enervon;Enervon Fizz;Consideration;May-26;TikTok;Micro;Patrice Vianca;Lifestyle;https://vt.tiktok.com/ZSQhGaK1H/;11.635;Rp950.000;2.400;3.013;151;0;13;1,41%;5,44%;25,90%;Rp315,30
HEALTH SUPPLEMENT;Enervon;Enervon Fizz;Consideration;May-26;TikTok;Micro;Ades Kelvin;Lifestyle;https://vt.tiktok.com/ZSxotFCoB/;14.600;Rp950.000;1.900;2.837;108;2;4;0,78%;4,02%;19,43%;Rp334,86
HEALTH SUPPLEMENT;Enervon;Enervon Fizz;Consideration;May-26;TikTok;Micro;Marisha Gabrila Sutanto;Lifestyle;https://vt.tiktok.com/ZSxb1pNcy/;13.100;Rp950.000;2.500;2.751;110;2;14;0,96%;4,58%;21,00%;Rp345,33
HEALTH SUPPLEMENT;Enervon;Enervon Fizz;Consideration;May-26;TikTok;Micro;tiara__125;Lifestyle;https://vt.tiktok.com/ZSxvkCqHj/;12.800;Rp950.000;897;2.532;134;23;12;1,32%;6,67%;19,78%;Rp375,20
HEALTH SUPPLEMENT;Enervon;Enervon Fizz;Consideration;May-26;TikTok;Micro;Patricia Purnama;Lifestyle;https://vt.tiktok.com/ZS9oadWf4/;12.900;Rp950.000;2.100;2.496;149;14;21;1,43%;7,37%;19,35%;Rp380,61
HEALTH SUPPLEMENT;Enervon;Enervon Fizz;Consideration;May-26;TikTok;Micro;Bintang Jasmine;Lifestyle;https://vt.tiktok.com/ZSxv6Po1B/;24.200;Rp950.000;2.200;2.375;428;25;30;2,00%;20,34%;9,81%;Rp400,00
HEALTH SUPPLEMENT;Enervon;Enervon Fizz;Consideration;May-26;TikTok;Micro;Selvi okta;Lifestyle;https://vt.tiktok.com/ZS9tmqJec/;20.100;Rp950.000;3.015;2.200;151;1;13;0,82%;7,50%;10,95%;Rp431,82
HEALTH SUPPLEMENT;Enervon;Enervon Fizz;Consideration;May-26;TikTok;Micro;Dewi mayasari;Lifestyle;https://vt.tiktok.com/ZSxvk4gyL/;36.600;Rp950.000;43;2.200;98;1;4;0,28%;4,68%;6,01%;Rp431,82
HEALTH SUPPLEMENT;Enervon;Enervon Fizz;Consideration;May-26;TikTok;Micro;Dwi Rizky;Lifestyle;https://vt.tiktok.com/ZSQN6mmNw/;10.400;Rp950.000;1.900;2.133;101;7;12;1,15%;5,63%;20,51%;Rp445,38
HEALTH SUPPLEMENT;Enervon;Enervon Fizz;Consideration;May-26;TikTok;Micro;Silvia Ratu Pitaloka;Lifestyle;https://vt.tiktok.com/ZSQM6AwE4/;36.000;Rp950.000;213;2.106;9;0;3;0,03%;0,57%;5,85%;Rp451,09
HEALTH SUPPLEMENT;Enervon;Enervon Fizz;Consideration;May-26;TikTok;Micro;chacha peregrin;Lifestyle;https://vt.tiktok.com/ZSxEUjHd7/;10.700;Rp950.000;1.570;1.670;39;31;55;1,17%;7,49%;15,61%;Rp568,86
HEALTH SUPPLEMENT;Enervon;Enervon Fizz;Consideration;May-26;TikTok;Micro;Septia angraini;Lifestyle;https://vt.tiktok.com/ZSxtfCY9c/;34.000;Rp950.000;1.200;1.498;19;2;8;0,09%;1,94%;4,41%;Rp634,18
HEALTH SUPPLEMENT;Enervon;Enervon Fizz;Consideration;May-26;TikTok;Micro;Yesi Meriana Silva;Lifestyle;https://vt.tiktok.com/ZS94KHFQT/;16.300;Rp950.000;1.200;1.445;50;6;16;0,44%;4,98%;8,87%;Rp657,44
HEALTH SUPPLEMENT;Enervon;Enervon Fizz;Consideration;May-26;TikTok;Micro;Katerine Wilson;Lifestyle;https://vt.tiktok.com/ZSxv14ys7/;12.100;Rp950.000;649;1.193;117;0;1;0,98%;9,89%;9,86%;Rp796,31
HEALTH SUPPLEMENT;Enervon;Enervon Fizz;Consideration;May-26;TikTok;Micro;Gandhies fitriah damayanti;Lifestyle;https://vt.tiktok.com/ZSxEAsDJA/;14.800;Rp950.000;699;971;44;2;4;0,34%;5,15%;6,56%;Rp978,37
HEALTH SUPPLEMENT;Enervon;Enervon Fizz;Consideration;May-26;TikTok;Micro;audriana felicia;Lifestyle;https://vt.tiktok.com/ZSxQmjPht/;15.600;Rp950.000;476;686;20;1;3;0,15%;3,50%;4,40%;Rp1.384,84
HEALTH SUPPLEMENT;Enervon;Enervon Fizz;Consideration;May-26;TikTok;Micro;Carine nadiav;Lifestyle;https://www.tiktok.com/@carpybaraz/video/7635195952327904519?is_from_webapp=1&sender_device=pc&web_id=7409935392189679112;11.600;Rp950.000;439;561;34;7;2;0,37%;7,66%;4,84%;Rp1.693,40
HEALTH SUPPLEMENT;Enervon;Enervon Fizz;Consideration;May-26;TikTok;Micro;aleeiyaa;Lifestyle;https://www.tiktok.com/@ale.iya.apa/video/7640469320950254856?is_from_webapp=1&sender_device=pc&web_id=7409935392189679112;14.600;Rp950.000;260;401;9;0;1;0,07%;2,49%;2,75%;Rp2.369,08
HEALTH SUPPLEMENT;Enervon;Enervon Fizz;Consideration;May-26;TikTok;Micro;aras;Lifestyle;https://vt.tiktok.com/ZS9noyaRf/;12.200;Rp950.000;99;393;32;27;64;1,01%;31,30%;3,22%;Rp2.417,30
HEALTH SUPPLEMENT;Enervon;Enervon Fizz;Consideration;May-26;TikTok;Micro;Renaldo Sihombing;Lifestyle;https://vt.tiktok.com/ZSxEhWLvV/;29.900;Rp950.000;265;341;17;1;0;0,06%;5,28%;1,14%;Rp2.785,92
HEALTH SUPPLEMENT;Enervon;Enervon Fizz;Consideration;May-26;TikTok;Micro;HANA RAMADHANTY;Lifestyle;https://vt.tiktok.com/ZSxESqneF/;10.200;Rp950.000;245;298;18;7;9;0,33%;11,41%;2,92%;Rp3.187,92
HEALTH SUPPLEMENT;Enervon;Enervon Fizz;Consideration;May-26;TikTok;Micro;fauziah faisal;Lifestyle;https://vt.tiktok.com/ZS9tbxc5H/;12.000;Rp950.000;350;293;20;14;20;0,45%;18,43%;2,44%;Rp3.242,32
HEALTH SUPPLEMENT;Enervon;Enervon Fizz;Consideration;May-26;TikTok;Micro;jessica pingkan;Lifestyle;https://vt.tiktok.com/ZS94WPtW5/;65.800;Rp950.000;80;251;17;0;2;0,03%;7,57%;0,38%;Rp3.784,86
HEALTH SUPPLEMENT;Enervon;Enervon Fizz;Consideration;May-26;TikTok;Micro;m.danielmaulana;Lifestyle;https://vt.tiktok.com/ZSxQHGojF/;36.500;Rp950.000;118;231;11;1;2;0,04%;6,06%;0,63%;Rp4.112,55
HEALTH SUPPLEMENT;Enervon;Enervon Fizz;Consideration;May-26;TikTok;Micro;Maria Virly;Lifestyle;https://vt.tiktok.com/ZS9tgcN3C/;24.700;Rp950.000;200;200;3;0;2;0,02%;2,50%;0,81%;Rp4.750,00
HEALTH SUPPLEMENT;Enervon;Enervon Fizz;Consideration;May-26;TikTok;Micro;chandraawjy_;Lifestyle;https://vt.tiktok.com/ZSxvXrL7y/;14.500;Rp950.000;169;171;9;0;4;0,09%;7,60%;1,18%;Rp5.555,56
HEALTH SUPPLEMENT;Enervon;Enervon Fizz;Consideration;May-26;TikTok;Micro;Olga Clarissa w;Lifestyle;https://vt.tiktok.com/ZSxqfgJXN/;17.500;Rp950.000;108;167;9;5;3;0,10%;10,18%;0,95%;Rp5.688,62
HEALTH SUPPLEMENT;Enervon;Enervon Fizz;Consideration;May-26;TikTok;Micro;Sharon monica;Lifestyle;https://www.tiktok.com/@sharonkho02/video/7640811303954615570?is_from_webapp=1&sender_device=pc&web_id=7409935392189679112;14.100;Rp950.000;103;140;7;0;0;0,05%;5,00%;0,99%;Rp6.785,71
HEALTH SUPPLEMENT;Enervon;Enervon Fizz;Consideration;May-26;TikTok;Micro;reviewanggunhs;Lifestyle;https://vt.tiktok.com/ZS947xEjt/;10.300;Rp950.000;92;139;5;0;3;0,08%;5,76%;1,35%;Rp6.834,53
HEALTH SUPPLEMENT;Enervon;Enervon Fizz;Consideration;May-26;TikTok;Micro;Zulfikri Sukma;Lifestyle;https://www.tiktok.com/@zulfikrisukma/video/7641092729358798088?is_from_webapp=1&sender_device=pc;10.000;Rp950.000;119;139;8;1;4;0,13%;9,35%;1,39%;Rp6.834,53
HEALTH SUPPLEMENT;Enervon;Enervon Fizz;Consideration;May-26;TikTok;Micro;Diah Ayu Oktaviayanti;Lifestyle;https://vt.tiktok.com/ZS9Vhj2n7/;28.000;Rp950.000;85;118;19;11;21;0,18%;43,22%;0,42%;Rp8.050,85
HEALTH SUPPLEMENT;Enervon;Enervon Fizz;Consideration;May-26;TikTok;Micro;dailyofsyf;Lifestyle;https://vt.tiktok.com/ZSxr9JTPb/;11.700;Rp950.000;75;100;8;4;2;0,12%;14,00%;0,85%;Rp9.500,00
HEALTH SUPPLEMENT;Enervon;Enervon Fizz;Consideration;May-26;TikTok;Micro;Edwin syahril sidiq;Lifestyle;https://vt.tiktok.com/ZSxQK4W6Q/;13.400;Rp950.000;64;90;5;0;6;0,08%;12,22%;0,67%;Rp10.555,56
HEALTH SUPPLEMENT;Enervon;Enervon Fizz;Consideration;May-26;TikTok;Micro;fadly hidayat;Lifestyle;https://vt.tiktok.com/ZSxcqAjm1/;15.500;Rp950.000;84;84;5;0;1;0,04%;7,14%;0,54%;Rp11.309,52
HEALTH SUPPLEMENT;Enervon;Enervon Fizz;Consideration;May-26;TikTok;Micro;Rihyuna;Lifestyle;https://www.tiktok.com/@rihyuna/video/7640871445454671112?is_from_webapp=1&sender_device=pc&web_id=7409935392189679112;10.500;Rp950.000;66;81;14;9;9;0,30%;39,51%;0,77%;Rp11.728,40
HEALTH SUPPLEMENT;Enervon;Enervon Fizz;Consideration;May-26;TikTok;Micro;Sella Christy;Lifestyle;https://vt.tiktok.com/ZSx19M8sw/;29.000;Rp950.000;58;76;5;0;0;0,02%;6,58%;0,26%;Rp12.500,00
HEALTH SUPPLEMENT;Enervon;Enervon Fizz;Consideration;May-26;TikTok;Micro;Alex effendhy;Lifestyle;https://www.tiktok.com/@alex_bule/video/7644925978149620999?is_from_webapp=1&sender_device=pc&web_id=7409935392189679112;11.400;Rp950.000;35;44;3;2;2;0,06%;15,91%;0,39%;Rp21.590,91
HEALTH SUPPLEMENT;Enervon;Enervon Fizz;Consideration;Jun-26;TikTok;Nano;Paul Christian;Lifestyle;https://www.tiktok.com/@paul_cl92/video/7652213289824357652?is_from_webapp=1&sender_device=pc;1.153;Rp729.167;266;332;41;75;25;12,23%;42,47%;28,79%;Rp2.196,29
HEALTH SUPPLEMENT;Enervon;Enervon Fizz;Consideration;Jun-26;TikTok;Nano;Rizka Annisa;Lifestyle;https://www.tiktok.com/@ikaaans9/video/7646384025443110165?is_from_webapp=1&sender_device=pc&web_id=7409935392189679112;2.625;Rp729.167;67;84;21;1;1;0,88%;27,38%;3,20%;Rp8.680,56
HEALTH SUPPLEMENT;Enervon;Enervon Fizz;Consideration;Jun-26;TikTok;Nano;Sharen;Lifestyle;https://www.tiktok.com/@sheseaalss/video/7652339439032749332?is_from_webapp=1&sender_device=pc;2.000;Rp729.167;270;337;39;25;15;3,95%;23,44%;16,85%;Rp2.163,70
HEALTH SUPPLEMENT;Enervon;Enervon Fizz;Consideration;Jun-26;TikTok;Nano;Bintang Jasmine;Lifestyle;https://www.tiktok.com/@soerayach/video/7646290793266711829?is_from_webapp=1&sender_device=pc;1.200;Rp729.167;1.968;2.460;432;25;11;39,00%;19,02%;205,00%;Rp296,41
HEALTH SUPPLEMENT;Enervon;Enervon Fizz;Consideration;Jun-26;TikTok;Nano;Vinnia Putri;Lifestyle;https://www.tiktok.com/@vinniaptr_/video/7654458687540563208?utm_campaign=tt4d_open_api&utm_source=awtsed5i9xzgi8ph;5.732;Rp729.167;223;279;38;0;0;0,66%;13,62%;4,87%;Rp2.613,50
HEALTH SUPPLEMENT;Enervon;Enervon Fizz;Consideration;Jun-26;TikTok;Nano;Kevin Yudistira;Lifestyle;https://www.tiktok.com/@key_yta/video/7654933892419374354?is_from_webapp=1&sender_device=pc;4.932;Rp729.167;478;598;63;0;2;1,32%;10,87%;12,12%;Rp1.219,34
HEALTH SUPPLEMENT;Enervon;Enervon Fizz;Consideration;Jun-26;TikTok;Nano;Susi Oktavya;Lifestyle;https://www.tiktok.com/@susioktavya/video/7656493109592755477?is_from_webapp=1&sender_device=pc&web_id=7409935392189679112;1.000;Rp729.167;85;106;8;2;1;1,10%;10,38%;10,60%;Rp6.878,93
HEALTH SUPPLEMENT;Enervon;Enervon Fizz;Consideration;Jun-26;TikTok;Nano;Rifa Salma Kamila;Lifestyle;https://www.tiktok.com/@222rifaa/video/7656355119394557192?utm_campaign=tt4d_open_api&utm_source=awtsed5i9xzgi8ph;4.015;Rp729.167;138;173;13;0;0;0,32%;7,51%;4,31%;Rp4.214,84
HEALTH SUPPLEMENT;Enervon;Enervon Fizz;Consideration;Jun-26;TikTok;Nano;Rakha Gandawa Kusuma;Lifestyle;https://www.tiktok.com/@rakhagandawa_/video/7652778445046369557?is_from_webapp=1&sender_device=pc;2.508;Rp729.167;82;102;5;1;1;0,28%;6,86%;4,07%;Rp7.148,70
HEALTH SUPPLEMENT;Enervon;Enervon Fizz;Consideration;Jun-26;TikTok;Nano;Risna Oktavia;Lifestyle;https://www.tiktok.com/@risnaoktaviahardanik/video/7656358639782923527?utm_campaign=tt4d_open_api&utm_source=awtsed5i9xzgi8ph;6.166;Rp729.167;14;17;1;0;0;0,02%;5,88%;0,28%;Rp42.892,18
HEALTH SUPPLEMENT;Enervon;Enervon Fizz;Consideration;Jun-26;TikTok;Nano;Marsya Nur B;Lifestyle;https://www.tiktok.com/@syaa.bai/video/7650430328158342418?is_from_webapp=1&sender_device=pc;8.230;Rp729.167;139;174;5;0;3;0,10%;4,60%;2,11%;Rp4.190,61
HEALTH SUPPLEMENT;Enervon;Enervon Fizz;Consideration;Jun-26;TikTok;Nano;Hidayat F;Lifestyle;https://www.tiktok.com/@hidayatfd/video/7646464986964970772?is_from_webapp=1&sender_device=pc&web_id=7409935392189679112;2.952;Rp729.167;242;303;12;0;0;0,41%;3,96%;10,26%;Rp2.406,49
HEALTH SUPPLEMENT;Enervon;Enervon Fizz;Consideration;Jun-26;TikTok;Nano;Jessi Agustina;Lifestyle;https://www.tiktok.com/@jessi_agstina/video/7653033064762707220?is_from_webapp=1&sender_device=pc;6.300;Rp729.167;61;76;3;0;0;0,05%;3,95%;1,21%;Rp9.594,30
HEALTH SUPPLEMENT;Enervon;Enervon Fizz;Consideration;Jun-26;TikTok;Nano;Desi Permata;Lifestyle;https://www.tiktok.com/@desiipermaataa/video/7652313052389444871?is_from_webapp=1&sender_device=pc&web_id=7409935392189679112;1.223;Rp729.167;170;212;6;0;0;0,49%;2,83%;17,33%;Rp3.439,47
HEALTH SUPPLEMENT;Enervon;Enervon Fizz;Consideration;Jun-26;TikTok;Nano;Fetri Nur;Lifestyle;https://www.tiktok.com/@fetrinp/video/7650379019610754324?_r=1&_t=ZS-978p97TFSDp;5.000;Rp729.167;1.359;1.699;22;0;15;0,74%;2,18%;33,98%;Rp429,17
HEALTH SUPPLEMENT;Enervon;Enervon Fizz;Consideration;Jun-26;TikTok;Nano;Septia Anggraini;Lifestyle;https://www.tiktok.com/@sicant1k___/video/7645702935636135175?is_from_webapp=1&sender_device=pc;3.274;Rp729.167;1.245;1.556;20;2;6;0,86%;1,80%;47,53%;Rp468,62
HEALTH SUPPLEMENT;Enervon;Enervon Fizz;Consideration;Jun-26;TikTok;Nano;Fauziah Faisal;Lifestyle;https://www.tiktok.com/@moodciaa/video/7651201726929702165?is_from_webapp=1&sender_device=pc&web_id=7409935392189679112;1.099;Rp729.167;796;995;8;0;1;0,82%;0,90%;90,54%;Rp732,83
HEALTH SUPPLEMENT;Enervon;Enervon Fizz;Consideration;May-26;TikTok;Nano;Yulita mahardini;Lifestyle;https://vt.tiktok.com/ZSxqBPV8a/;2.625;Rp950.000;53;6.770;939;31;4;37,10%;14,39%;257,90%;Rp140,32
HEALTH SUPPLEMENT;Enervon;Enervon Fizz;Consideration;May-26;TikTok;Nano;Tasia Dian Putri;Lifestyle;https://vt.tiktok.com/ZS94nuLd6/;2.000;Rp950.000;2.300;4.744;86;2;14;5,10%;2,15%;237,20%;Rp200,25
HEALTH SUPPLEMENT;Enervon;Enervon Fizz;Consideration;May-26;TikTok;Nano;Novitry Gani;Lifestyle;https://vt.tiktok.com/ZSQ8Lph8M/;1.200;Rp950.000;2.900;3.993;257;33;33;26,92%;8,09%;332,75%;Rp237,92
HEALTH SUPPLEMENT;Enervon;Enervon Fizz;Consideration;May-26;TikTok;Nano;Michele Angeline Cristy;Lifestyle;https://vt.tiktok.com/ZSxvdDd1g/;5.732;Rp950.000;457;3.769;204;7;16;3,96%;6,02%;65,75%;Rp252,06
HEALTH SUPPLEMENT;Enervon;Enervon Fizz;Consideration;May-26;TikTok;Nano;Valerie;Lifestyle;https://vt.tiktok.com/ZSQFfkvsW/;4.932;Rp950.000;107;3.316;84;0;3;1,76%;2,62%;67,23%;Rp286,49
HEALTH SUPPLEMENT;Enervon;Enervon Fizz;Consideration;May-26;TikTok;Nano;Ardhi achmad mardiansyah;Lifestyle;https://vt.tiktok.com/ZSQrdJGjj/;1.000;Rp950.000;2.500;3.066;158;21;44;22,30%;7,27%;306,60%;Rp309,85
HEALTH SUPPLEMENT;Enervon;Enervon Fizz;Consideration;May-26;TikTok;Nano;Rizka Annisa;Lifestyle;https://vt.tiktok.com/ZSx3fSLCm/;4.015;Rp950.000;7;2.781;103;1;1;2,62%;3,78%;69,27%;Rp341,60
HEALTH SUPPLEMENT;Enervon;Enervon Fizz;Consideration;May-26;TikTok;Nano;Aristya sandra;Lifestyle;https://www.tiktok.com/@casandraaaaa31/video/7640825894797315349?is_from_webapp=1&sender_device=pc&web_id=7409935392189679112;2.508;Rp950.000;2.000;2.686;58;14;13;3,39%;3,16%;107,10%;Rp353,69
HEALTH SUPPLEMENT;Enervon;Enervon Fizz;Consideration;May-26;TikTok;Nano;Anisa;Lifestyle;https://vt.tiktok.com/ZS9w5Y6ML/;6.166;Rp950.000;2.425;2.300;128;8;205;5,53%;14,83%;37,30%;Rp413,04
HEALTH SUPPLEMENT;Enervon;Enervon Fizz;Consideration;May-26;TikTok;Nano;Dian anastasia;Lifestyle;https://vt.tiktok.com/ZSxNJg6QM/;8.230;Rp950.000;1.900;2.189;99;6;13;1,43%;5,39%;26,60%;Rp433,99
HEALTH SUPPLEMENT;Enervon;Enervon Fizz;Consideration;May-26;TikTok;Nano;Novia ningrum;Lifestyle;https://vt.tiktok.com/ZSxEDoJRb/;2.952;Rp950.000;1.800;1.979;110;0;4;3,86%;5,76%;67,04%;Rp480,04
HEALTH SUPPLEMENT;Enervon;Enervon Fizz;Consideration;May-26;TikTok;Nano;Intan Maya Lestari;Lifestyle;https://vt.tiktok.com/ZSQRSA8wa/;6.300;Rp950.000;1.800;1.939;121;7;19;2,33%;7,58%;30,78%;Rp489,94
HEALTH SUPPLEMENT;Enervon;Enervon Fizz;Consideration;May-26;TikTok;Nano;Regina Bundiarti;Lifestyle;https://vt.tiktok.com/ZSxEa7A1x/;1.223;Rp950.000;1.200;1.477;61;0;10;5,81%;4,81%;120,77%;Rp643,20
HEALTH SUPPLEMENT;Enervon;Enervon Fizz;Consideration;May-26;TikTok;Nano;rafa ersa;Lifestyle;https://vt.tiktok.com/ZSxoYqvfP/;5.000;Rp950.000;1.200;1.364;115;1;12;2,56%;9,38%;27,28%;Rp696,48
HEALTH SUPPLEMENT;Enervon;Enervon Fizz;Consideration;May-26;TikTok;Nano;femiy;Lifestyle;https://vt.tiktok.com/ZSxEDSTTc/;3.274;Rp950.000;995;1.265;66;5;6;2,35%;6,09%;38,64%;Rp750,99
HEALTH SUPPLEMENT;Enervon;Enervon Fizz;Consideration;May-26;TikTok;Nano;raff05_;Lifestyle;https://vt.tiktok.com/ZSx3opGNC/;1.099;Rp950.000;1.000;1.261;63;1;2;6,01%;5,23%;114,74%;Rp753,37
HEALTH SUPPLEMENT;Enervon;Enervon Fizz;Consideration;May-26;TikTok;Nano;Hebron Irham;Lifestyle;https://vt.tiktok.com/ZSQ1XDjFV/;3.085;Rp950.000;927;927;57;1;12;2,27%;7,55%;30,05%;Rp1.024,81
HEALTH SUPPLEMENT;Enervon;Enervon Fizz;Consideration;May-26;TikTok;Nano;Tamara berliana;Lifestyle;https://www.tiktok.com/@itsmetamm_/video/7639281732822240520?is_from_webapp=1&sender_device=pc;2.052;Rp950.000;687;795;30;12;31;3,56%;9,18%;38,74%;Rp1.194,97
HEALTH SUPPLEMENT;Enervon;Enervon Fizz;Consideration;May-26;TikTok;Nano;shanon;Lifestyle;https://vt.tiktok.com/ZSx33gAVv/;2.430;Rp950.000;444;580;10;3;5;0,74%;3,10%;23,87%;Rp1.637,93
HEALTH SUPPLEMENT;Enervon;Enervon Fizz;Consideration;May-26;TikTok;Nano;Ipuyung;Lifestyle;https://vt.tiktok.com/ZSx8apnMg/;2.447;Rp950.000;267;302;9;0;2;0,45%;3,64%;12,34%;Rp3.145,70
HEALTH SUPPLEMENT;Enervon;Enervon Fizz;Consideration;May-26;TikTok;Nano;Desi Gita;Lifestyle;https://vt.tiktok.com/ZS9t6d1Ra/;3.430;Rp950.000;217;217;6;2;2;0,29%;4,61%;6,33%;Rp4.377,88
HEALTH SUPPLEMENT;Enervon;Enervon Fizz;Consideration;May-26;TikTok;Nano;marcia;Lifestyle;https://www.tiktok.com/@marciangel20_/video/7642362475320593671?is_from_webapp=1&sender_device=pc&web_id=7409935392189679112;7.900;Rp950.000;148;188;8;0;2;0,13%;5,32%;2,38%;Rp5.053,19
HEALTH SUPPLEMENT;Enervon;Enervon Fizz;Consideration;May-26;TikTok;Nano;Firdania Arifah;Lifestyle;https://vt.tiktok.com/ZSxr3CjDQ/;3.200;Rp950.000;128;165;9;0;3;0,38%;7,27%;5,16%;Rp5.757,58
HEALTH SUPPLEMENT;Enervon;Enervon Fizz;Consideration;May-26;TikTok;Nano;Clara  yunifer;Lifestyle;https://vt.tiktok.com/ZSxRws17u/;7.200;Rp950.000;143;163;8;1;3;0,17%;7,36%;2,26%;Rp5.828,22
HEALTH SUPPLEMENT;Enervon;Enervon Fizz;Consideration;May-26;TikTok;Nano;Abimanyu Ramadhan;Lifestyle;https://vt.tiktok.com/ZSxoxYRHJ/;5.132;Rp950.000;111;147;10;3;13;0,51%;17,69%;2,86%;Rp6.462,59
HEALTH SUPPLEMENT;Enervon;Enervon Fizz;Consideration;May-26;TikTok;Nano;Susan;Lifestyle;https://vt.tiktok.com/ZSx8mS6nh/;1.691;Rp950.000;103;141;15;16;12;2,54%;30,50%;8,34%;Rp6.737,59
HEALTH SUPPLEMENT;Enervon;Enervon Fizz;Consideration;May-26;TikTok;Nano;Alvin Stevanus;Lifestyle;https://vt.tiktok.com/ZSxEfB5ax/;1.300;Rp950.000;112;140;6;0;0;0,46%;4,29%;10,77%;Rp6.785,71
HEALTH SUPPLEMENT;Enervon;Enervon Fizz;Consideration;May-26;TikTok;Nano;hennikalistari;Lifestyle;https://vt.tiktok.com/ZSxQs11s8/;4.407;Rp950.000;118;126;3;0;0;0,07%;2,38%;2,86%;Rp7.539,68
HEALTH SUPPLEMENT;Enervon;Enervon Fizz;Consideration;May-26;TikTok;Nano;Angela Kartika;Lifestyle;https://vt.tiktok.com/ZSxECWE9F/;6.940;Rp950.000;101;126;3;0;0;0,04%;2,38%;1,82%;Rp7.539,68
HEALTH SUPPLEMENT;Enervon;Enervon Fizz;Consideration;May-26;TikTok;Nano;Virginia Janet;Lifestyle;https://vt.tiktok.com/ZSxESYDeb/;5.193;Rp950.000;60;89;13;5;2;0,39%;22,47%;1,71%;Rp10.674,16
HEALTH SUPPLEMENT;Enervon;Enervon Fizz;Consideration;May-26;TikTok;Nano;Itz.ellga_;Lifestyle;https://vt.tiktok.com/ZSxvgnXCc/;4.110;Rp950.000;54;57;57;1;6;1,56%;112,28%;1,39%;Rp16.666,67
HEALTH SUPPLEMENT;Enervon;Enervon Fizz;Consideration;May-26;TikTok;Nano;kinan;Lifestyle;https://vt.tiktok.com/ZSxS5GxMm/;3.087;Rp950.000;50;55;9;0;4;0,42%;23,64%;1,78%;Rp17.272,73
HEALTH SUPPLEMENT;Enervon;Enervon Fizz;Consideration;May-26;TikTok;Nano;maripapande;Lifestyle;https://vt.tiktok.com/ZS9t6Ec2B/;3.094;Rp950.000;30;32;2;0;2;0,13%;12,50%;1,03%;Rp29.687,50
HEALTH SUPPLEMENT;Enervon;Enervon Fizz;Consideration;Jun-26;TikTok;Nano;Ofy Sofiya;Lifestyle;https://www.tiktok.com/@ofysofiy/video/7667153993214233877?utm_campaign=tt4d_open_api&utm_source=awtsed5i9xzgi8ph;5.867;Rp844.500;32;6.033;170;7;13;3,24%;3,15%;102,83%;Rp139,98
HEALTH SUPPLEMENT;Enervon;Enervon Fizz;Consideration;Jun-26;TikTok;Nano;Jilal Aqil;Lifestyle;https://www.tiktok.com/@jil.aqli/video/7667157878670675221?utm_campaign=tt4d_open_api&utm_source=awtsed5i9xzgi8ph;4.264;Rp844.500;6.033;99;6;5;1;0,28%;12,12%;2,32%;Rp8.530,30
HEALTH SUPPLEMENT;Enervon;Enervon Fizz;Consideration;Jun-26;TikTok;Micro;Melinda Anastaya;Lifestyle;https://www.tiktok.com/@koyogirl/video/7668269240285220113?utm_campaign=tt4d_open_api&utm_source=awtsed5i9xzgi8ph;10.000;Rp844.500;99;1.962;10;1;0;0,11%;0,56%;19,62%;Rp430,43
HEALTH SUPPLEMENT;Enervon;Enervon Fizz;Consideration;Jun-26;TikTok;Nano;Aji Permana;Lifestyle;https://www.tiktok.com/@aji_pr/video/7667905232927608072?utm_campaign=tt4d_open_api&utm_source=awtsed5i9xzgi8ph;3.961;Rp844.500;1.962;117;14;0;3;0,43%;14,53%;2,95%;Rp7.217,95
HEALTH SUPPLEMENT;Enervon;Enervon Fizz;Consideration;Jun-26;TikTok;Nano;Husniyatur Rahmaniyah;Lifestyle;https://www.tiktok.com/@sgtnrr/video/7667916547259763986?utm_campaign=tt4d_open_api&utm_source=awtsed5i9xzgi8ph;1.483;Rp844.500;117;141;13;0;3;1,08%;11,35%;9,51%;Rp5.989,36
HEALTH SUPPLEMENT;Enervon;Enervon Fizz;Consideration;Jun-26;TikTok;Nano;Sagita Nur Bachri;Lifestyle;https://www.tiktok.com/@lotofjoy/video/7667865282559462677?utm_campaign=tt4d_open_api&utm_source=awtsed5i9xzgi8ph;1.755;Rp844.500;141;67;9;0;1;0,57%;14,93%;3,82%;Rp12.604,48
HEALTH SUPPLEMENT;Enervon;Enervon Fizz;Consideration;Jun-26;TikTok;Nano;Yolanda Augusta;Lifestyle;https://www.tiktok.com/@yolandayandy/video/7668240043252731143?utm_campaign=tt4d_open_api&utm_source=awtsed5i9xzgi8ph;8.968;Rp844.500;67;72;6;0;2;0,09%;11,11%;0,80%;Rp11.729,17
HEALTH SUPPLEMENT;Enervon;Enervon Fizz;Consideration;Jul-26;TikTok;Nano;Putri N;Lifestyle;https://www.tiktok.com/@putrinisrinarj/video/7667462100821740821?utm_campaign=tt4d_open_api&utm_source=awtsed5i9xzgi8ph;7.425;Rp844.500;72;472;167;1;4;2,32%;36,44%;6,36%;Rp1.789,19
HEALTH SUPPLEMENT;Enervon;Enervon-C;Consideration;Apr-26;TikTok;;Audrey Jesslyn;Lifestyle;https://www.tiktok.com/@audreyjesslyn/video/7633760852302171409?_r=1&_t=ZS-95umgZYBKK0;29.800;Rp10.725.000;2.100;3.325;227;4;1;0,78%;6,98%;11,16%;Rp3.225,56
HEALTH SUPPLEMENT;Enervon;Enervon-C;Consideration;Apr-26;TikTok;Micro;Intan berlian;Lifestyle;https://vt.tiktok.com/ZS9UD4kKQ/;61.200;Rp3.000.000;8.500;8.949;1.349;2;3;2,21%;15,13%;14,62%;Rp335,23
HEALTH SUPPLEMENT;Enervon;Enervon-C;Consideration;Apr-26;TikTok;Micro;fuddumps;Lifestyle;https://vt.tiktok.com/ZS9SX7Hhu/;52.600;Rp4.000.000;29.800;35.025;1.783;10;10;3,43%;5,15%;66,59%;Rp114,20
HEALTH SUPPLEMENT;Enervon;Enervon-C;Consideration;Apr-26;TikTok;Macro;aksyif_fikri;Lifestyle;https://vt.tiktok.com/ZS9fUfhQx/;154.000;Rp12.375.000;13.500;114.348;812;7;8;0,54%;0,72%;74,25%;Rp108,22
HEALTH SUPPLEMENT;Enervon;Enervon-C;Consideration;Feb-26;TikTok;Macro;Nashani;Lifestyle;https://vt.tiktok.com/ZSu1ehmpL/;157.900;Rp9.240.000;15.000;20.575;491;6;9;0,32%;2,46%;13,03%;Rp449,09
HEALTH SUPPLEMENT;Enervon;Enervon-C;Consideration;Feb-26;TikTok;Macro;Cindyarmedia;Lifestyle;https://vt.tiktok.com/ZSm4NTCa6/;395.600;Rp20.625.000;534.200;1.084.050;1.525;8;52;0,40%;0,15%;274,03%;Rp19,03
HEALTH SUPPLEMENT;Enervon;Enervon-C;Consideration;Mar-26;TikTok;Micro;Desy Ratnasari;Lifestyle;https://www.tiktok.com/@desyrtns/video/7612511679464672532?utm_campaign=tt4d_open_api&utm_source=awtsed5i9xzgi8ph;16.884;Rp950.000;262;309;39;21;11;0,42%;22,98%;1,83%;Rp3.074,43
HEALTH SUPPLEMENT;Enervon;Enervon-C;Consideration;Mar-26;TikTok;Micro;Nila Matsuna;Lifestyle;https://www.tiktok.com/@nilalalamatsu92/video/7611487559146900743?utm_campaign=tt4d_open_api&utm_source=awtsed5i9xzgi8ph;14.400;Rp950.000;1.900;2.979;107;15;5;0,88%;4,26%;20,69%;Rp318,90
HEALTH SUPPLEMENT;Enervon;Enervon-C;Consideration;Mar-26;TikTok;Micro;Orizaqueena;Lifestyle;https://www.tiktok.com/@orizaqueena/video/7612982805701643527?utm_campaign=tt4d_open_api&utm_source=awtsed5i9xzgi8ph;13.891;Rp950.000;1.500;1.722;71;2;15;0,63%;5,11%;12,40%;Rp551,68
HEALTH SUPPLEMENT;Enervon;Enervon-C;Consideration;Mar-26;TikTok;Micro;Amirah ulayya;Lifestyle;https://www.tiktok.com/@amirahulayyass/video/7613032213726121234?utm_campaign=tt4d_open_api&utm_source=awtsed5i9xzgi8ph;107.949;Rp950.000;5.600;643;54;16;114;0,17%;28,62%;0,60%;Rp1.477,45
HEALTH SUPPLEMENT;Enervon;Enervon-C;Consideration;Mar-26;TikTok;Micro;Juwita Ragil;Lifestyle;https://www.tiktok.com/@witaratataaa/video/7614325985810386184?utm_campaign=tt4d_open_api&utm_source=awtsed5i9xzgi8ph;11.674;Rp950.000;1.700;1.120;156;40;11;1,77%;18,48%;9,59%;Rp848,21
HEALTH SUPPLEMENT;Enervon;Enervon-C;Consideration;Mar-26;TikTok;Micro;Stevani Beneran;Lifestyle;https://www.tiktok.com/@keluargapokcoy/video/7614140171344170260?utm_campaign=tt4d_open_api&utm_source=awtsed5i9xzgi8ph;12.496;Rp950.000;2.800;3.047;172;2;0;1,39%;5,71%;24,38%;Rp311,78
HEALTH SUPPLEMENT;Enervon;Enervon-C;Consideration;Mar-26;TikTok;Micro;Hana Ramadhanty;Lifestyle;https://www.tiktok.com/@hanarey30/video/7614155563706043655?utm_campaign=tt4d_open_api&utm_source=awtsed5i9xzgi8ph;12.833;Rp950.000;393;574;15;12;8;0,27%;6,10%;4,47%;Rp1.655,05
HEALTH SUPPLEMENT;Enervon;Enervon-C;Consideration;Mar-26;TikTok;Micro;Wulan;Lifestyle;https://www.tiktok.com/@octaryawulan20/video/7614489838447824146?utm_campaign=tt4d_open_api&utm_source=awtsed5i9xzgi8ph;13.821;Rp950.000;112;132;10;1;6;0,12%;12,88%;0,96%;Rp7.196,97
HEALTH SUPPLEMENT;Enervon;Enervon-C;Consideration;Mar-26;TikTok;Micro;Resty Aditya Utami;Lifestyle;https://www.tiktok.com/@utamirestya/video/7614135724585028884?is_from_webapp=1&sender_device=pc;12.838;Rp950.000;2.900;4.059;173;7;6;1,45%;4,58%;31,62%;Rp234,05
HEALTH SUPPLEMENT;Enervon;Enervon-C;Consideration;Mar-26;TikTok;Micro;Ni Kadek Dwi Astuti;Lifestyle;https://www.tiktok.com/@mamawi.dwi/video/7612638108781137160?utm_campaign=tt4d_open_api&utm_source=awtsed5i9xzgi8ph;12.058;Rp950.000;3.500;4.058;282;9;7;2,47%;7,34%;33,65%;Rp234,11
HEALTH SUPPLEMENT;Enervon;Enervon-C;Consideration;Mar-26;TikTok;Micro;risna oktavia;Lifestyle;https://www.tiktok.com/@risnaoktaviahardanik/video/7613289700605955346?utm_campaign=tt4d_open_api&utm_source=awtsed5i9xzgi8ph;16.063;Rp950.000;238;4.504;24;31;25;0,50%;1,78%;28,04%;Rp210,92
HEALTH SUPPLEMENT;Enervon;Enervon-C;Consideration;Mar-26;TikTok;Micro;Khonimatun Maysaroh;Lifestyle;https://www.tiktok.com/@khoniim/video/7613253181530852615?utm_campaign=tt4d_open_api&utm_source=awtsed5i9xzgi8ph;11.613;Rp950.000;1.800;2.031;58;2;1;0,53%;3,00%;17,49%;Rp467,75
HEALTH SUPPLEMENT;Enervon;Enervon-C;Consideration;Mar-26;TikTok;Micro;Nuvia;Lifestyle;https://www.tiktok.com/@obrienups/video/7613371409875668245?utm_campaign=tt4d_open_api&utm_source=awtsed5i9xzgi8ph;31.816;Rp950.000;8.800;10.270;183;14;4;0,63%;1,96%;32,28%;Rp92,50
HEALTH SUPPLEMENT;Enervon;Enervon-C;Consideration;Mar-26;TikTok;Micro;Dewi Asria;Lifestyle;https://www.tiktok.com/@dewi.asria/video/7612823137591233813?utm_campaign=tt4d_open_api&utm_source=awtsed5i9xzgi8ph;10.378;Rp950.000;258;2.799;21;7;1;0,28%;1,04%;26,97%;Rp339,41
HEALTH SUPPLEMENT;Enervon;Enervon-C;Consideration;Mar-26;TikTok;Micro;Ariska Putri;Lifestyle;https://www.tiktok.com/@mimah.hanan/video/7612598951019040021?utm_campaign=tt4d_open_api&utm_source=awtsed5i9xzgi8ph;12.535;Rp950.000;880;1.285;107;0;1;0,86%;8,40%;10,25%;Rp739,30
HEALTH SUPPLEMENT;Enervon;Enervon-C;Consideration;Mar-26;TikTok;Micro;Febry Lusyana;Lifestyle;https://www.tiktok.com/@ucciuccy23/video/7613586598277434645?utm_campaign=tt4d_open_api&utm_source=awtsed5i9xzgi8ph;10.721;Rp950.000;11.000;11.438;108;74;1;1,71%;1,60%;106,69%;Rp83,06
HEALTH SUPPLEMENT;Enervon;Enervon-C;Consideration;Mar-26;TikTok;Micro;Nelly endang sari;Lifestyle;https://www.tiktok.com/@nellyharahap25_/video/7613614465749175573?utm_campaign=tt4d_open_api&utm_source=awtsed5i9xzgi8ph;23.240;Rp950.000;5.200;5.371;829;77;6;3,92%;16,98%;23,11%;Rp176,88
HEALTH SUPPLEMENT;Enervon;Enervon-C;Consideration;Mar-26;TikTok;Micro;Reiwindawydiaa;Lifestyle;https://www.tiktok.com/@skuyy.living13/video/7613274716756921621?utm_campaign=tt4d_open_api&utm_source=awtsed5i9xzgi8ph;84.826;Rp950.000;174;198;20;0;9;0,03%;14,65%;0,23%;Rp4.797,98
HEALTH SUPPLEMENT;Enervon;Enervon-C;Consideration;Mar-26;TikTok;Micro;Dita Handiyanti;Lifestyle;https://www.tiktok.com/@ditahandi_/video/7612842237424110869?utm_campaign=tt4d_open_api&utm_source=awtsed5i9xzgi8ph;22.866;Rp950.000;8.000;10.959;344;19;10;1,63%;3,40%;47,93%;Rp86,69
HEALTH SUPPLEMENT;Enervon;Enervon-C;Consideration;Mar-26;TikTok;Micro;putri hapsari;Lifestyle;https://www.tiktok.com/@putrihpsari406/video/7612867150046448913?utm_campaign=tt4d_open_api&utm_source=awtsed5i9xzgi8ph;13.585;Rp950.000;4.200;5.470;182;12;3;1,45%;3,60%;40,26%;Rp173,67
HEALTH SUPPLEMENT;Enervon;Enervon-C;Consideration;Mar-26;TikTok;Micro;Shania Dwi Rantika;Lifestyle;https://www.tiktok.com/@shania.d.r/video/7613368474168986898?utm_campaign=tt4d_open_api&utm_source=awtsed5i9xzgi8ph;10.597;Rp950.000;2.300;2.614;146;13;4;1,54%;6,24%;24,67%;Rp363,43
HEALTH SUPPLEMENT;Enervon;Enervon-C;Consideration;Mar-26;TikTok;Micro;pelita nadyawati;Lifestyle;https://www.tiktok.com/@pelitanadya/video/7613267035027672340?utm_campaign=tt4d_open_api&utm_source=awtsed5i9xzgi8ph;18.446;Rp950.000;1.700;1.797;130;26;7;0,88%;9,07%;9,74%;Rp528,66
HEALTH SUPPLEMENT;Enervon;Enervon-C;Consideration;Mar-26;TikTok;Micro;riris;Lifestyle;https://www.tiktok.com/@ririsvinaa/video/7612556071252659463?utm_campaign=tt4d_open_api&utm_source=awtsed5i9xzgi8ph;18.952;Rp950.000;1.800;1.898;72;2;1;0,40%;3,95%;10,01%;Rp500,53
HEALTH SUPPLEMENT;Enervon;Enervon-C;Consideration;Mar-26;TikTok;Micro;Andi Ratna Maharani;Lifestyle;https://www.tiktok.com/@andiratnam/video/7613506003581062418?utm_campaign=tt4d_open_api&utm_source=awtsed5i9xzgi8ph;12.603;Rp950.000;1.600;2.072;391;24;45;3,65%;22,20%;16,44%;Rp458,49
HEALTH SUPPLEMENT;Enervon;Enervon-C;Consideration;Mar-26;TikTok;Micro;Mega Gilang Cempaka Ningrum;Lifestyle;https://www.tiktok.com/@megacempaka/video/7612951078316936469?utm_campaign=tt4d_open_api&utm_source=awtsed5i9xzgi8ph;16.127;Rp950.000;3.100;4.064;232;36;2;1,67%;6,64%;25,20%;Rp233,76
HEALTH SUPPLEMENT;Enervon;Enervon-C;Consideration;Mar-26;TikTok;Micro;amik agisti;Lifestyle;https://www.tiktok.com/@amikagisti93/video/7613622530275855623?utm_campaign=tt4d_open_api&utm_source=awtsed5i9xzgi8ph;53.245;Rp950.000;5.900;5.957;815;0;0;1,53%;13,68%;11,19%;Rp159,48
HEALTH SUPPLEMENT;Enervon;Enervon-C;Consideration;Mar-26;TikTok;Micro;Yulia Iskawedar;Lifestyle;https://www.tiktok.com/@yulia_lilu/video/7612776739680406805?utm_campaign=tt4d_open_api&utm_source=awtsed5i9xzgi8ph;56.170;Rp950.000;10.900;12.221;111;39;3;0,27%;1,25%;21,76%;Rp77,74
HEALTH SUPPLEMENT;Enervon;Enervon-C;Consideration;Mar-26;TikTok;Micro;siskaseptika;Lifestyle;https://www.tiktok.com/@siskaseptikaa/video/7613333960617397512?utm_campaign=tt4d_open_api&utm_source=awtsed5i9xzgi8ph;10.735;Rp950.000;1.000;1.555;107;61;109;2,58%;17,81%;14,49%;Rp610,93
HEALTH SUPPLEMENT;Enervon;Enervon-C;Consideration;Mar-26;TikTok;Micro;Rika Ria;Lifestyle;https://www.tiktok.com/@rikariaf/video/7612610835713756437?utm_campaign=tt4d_open_api&utm_source=awtsed5i9xzgi8ph;28.303;Rp950.000;1.600;2.281;332;78;5;1,47%;18,19%;8,06%;Rp416,48
HEALTH SUPPLEMENT;Enervon;Enervon-C;Consideration;Mar-26;TikTok;Micro;Desi Novita;Lifestyle;https://www.tiktok.com/@desnov1812/video/7612932959628168468?utm_campaign=tt4d_open_api&utm_source=awtsed5i9xzgi8ph;62.049;Rp950.000;14.100;17.966;2.073;36;1.910;6,48%;22,37%;28,95%;Rp52,88
HEALTH SUPPLEMENT;Enervon;Enervon-C;Consideration;Mar-26;TikTok;Micro;Alphylia Dwiyanti;Lifestyle;https://www.tiktok.com/@phylia.18/video/7614142059603102996?utm_campaign=tt4d_open_api&utm_source=awtsed5i9xzgi8ph;17.288;Rp950.000;799;840;137;0;0;0,79%;16,31%;4,86%;Rp1.130,95
HEALTH SUPPLEMENT;Enervon;Enervon-C;Consideration;Mar-26;TikTok;Micro;Pratiwi Savitri;Lifestyle;https://www.tiktok.com/@apadimakassar/video/7614796408398286101?utm_campaign=tt4d_open_api&utm_source=awtsed5i9xzgi8ph;26.251;Rp950.000;221;231;16;2;1;0,07%;8,23%;0,88%;Rp4.112,55
HEALTH SUPPLEMENT;Enervon;Enervon-C;Consideration;Mar-26;TikTok;Micro;Rosa.d.pratama;Lifestyle;https://www.tiktok.com/@kamisatuatap/video/7612780233598536967?utm_campaign=tt4d_open_api&utm_source=awtsed5i9xzgi8ph;13.130;Rp950.000;3.800;4.557;207;32;6;1,87%;5,38%;34,71%;Rp208,47
HEALTH SUPPLEMENT;Enervon;Enervon-C;Consideration;Mar-26;TikTok;Micro;Nur Ahdiyani Kainah;Lifestyle;https://www.tiktok.com/@nurahdiyanikainah/video/7614316655820377364?utm_campaign=tt4d_open_api&utm_source=awtsed5i9xzgi8ph;40.060;Rp950.000;138;235;8;1;0;0,02%;3,83%;0,59%;Rp4.042,55
HEALTH SUPPLEMENT;Enervon;Enervon-C;Consideration;Mar-26;TikTok;Micro;tasya.caa;Lifestyle;https://www.tiktok.com/@ummahaliyareview/video/7613619807828675847?utm_campaign=tt4d_open_api&utm_source=awtsed5i9xzgi8ph;31.099;Rp950.000;242;268;9;0;0;0,03%;3,36%;0,86%;Rp3.544,78
HEALTH SUPPLEMENT;Enervon;Enervon-C;Consideration;Mar-26;TikTok;Micro;Amalia Riena;Lifestyle;https://www.tiktok.com/@r_amalia13/video/7613361189233380628?utm_campaign=tt4d_open_api&utm_source=awtsed5i9xzgi8ph;12.558;Rp950.000;829;1.055;55;7;4;0,53%;6,26%;8,40%;Rp900,47
HEALTH SUPPLEMENT;Enervon;Enervon-C;Consideration;Mar-26;TikTok;Micro;nurhidayahdena;Lifestyle;https://www.tiktok.com/@dena.18/video/7614717957012327698?utm_campaign=tt4d_open_api&utm_source=awtsed5i9xzgi8ph;28.359;Rp950.000;193;216;17;3;17;0,13%;17,13%;0,76%;Rp4.398,15
HEALTH SUPPLEMENT;Enervon;Enervon-C;Consideration;Mar-26;TikTok;Micro;Ateutika;Lifestyle;https://www.tiktok.com/@ateutika/video/7614385374445489429?utm_campaign=tt4d_open_api&utm_source=awtsed5i9xzgi8ph;10.613;Rp950.000;193;231;9;0;0;0,08%;3,90%;2,18%;Rp4.112,55
HEALTH SUPPLEMENT;Enervon;Enervon-C;Consideration;Mar-26;TikTok;Micro;Ayu Fitri;Lifestyle;https://www.tiktok.com/@ayufitri_73/video/7613276604952825109?utm_campaign=tt4d_open_api&utm_source=awtsed5i9xzgi8ph;10.427;Rp950.000;570;901;155;2;15;1,65%;19,09%;8,64%;Rp1.054,38
HEALTH SUPPLEMENT;Enervon;Enervon-C;Consideration;Mar-26;TikTok;Micro;Desi arnie;Lifestyle;https://www.tiktok.com/@desiarnie/video/7614389477296868628?utm_campaign=tt4d_open_api&utm_source=awtsed5i9xzgi8ph;19.897;Rp950.000;1.300;2.689;117;0;0;0,59%;4,35%;13,51%;Rp353,29
HEALTH SUPPLEMENT;Enervon;Enervon-C;Consideration;Mar-26;TikTok;Micro;Dini Astriani;Lifestyle;https://www.tiktok.com/@diniastriani14/video/7612582643233836305?utm_campaign=tt4d_open_api&utm_source=awtsed5i9xzgi8ph;35.790;Rp950.000;233;261;35;32;3;0,20%;26,82%;0,73%;Rp3.639,85
HEALTH SUPPLEMENT;Enervon;Enervon-C;Consideration;Mar-26;TikTok;Micro;Dewi Puspitasari;Lifestyle;https://www.tiktok.com/@dwpuspitaaa/video/7612597400242277652?utm_campaign=tt4d_open_api&utm_source=awtsed5i9xzgi8ph;12.500;Rp950.000;107;136;14;10;6;0,24%;22,06%;1,09%;Rp6.985,29
HEALTH SUPPLEMENT;Enervon;Enervon-C;Consideration;Mar-26;TikTok;Micro;Laksmi;Lifestyle;https://www.tiktok.com/@laksmipaopao/video/7613287156672515335?utm_campaign=tt4d_open_api&utm_source=awtsed5i9xzgi8ph;24.909;Rp950.000;1.200;1.309;267;29;9;1,22%;23,30%;5,26%;Rp725,74
HEALTH SUPPLEMENT;Enervon;Enervon-C;Consideration;Mar-26;TikTok;Micro;Nia Aryani;Lifestyle;https://www.tiktok.com/@niaaryanii/video/7615045124552215829?utm_campaign=tt4d_open_api&utm_source=awtsed5i9xzgi8ph;52.895;Rp950.000;7.600;8.632;354;25;27;0,77%;4,70%;16,32%;Rp110,06
HEALTH SUPPLEMENT;Enervon;Enervon-C;Consideration;Mar-26;TikTok;Micro;Dea Dewi Asiyah;Lifestyle;https://www.tiktok.com/@deasiyah19/video/7614825001404894485?utm_campaign=tt4d_open_api&utm_source=awtsed5i9xzgi8ph;13.192;Rp950.000;190;225;9;1;0;0,08%;4,44%;1,71%;Rp4.222,22
HEALTH SUPPLEMENT;Enervon;Enervon-C;Consideration;Mar-26;TikTok;Micro;Angela Purnamasari;Lifestyle;https://vt.tiktok.com/ZSuJwEyhn/;10.300;Rp950.000;254;1.359;87;34;5;1,22%;9,27%;13,19%;Rp699,04
HEALTH SUPPLEMENT;Enervon;Enervon-C;Consideration;Mar-26;TikTok;Micro;Eva Yunita D;Lifestyle;https://vt.tiktok.com/ZSuRwktY9/;17.400;Rp950.000;2.600;3.419;179;10;19;1,20%;6,08%;19,65%;Rp277,86
HEALTH SUPPLEMENT;Enervon;Enervon-C;Consideration;Mar-26;TikTok;Micro;Rizqi Fatimah;Lifestyle;https://vt.tiktok.com/ZSuJqEwmm/;12.800;Rp950.000;1.500;2.033;182;29;15;1,77%;11,12%;15,88%;Rp467,29
HEALTH SUPPLEMENT;Enervon;Enervon-C;Consideration;Mar-26;TikTok;Micro;April hatini;Lifestyle;https://vt.tiktok.com/ZSuYsgNHv/;51.000;Rp950.000;10.100;10.226;389;76;228;1,36%;6,78%;20,05%;Rp92,90
HEALTH SUPPLEMENT;Enervon;Enervon-C;Consideration;Mar-26;TikTok;Micro;Finta ainda;Lifestyle;https://vt.tiktok.com/ZSuNhNknW/;10.700;Rp950.000;171;202;22;12;10;0,41%;21,78%;1,89%;Rp4.702,97
HEALTH SUPPLEMENT;Enervon;Enervon-C;Consideration;Mar-26;TikTok;Micro;Imra luqra;Lifestyle;https://vt.tiktok.com/ZSuRTyvPE/;11.200;Rp950.000;161;188;38;42;2;0,73%;43,62%;1,68%;Rp5.053,19
HEALTH SUPPLEMENT;Enervon;Enervon-C;Consideration;Mar-26;TikTok;Micro;Rita Wartini;Lifestyle;https://vt.tiktok.com/ZSuY4WjhR/;13.900;Rp950.000;471;829;476;24;13;3,69%;61,88%;5,96%;Rp1.145,96
HEALTH SUPPLEMENT;Enervon;Enervon-C;Consideration;Mar-26;TikTok;Micro;Fanny Aulia Lizara;Lifestyle;https://vt.tiktok.com/ZSuY9QdJC/;11.600;Rp950.000;107;413;201;2;102;2,63%;73,85%;3,56%;Rp2.300,24
HEALTH SUPPLEMENT;Enervon;Enervon-C;Consideration;Mar-26;TikTok;Micro;Ratna Sari Purwaningsih;Lifestyle;https://vt.tiktok.com/ZSuNYwX72/;13.400;Rp950.000;2.000;2.577;123;4;2;0,96%;5,01%;19,23%;Rp368,65
HEALTH SUPPLEMENT;Enervon;Enervon-C;Consideration;Mar-26;TikTok;Micro;Hana;Lifestyle;https://vt.tiktok.com/ZSu2hkr6H/;36.100;Rp950.000;3.100;4.510;141;35;12;0,52%;4,17%;12,49%;Rp210,64
HEALTH SUPPLEMENT;Enervon;Enervon-C;Consideration;Mar-26;TikTok;Micro;Rahmadiana;Lifestyle;https://vt.tiktok.com/ZSuYv1Kmr/;29.000;Rp950.000;1.300;1.550;229;91;201;1,80%;33,61%;5,34%;Rp612,90
HEALTH SUPPLEMENT;Enervon;Enervon-C;Consideration;Mar-26;TikTok;Micro;Astri Mei;Lifestyle;https://vt.tiktok.com/ZSuNjVXW2/;12.600;Rp950.000;205;1.020;95;35;5;1,07%;13,24%;8,10%;Rp931,37
HEALTH SUPPLEMENT;Enervon;Enervon-C;Consideration;Mar-26;TikTok;Micro;Yuyun Marslilia;Lifestyle;https://vt.tiktok.com/ZSuedUk8E/;13.200;Rp950.000;638;1.112;639;89;12;5,61%;66,55%;8,42%;Rp854,32
HEALTH SUPPLEMENT;Enervon;Enervon-C;Consideration;Mar-26;TikTok;Micro;EKA MEITA RANI;Lifestyle;https://vt.tiktok.com/ZSu8Ly8br/;10.400;Rp950.000;126;149;17;6;6;0,28%;19,46%;1,43%;Rp6.375,84
HEALTH SUPPLEMENT;Enervon;Enervon-C;Consideration;Mar-26;TikTok;Micro;Mita mauliah;Lifestyle;https://vt.tiktok.com/ZSuYGDGYw/;21.500;Rp950.000;119;18.963;11;3;5;0,09%;0,10%;88,20%;Rp50,10
HEALTH SUPPLEMENT;Enervon;Enervon-C;Consideration;Mar-26;TikTok;Micro;Desi rismawati;Lifestyle;https://vt.tiktok.com/ZSuLqb2R4/;88.600;Rp950.000;6.600;7.767;245;44;4;0,33%;3,77%;8,77%;Rp122,31
HEALTH SUPPLEMENT;Enervon;Enervon-C;Consideration;Mar-26;TikTok;Micro;Loisa emy;Lifestyle;https://vt.tiktok.com/ZSuYxWwrv/;20.492;Rp950.000;14.500;18.216;211;2;1;1,04%;1,17%;88,89%;Rp52,15
HEALTH SUPPLEMENT;Enervon;Enervon-C;Consideration;Mar-26;TikTok;Micro;Ratna Rinnati;Lifestyle;https://vt.tiktok.com/ZSuFgpanr/;40.300;Rp950.000;2.800;4.254;408;4;0;1,02%;9,69%;10,56%;Rp223,32
HEALTH SUPPLEMENT;Enervon;Enervon-C;Consideration;Mar-26;TikTok;Micro;Aura Adellia Fiqri Heryanto;Lifestyle;https://vt.tiktok.com/ZSuJGcRqF/;10.500;Rp950.000;1.100;1.322;115;27;19;1,53%;12,18%;12,59%;Rp718,61
HEALTH SUPPLEMENT;Enervon;Enervon-C;Consideration;Mar-26;TikTok;Micro;Febriska Herovi Kusuma Dewi;Lifestyle;https://vt.tiktok.com/ZSuYnHEDS/;11.700;Rp950.000;226;275;9;0;1;0,09%;3,64%;2,35%;Rp3.454,55
HEALTH SUPPLEMENT;Enervon;Enervon-C;Consideration;Mar-26;TikTok;Micro;Rizka Amalia;Lifestyle;https://vt.tiktok.com/ZSuL29oQH/;15.700;Rp950.000;2.000;2.287;872;37;41;6,05%;41,54%;14,57%;Rp415,39
HEALTH SUPPLEMENT;Enervon;Enervon-C;Consideration;Mar-26;TikTok;Micro;Mepa Pradipta;Lifestyle;https://vt.tiktok.com/ZSuFgxwqK/;15.400;Rp950.000;239;4.905;26;12;12;0,32%;1,02%;31,85%;Rp193,68
HEALTH SUPPLEMENT;Enervon;Enervon-C;Consideration;Mar-26;TikTok;Micro;Ulfa afida;Lifestyle;https://vt.tiktok.com/ZSuLfDt5G/;12.300;Rp950.000;1.600;2.192;134;37;8;1,46%;8,17%;17,82%;Rp433,39
HEALTH SUPPLEMENT;Enervon;Enervon-C;Consideration;Mar-26;TikTok;Micro;amelia citra susanto;Lifestyle;https://vt.tiktok.com/ZSu8qfxUh/;43.000;Rp950.000;1.800;2.113;164;1;0;0,38%;7,81%;4,91%;Rp449,60
HEALTH SUPPLEMENT;Enervon;Enervon-C;Consideration;Mar-26;TikTok;Micro;Navy;Lifestyle;https://vt.tiktok.com/ZSuNNqTaJ/;13.300;Rp950.000;222;1.271;140;16;14;1,28%;13,38%;9,56%;Rp747,44
HEALTH SUPPLEMENT;Enervon;Enervon-C;Consideration;Mar-26;TikTok;Micro;Delima rahayu istiqomah;Lifestyle;https://vt.tiktok.com/ZSuYUrTDd/;10.299;Rp950.000;596;624;42;13;4;0,57%;9,46%;6,06%;Rp1.522,44
HEALTH SUPPLEMENT;Enervon;Enervon-C;Consideration;Mar-26;TikTok;Micro;Ayu Rachma;Lifestyle;https://vt.tiktok.com/ZSuR34Xd8/;19.100;Rp950.000;1.600;2.084;169;41;8;1,14%;10,46%;10,91%;Rp455,85
HEALTH SUPPLEMENT;Enervon;Enervon-C;Consideration;Mar-26;TikTok;Micro;Maya amelia;Lifestyle;https://vt.tiktok.com/ZSuLc7HYe/;27.700;Rp950.000;253;1.109;481;7;13;1,81%;45,18%;4,00%;Rp856,63
HEALTH SUPPLEMENT;Enervon;Enervon-C;Consideration;Mar-26;TikTok;Micro;Anggi Zukana;Lifestyle;https://vt.tiktok.com/ZSuYqn6wx/;10.600;Rp950.000;496;6.318;5.361;6;5;50,68%;85,03%;59,60%;Rp150,36
HEALTH SUPPLEMENT;Enervon;Enervon-C;Consideration;Mar-26;TikTok;Micro;Erlin Yutrika;Lifestyle;https://vt.tiktok.com/ZSuYch6ot/;24.400;Rp950.000;2.000;3.098;525;16;8;2,25%;17,72%;12,70%;Rp306,65
HEALTH SUPPLEMENT;Enervon;Enervon-C;Consideration;Mar-26;TikTok;Micro;Dillah;Lifestyle;https://vt.tiktok.com/ZSu8ds3W2/;13.400;Rp950.000;1.500;1.824;118;0;0;0,88%;6,47%;13,61%;Rp520,83
HEALTH SUPPLEMENT;Enervon;Enervon-C;Consideration;Mar-26;TikTok;Micro;Resa Ristianti;Lifestyle;https://vt.tiktok.com/ZSuYH2eDg/;43.342;Rp950.000;292;1.010;240;15;1;0,59%;25,35%;2,33%;Rp940,59
HEALTH SUPPLEMENT;Enervon;Enervon-C;Consideration;Mar-26;TikTok;Micro;husna alfita wulandari;Lifestyle;https://vt.tiktok.com/ZSuYhrLHG/;11.400;Rp950.000;1.100;1.284;93;4;2;0,87%;7,71%;11,26%;Rp739,88
HEALTH SUPPLEMENT;Enervon;Enervon-C;Consideration;Mar-26;TikTok;Micro;Tria;Lifestyle;https://vt.tiktok.com/ZSuLjEFsP/;18.200;Rp950.000;347;719;490;36;1;2,90%;73,30%;3,95%;Rp1.321,28
HEALTH SUPPLEMENT;Enervon;Enervon-C;Consideration;Mar-26;TikTok;Micro;Syahna Apriyani;Lifestyle;https://vt.tiktok.com/ZSu2r376V/;16.638;Rp950.000;239;12.444;346;0;0;2,08%;2,78%;74,79%;Rp76,34
HEALTH SUPPLEMENT;Enervon;Enervon-C;Consideration;Mar-26;TikTok;Micro;Lia Kartini;Lifestyle;https://vt.tiktok.com/ZSu2LpY75/;13.100;Rp950.000;160;857;37;17;0;0,41%;6,30%;6,54%;Rp1.108,52
HEALTH SUPPLEMENT;Enervon;Enervon-C;Consideration;Mar-26;TikTok;Micro;Niken karunia sari;Lifestyle;https://vt.tiktok.com/ZSuYo4THq/;11.200;Rp950.000;168;203;36;5;0;0,37%;20,20%;1,81%;Rp4.679,80
HEALTH SUPPLEMENT;Enervon;Enervon-C;Consideration;Mar-26;TikTok;Micro;Veni nabilla;Lifestyle;https://vt.tiktok.com/ZSu613DWM/;21.900;Rp950.000;168;3.327;73;2;1;0,35%;2,28%;15,19%;Rp285,54
HEALTH SUPPLEMENT;Enervon;Enervon-C;Consideration;Mar-26;TikTok;Micro;Lisa Nuraini;Lifestyle;https://vt.tiktok.com/ZSuLxNTnY/;23.000;Rp950.000;937;3.672;370;19;6;1,72%;10,76%;15,97%;Rp258,71
HEALTH SUPPLEMENT;Enervon;Enervon-C;Consideration;Mar-26;TikTok;Micro;Aprillia diah utami;Lifestyle;https://vt.tiktok.com/ZSuLfPEEU/;12.766;Rp950.000;10.308;22.812;178;16;21;1,68%;0,94%;178,69%;Rp41,64
HEALTH SUPPLEMENT;Enervon;Enervon-C;Consideration;Mar-26;TikTok;Micro;Chintia Caesariany;Lifestyle;https://vt.tiktok.com/ZSu2rMNET/;20.700;Rp950.000;656;702;12;0;1;0,06%;1,85%;3,39%;Rp1.353,28
HEALTH SUPPLEMENT;Enervon;Enervon-C;Consideration;Mar-26;TikTok;Micro;Zunita Shara Arubaiyah;Lifestyle;https://vt.tiktok.com/ZSuYgJSuw/;10.900;Rp950.000;120;959;15;2;3;0,18%;2,09%;8,80%;Rp990,62
HEALTH SUPPLEMENT;Enervon;Enervon-C;Consideration;Mar-26;TikTok;Micro;Dwi Syefria Ningsih;Lifestyle;https://vt.tiktok.com/ZSuYRNpYh/;15.700;Rp950.000;105;6.759;44;30;9;0,53%;1,23%;43,05%;Rp140,55
HEALTH SUPPLEMENT;Enervon;Enervon-C;Consideration;Mar-26;TikTok;Micro;Puji hidayati;Lifestyle;https://vt.tiktok.com/ZSuLX2FRp/;17.000;Rp950.000;5.000;7.660;294;22;21;1,98%;4,40%;45,06%;Rp124,02
HEALTH SUPPLEMENT;Enervon;Enervon-C;Consideration;Mar-26;TikTok;Micro;Fipit yulianti;Lifestyle;https://vt.tiktok.com/ZSu81Rnx1/;20.300;Rp950.000;3.100;3.136;78;1;1;0,39%;2,55%;15,45%;Rp302,93
HEALTH SUPPLEMENT;Enervon;Enervon-C;Consideration;Mar-26;TikTok;Micro;Istiqomah Gayatri;Lifestyle;https://vt.tiktok.com/ZSuLqPLLM/;14.800;Rp950.000;1.100;5.315;68;18;13;0,67%;1,86%;35,91%;Rp178,74
HEALTH SUPPLEMENT;Enervon;Enervon-C;Consideration;Mar-26;TikTok;Micro;Citra Amalia;Lifestyle;https://vt.tiktok.com/ZSu2jDLVS/;11.200;Rp950.000;233;1.266;36;24;41;0,90%;7,98%;11,30%;Rp750,39
HEALTH SUPPLEMENT;Enervon;Enervon-C;Consideration;Mar-26;TikTok;Micro;Atika Rahmayanti;Lifestyle;https://vt.tiktok.com/ZSu27by9E/;12.000;Rp950.000;7.000;10.845;694;65;28;6,56%;7,26%;90,38%;Rp87,60
HEALTH SUPPLEMENT;Enervon;Enervon-C;Consideration;Mar-26;TikTok;Micro;Rika Yusnia Putri;Lifestyle;https://vt.tiktok.com/ZSuLCRHNQ/;14.500;Rp950.000;2.100;5.320;128;33;31;1,32%;3,61%;36,69%;Rp178,57
HEALTH SUPPLEMENT;Enervon;Enervon-C;Consideration;Mar-26;TikTok;Micro;Fika;Lifestyle;https://vt.tiktok.com/ZSu82wkrF/;245.000;Rp950.000;3.600;4.760;195;19;19;0,10%;4,89%;1,94%;Rp199,58
HEALTH SUPPLEMENT;Enervon;Enervon-C;Consideration;Mar-26;TikTok;Micro;Nonik Nur M;Lifestyle;https://vt.tiktok.com/ZSuYjS1RK/;12.000;Rp950.000;1.800;3.797;250;33;97;3,17%;10,01%;31,64%;Rp250,20
HEALTH SUPPLEMENT;Enervon;Enervon-C;Consideration;Mar-26;TikTok;Micro;Ridatiningsih;Lifestyle;https://vt.tiktok.com/ZSuY6X8oB/;23.000;Rp950.000;1.300;1.379;116;0;0;0,50%;8,41%;6,00%;Rp688,91
HEALTH SUPPLEMENT;Enervon;Enervon-C;Consideration;Mar-26;TikTok;Micro;Diah Awalokiteswari;Lifestyle;https://vt.tiktok.com/ZSuNkSRXK/;10.200;Rp950.000;99;569;27;8;3;0,37%;6,68%;5,58%;Rp1.669,60
HEALTH SUPPLEMENT;Enervon;Enervon-C;Consideration;Mar-26;TikTok;Micro;fitri hidayanti;Lifestyle;https://vt.tiktok.com/ZSuF7LMXw/;12.600;Rp950.000;218;257;40;18;13;0,56%;27,63%;2,04%;Rp3.696,50
HEALTH SUPPLEMENT;Enervon;Enervon-C;Consideration;Mar-26;TikTok;Micro;Tutut Handayani;Lifestyle;https://vt.tiktok.com/ZSuY1nWdw/;45.000;Rp950.000;382;452;21;2;0;0,05%;5,09%;1,00%;Rp2.101,77
HEALTH SUPPLEMENT;Enervon;Enervon-C;Consideration;May-26;TikTok;Macro;arsipamira;Lifestyle;https://vt.tiktok.com/ZSxMvB6Wh/;47.900;Rp2.640.000;16.700;286.987;143;9;1;0,32%;0,05%;599,14%;Rp9,20
HEALTH SUPPLEMENT;Enervon;Enervon-C;Consideration;May-26;TikTok;Macro;Fierrlia;Lifestyle;https://vt.tiktok.com/ZSxutr3Ph/;204.600;Rp11.550.000;318.400;508.603;1.391;5;31;0,70%;0,28%;248,58%;Rp22,71
HEALTH SUPPLEMENT;Enervon;Enervon-C;Consideration;May-26;TikTok;Macro;adha.rzky;Lifestyle;https://vt.tiktok.com/ZSxutHj5v/;51.200;Rp8.000.000;26.600;40.474;1.539;40;31;3,14%;3,98%;79,05%;Rp197,66
HEALTH SUPPLEMENT;Enervon;Enervon-C;Consideration;May-26;TikTok;Macro;ericashintia;Lifestyle;https://vt.tiktok.com/ZSxutr3Ph/;48.900;Rp3.547.500;2.300;3.218;106;4;7;0,24%;3,64%;6,58%;Rp1.102,39
HEALTH SUPPLEMENT;Enervon;Enervon-C;Consideration;May-26;TikTok;Macro;ridhomlnn;Lifestyle;https://vt.tiktok.com/ZSxpfjK2x/;438.500;Rp14.520.000;13.800;19.323;1.562;41;26;0,37%;8,43%;4,41%;Rp751,44
HEALTH SUPPLEMENT;Enervon;Enervon-C;Consideration;May-26;TikTok;Macro;ficrafth;Lifestyle;https://vt.tiktok.com/ZSxAc1As9/;2.200.000;Rp16.500.000;28.300;35.643;1.849;26;4;0,09%;5,27%;1,62%;Rp462,92
HEALTH SUPPLEMENT;Enervon;Enervon-C;Consideration;Jul-26;TikTok;Macro;mrs.allx;Lifestyle;https://vt.tiktok.com/ZSXNcX1y8/;471.000;Rp5.610.000;55.000;70.000;1.042;27;59;0,24%;1,61%;14,86%;Rp80,14
HEALTH SUPPLEMENT;Enervon;Enervon-C;Consideration;Jul-26;TikTok;Macro;septian_amd;Lifestyle;https://vt.tiktok.com/ZSCnMqn6d/;147.300;Rp2.062.500;2.200.000;3.700.000;8.121;36;194;5,67%;0,23%;2511,88%;Rp0,56
HEALTH SUPPLEMENT;Enervon;Enervon-C;Consideration;Jul-26;TikTok;Macro;paparayyyy;Lifestyle;https://vt.tiktok.com/ZSCtMC2Ay/;131.000;Rp8.250.000;61.200;79.000;776;6;44;0,63%;1,05%;60,31%;Rp104,43
HEALTH SUPPLEMENT;Enervon;Enervon-C;Consideration;Jul-26;TikTok;Macro;chikaasss;Lifestyle;https://vt.tiktok.com/ZSXWTT8QU/;695.000;Rp12.805.500;1.500;1.800;69;4;4;0,01%;4,28%;0,26%;Rp7.114,17
HEALTH SUPPLEMENT;Enervon;Enervon-C;Consideration;Jul-26;TikTok;Micro;Mega Gilang Cempaka;Lifestyle;https://www.tiktok.com/@megacempaka/video/7660907466812689684?utm_campaign=tt4d_open_api&utm_source=awtsed5i9xzgi8ph;16.400;Rp971.429;7.000;8.448;42;26;30;0,60%;1,16%;51,51%;Rp114,99
HEALTH SUPPLEMENT;Enervon;Enervon-C;Consideration;Jul-26;TikTok;Micro;Riskisafira;Lifestyle;https://www.tiktok.com/@riskisafira27/video/7660314791398870293?is_from_webapp=1&sender_device=pc;23.200;Rp971.429;1.300;2.313;43;0;9;0,22%;2,25%;9,97%;Rp419,99
HEALTH SUPPLEMENT;Enervon;Enervon-C;Consideration;Jul-26;TikTok;Micro;Pegi Wulandari;Lifestyle;https://www.tiktok.com/@pwddaily/video/7660445887201660180?utm_campaign=tt4d_open_api&utm_source=awtsed5i9xzgi8ph;11.100;Rp971.429;3.600;3.755;15;3;6;0,22%;0,64%;33,83%;Rp258,70
HEALTH SUPPLEMENT;Enervon;Enervon-C;Consideration;Jul-26;TikTok;Micro;Destri Lestari;Lifestyle;https://www.tiktok.com/@des3lestari/video/7660935511330131220?utm_campaign=tt4d_open_api&utm_source=awtsed5i9xzgi8ph;13.300;Rp971.429;4.506;5.633;78;36;219;2,50%;5,91%;42,35%;Rp172,45
HEALTH SUPPLEMENT;Enervon;Enervon-C;Consideration;Jul-26;TikTok;Micro;Andi Ratna M;Lifestyle;https://www.tiktok.com/@andiratnam/video/7660518446228049160?utm_campaign=tt4d_open_api&utm_source=awtsed5i9xzgi8ph;12.700;Rp971.429;3.800;4.830;127;12;13;1,20%;3,15%;38,03%;Rp201,12
HEALTH SUPPLEMENT;Enervon;Enervon-C;Consideration;Jul-26;TikTok;Micro;Robit Fahrubi;Lifestyle;https://www.tiktok.com/@albertnotrobet/video/7660394134083259655?is_from_webapp=1&sender_device=pc;65.800;Rp971.429;1.000;1.042;38;5;0;0,07%;4,13%;1,58%;Rp932,27
HEALTH SUPPLEMENT;Enervon;Enervon-C;Consideration;Jul-26;TikTok;Micro;Zhafira;Lifestyle;https://www.tiktok.com/@mishbahrahmayani/video/7660512670772415765?is_from_webapp=1&sender_device=pc;103.100;Rp971.429;1.600;2.570;8;2;4;0,01%;0,54%;2,49%;Rp377,99
HEALTH SUPPLEMENT;Enervon;Enervon-C;Consideration;Jul-26;TikTok;Micro;Nila Matsuna;Lifestyle;https://www.tiktok.com/@nilalalamatsu92/video/7660758803830312200?utm_campaign=tt4d_open_api&utm_source=awtsed5i9xzgi8ph;14.300;Rp971.429;5.225;6.531;32;19;12;0,44%;0,96%;45,67%;Rp148,74
HEALTH SUPPLEMENT;Enervon;Enervon-C;Consideration;Jul-26;TikTok;Micro;Desi Novita;Lifestyle;https://www.tiktok.com/@desnov1812/video/7660835926850997524?utm_campaign=tt4d_open_api&utm_source=awtsed5i9xzgi8ph;62.000;Rp971.429;4.675;5.844;15;0;21;0,06%;0,62%;9,43%;Rp166,23
HEALTH SUPPLEMENT;Enervon;Enervon-C;Consideration;Jul-26;TikTok;Micro;Rika Ria;Lifestyle;https://www.tiktok.com/@rikariaf/video/7660137293965167892?utm_campaign=tt4d_open_api&utm_source=awtsed5i9xzgi8ph;28.400;Rp971.429;1.900;2.807;206;85;7;1,05%;10,62%;9,88%;Rp346,07
HEALTH SUPPLEMENT;Enervon;Enervon-C;Consideration;Jul-26;TikTok;Micro;Sarah Ivanda;Lifestyle;https://www.tiktok.com/@sarahivanda/video/7659712618487090439?is_from_webapp=1&sender_device=pc;14.300;Rp971.429;76;4.673;195;1;9;1,43%;4,39%;32,68%;Rp207,88
HEALTH SUPPLEMENT;Enervon;Enervon-C;Consideration;Jul-26;TikTok;Micro;Aul;Lifestyle;https://www.tiktok.com/@geminigurlll050/video/7660061461837892885?is_from_webapp=1&sender_device=pc;79.300;Rp971.429;16;1.099;102;9;1;0,14%;10,19%;1,39%;Rp883,92
HEALTH SUPPLEMENT;Enervon;Enervon-C;Consideration;Jul-26;TikTok;Micro;Rahadita;Lifestyle;https://www.tiktok.com/@mommydita2/video/7659101077555449108?is_from_webapp=1&sender_device=pc;10.600;Rp971.429;90;869;28;16;3;0,44%;5,41%;8,20%;Rp1.117,87
HEALTH SUPPLEMENT;Enervon;Enervon-C;Consideration;Jul-26;TikTok;Micro;Asholihaa;Lifestyle;https://www.tiktok.com/@asholihaa/video/7659965845367622933?is_from_webapp=1&sender_device=pc;61.700;Rp971.429;7.300;8.096;16;0;0;0,03%;0,20%;13,12%;Rp119,99
HEALTH SUPPLEMENT;Enervon;Enervon-C;Consideration;Jul-26;TikTok;Micro;Dhita Oktarina Putri;Lifestyle;https://www.tiktok.com/@dhitaoktaputri/video/7659709122887044359?is_from_webapp=1&sender_device=pc;13.000;Rp971.429;27;40;5;0;0;0,04%;12,50%;0,31%;Rp24.285,73
HEALTH SUPPLEMENT;Enervon;Enervon-C;Consideration;Jul-26;TikTok;Micro;Rosaline Madeline;Lifestyle;https://www.tiktok.com/@rslmydln/video/7659831977167637778;18.700;Rp971.429;336;590;130;2;4;0,73%;23,05%;3,16%;Rp1.646,49
HEALTH SUPPLEMENT;Enervon;Enervon-C;Consideration;Jul-26;TikTok;Micro;Alsya Ika;Lifestyle;https://www.tiktok.com/@zafranmamaaaaa/video/7659696199900859668?is_from_webapp=1&sender_device=pc;11.400;Rp971.429;3.500;5.425;108;27;114;2,18%;4,59%;47,59%;Rp179,07
HEALTH SUPPLEMENT;Enervon;Enervon-C;Consideration;Jul-26;TikTok;Micro;Sarah ivanda;Lifestyle;https://www.tiktok.com/@sarahivanda/video/7659712618487090439?is_from_webapp=1&sender_device=pc;14.300;Rp971.429;76;4.673;195;1;9;1,43%;4,39%;32,68%;Rp207,88
HEALTH SUPPLEMENT;Enervon;Enervon-C;Consideration;Jul-26;TikTok;Micro;Andry Gunawan;Lifestyle;https://www.tiktok.com/@sarjana.kesayanganmertua/video/7659209540419751186?is_from_webapp=1&sender_device=pc;31.000;Rp971.429;3.700;4.564;24;0;0;0,08%;0,53%;14,72%;Rp212,85
HEALTH SUPPLEMENT;Enervon;Enervon-C;Consideration;Jul-26;TikTok;Micro;Gabriel Melinaw;Lifestyle;https://www.tiktok.com/@gabrielamelinaw/video/7659987899550534933?is_from_webapp=1&sender_device=pc;29.800;Rp971.429;7.875;7.875;11;0;0;0,04%;0,14%;26,43%;Rp123,36
HEALTH SUPPLEMENT;Enervon;Enervon-C;Consideration;Jul-26;TikTok;Micro;Astridea Artika Arsa;Lifestyle;https://www.tiktok.com/@diaryreviewku/video/7660101368044342548?is_from_webapp=1&sender_device=pc;43.900;Rp971.429;32;78;9;2;0;0,03%;14,10%;0,18%;Rp12.454,22
HEALTH SUPPLEMENT;Enervon;Enervon-C;Consideration;Jul-26;TikTok;Micro;Nadia Oktavia;Lifestyle;https://www.tiktok.com/@nadiaoktaviiaa/video/7659783334305860884?is_from_webapp=1&sender_device=pc;10.500;Rp971.429;80;901;10;0;0;0,10%;1,11%;8,58%;Rp1.078,17
HEALTH SUPPLEMENT;Enervon;Enervon-C;Consideration;Jul-26;TikTok;Micro;Reni Septasia;Lifestyle;https://www.tiktok.com/@rnispta06_/video/7660090437717347605?is_from_webapp=1&sender_device=pc;47.400;Rp971.429;41;110;6;0;1;0,01%;6,36%;0,23%;Rp8.831,17
HEALTH SUPPLEMENT;Enervon;Enervon-C;Consideration;Jul-26;TikTok;Micro;Niken Adellia;Lifestyle;https://www.tiktok.com/@adell.me/video/7659744729835244820?is_from_webapp=1&sender_device=pc;96.300;Rp971.429;3.400;4.824;2;0;0;0,00%;0,04%;5,01%;Rp201,37
HEALTH SUPPLEMENT;Enervon;Enervon-C;Consideration;Jul-26;TikTok;Micro;Dita Handiyanti;Lifestyle;https://www.tiktok.com/@ditahandi_/video/7659001613910330632?utm_campaign=tt4d_open_api&utm_source=awtsed5i9xzgi8ph;24.300;Rp971.429;12.300;14.900;343;17;22;1,57%;2,56%;61,32%;Rp65,20
HEALTH SUPPLEMENT;Enervon;Enervon-C;Consideration;Jul-26;TikTok;Micro;Ayuni Nabila Putri;Lifestyle;https://www.tiktok.com/@nabillaaa17/video/7659720780183244053?utm_campaign=tt4d_open_api&utm_source=awtsed5i9xzgi8ph;14.100;Rp971.429;83;92;5;4;2;0,08%;11,96%;0,65%;Rp10.559,01
HEALTH SUPPLEMENT;Enervon;Enervon-C;Consideration;Jul-26;TikTok;Micro;Faisal Arya;Lifestyle;https://www.tiktok.com/@faisalary/video/7659039484343749908?utm_campaign=tt4d_open_api&utm_source=awtsed5i9xzgi8ph;18.500;Rp971.429;65;65;2;0;0;0,01%;3,08%;0,35%;Rp14.945,06
HEALTH SUPPLEMENT;Enervon;Enervon-C;Consideration;Jul-26;TikTok;Micro;Anisa Aryant;Lifestyle;https://www.tiktok.com/@anisaaryant/video/7659303637729987858?utm_campaign=tt4d_open_api&utm_source=awtsed5i9xzgi8ph;14.600;Rp971.429;11.900;12.100;181;81;243;3,46%;4,17%;82,88%;Rp80,28
HEALTH SUPPLEMENT;Enervon;Enervon-C;Consideration;Jul-26;TikTok;Micro;Chacha Peregrin;Lifestyle;https://www.tiktok.com/@oktavianac/video/7654837520248671495?utm_campaign=tt4d_open_api&utm_source=awtsed5i9xzgi8ph;22.300;Rp971.429;3.600;4.319;149;27;26;0,91%;4,68%;19,37%;Rp224,92
HEALTH SUPPLEMENT;Enervon;Enervon-C;Consideration;Jul-26;TikTok;Micro;Santos Prakoso;Lifestyle;https://www.tiktok.com/@sansoohyun/video/7658468272215444754?_r=1&_t=ZS-97jsKFM4wJp;1.700.000;Rp971.429;4.608;4.841;20;4;5;0,00%;0,60%;0,28%;Rp200,67
HEALTH SUPPLEMENT;Enervon;Enervon-C;Consideration;Jul-26;TikTok;Micro;Safira Majid;Lifestyle;https://www.tiktok.com/@nonafira/video/7654950454492712212?utm_campaign=tt4d_open_api&utm_source=awtsed5i9xzgi8ph;12.100;Rp971.429;4.100;4.380;20;2;3;0,21%;0,57%;36,20%;Rp221,79
HEALTH SUPPLEMENT;Enervon;Enervon-C;Consideration;Jul-26;TikTok;Micro;Naila Bilbina;Lifestyle;https://www.tiktok.com/@causeyoulose/video/7656403371754081557?utm_campaign=tt4d_open_api&utm_source=awtsed5i9xzgi8ph;48.800;Rp971.429;4.502;5.018;16;3;2;0,04%;0,42%;10,28%;Rp193,59
HEALTH SUPPLEMENT;Enervon;Enervon-C;Consideration;Jul-26;TikTok;Micro;Rizky Rahmat Hidayat;Lifestyle;https://www.tiktok.com/@rizkyrahmat200/video/7659043362942635272?utm_campaign=tt4d_open_api&utm_source=awtsed5i9xzgi8ph;19.800;Rp971.429;3.967;3.967;12;2;2;0,08%;0,40%;20,04%;Rp244,88
HEALTH SUPPLEMENT;Enervon;Enervon-C;Consideration;Jul-26;TikTok;Micro;Novanka;Lifestyle;https://www.tiktok.com/@spillspacebyicha/video/7659037276852292884?is_from_webapp=1&sender_device=pc;13.700;Rp971.429;219;185;6;0;1;0,05%;3,78%;1,35%;Rp5.250,97
HEALTH SUPPLEMENT;Enervon;Enervon-C;Consideration;Jul-26;TikTok;Nano;Ratna Wati Mandasari;Lifestyle;https://www.tiktok.com/@rmanda789/video/7657907482035195156?_r=1&_t=ZS-97hIV3CJxNF;20.700;Rp971.429;3.600;5.689;413;64;160;3,08%;11,20%;27,48%;Rp170,76
HEALTH SUPPLEMENT;Enervon;Enervon-C;Consideration;Jul-26;TikTok;Nano;Nickito Permata;Lifestyle;https://www.tiktok.com/@nickitobtob/video/7658513852031618312?_r=1&_t=ZS-97k5EbXIIvH;17.500;Rp971.429;12.200;16.300;327;23;1;2,01%;2,15%;93,14%;Rp59,60
HEALTH SUPPLEMENT;Enervon;Enervon-C;Consideration;Jul-26;TikTok;Nano;Nonik Nur M;Lifestyle;https://www.tiktok.com/@dearshaa_/video/7657898799762853128?_r=1&_t=ZS-97hJGkyHb2D;12.000;Rp971.429;3.800;5.062;240;25;48;2,61%;6,18%;42,18%;Rp191,91
HEALTH SUPPLEMENT;Enervon;Enervon-C;Consideration;Jul-26;TikTok;Nano;elsaayunisaeri;Lifestyle;https://www.tiktok.com/@elsaayunisaeri/video/7658528038644141320?is_from_webapp=1&sender_device=pc;15.200;Rp971.429;1.800;2.414;65;40;3;0,71%;4,47%;15,88%;Rp402,41
HEALTH SUPPLEMENT;Enervon;Enervon-C;Consideration;Jul-26;TikTok;Nano;Elma Liana;Lifestyle;https://www.tiktok.com/@elmaliana20/video/7658706456882990356?_r=1&_t=ZS-97l2OibZQC9;13.100;Rp971.429;631;6.509;60;2;92;1,18%;2,37%;49,69%;Rp149,24
HEALTH SUPPLEMENT;Enervon;Enervon-C;Consideration;Jul-26;TikTok;Nano;Erna Apriyanti;Lifestyle;https://www.tiktok.com/@mommynaesa/video/7658655271060786453?is_from_webapp=1&sender_device=pc;27.200;Rp971.429;3.700;4.119;18;18;68;0,38%;2,52%;15,14%;Rp235,84
HEALTH SUPPLEMENT;Enervon;Enervon-C;Consideration;Jul-26;TikTok;Nano;Ratna Puspitasari;Lifestyle;https://www.tiktok.com/@fanindra.17/video/7658534945849216277?_r=1&_t=ZS-97kDYOI0vGi;10.200;Rp971.429;2.500;2.593;27;38;21;0,84%;3,32%;25,42%;Rp374,64
HEALTH SUPPLEMENT;Enervon;Enervon-C;Consideration;Jul-26;TikTok;Nano;Reychal Putri;Lifestyle;https://www.tiktok.com/@reychal_putri/video/7658531221512670471?_r=1&_t=ZS-97k9W1v4fN2;14.000;Rp971.429;211;339;90;0;3;0,66%;27,43%;2,42%;Rp2.865,57
HEALTH SUPPLEMENT;Enervon;Enervon-C;Consideration;Jul-26;TikTok;Nano;Hanifia;Lifestyle;https://www.tiktok.com/@noturcrushanym/video/7658963158450687253?_r=1&_t=ZS-97m8HA8gesm;106.100;Rp971.429;124;4.431;35;25;14;0,07%;1,67%;4,18%;Rp219,23
HEALTH SUPPLEMENT;Enervon;Enervon-C;Consideration;Jul-26;TikTok;Nano;SELVY PUTRI;Lifestyle;https://www.tiktok.com/@selvyk/video/7657916635134594325?_r=1&_t=ZS-97i9cma7mU8;11.700;Rp971.429;205;235;31;24;12;0,57%;28,51%;2,01%;Rp4.133,74
HEALTH SUPPLEMENT;Enervon;Enervon-C;Consideration;Jul-26;TikTok;Nano;Patricia;Lifestyle;https://www.tiktok.com/@my.ichinerary/video/7658889436905753863?_r=1&_t=ZS-97m3BsLKbU0;102.400;Rp971.429;3.500;5.149;17;8;10;0,03%;0,68%;5,03%;Rp188,66
HEALTH SUPPLEMENT;Enervon;Enervon-C;Consideration;Jul-26;TikTok;Nano;nathaniella debrina;Lifestyle;https://www.tiktok.com/@babiucu/video/7658922119312542997?_r=1&_t=ZS-97n9vN6j3DA;29.400;Rp971.429;213;264;7;0;1;0,03%;3,03%;0,90%;Rp3.679,66
HEALTH SUPPLEMENT;Enervon;Enervon-C;Consideration;Jul-26;TikTok;Nano;Elvira Fransisca;Lifestyle;https://www.tiktok.com/@mommydita2/video/7659101077555449108?_r=1&_t=ZS-97mnzDl2wbZ;10.600;Rp971.429;1.300;1.674;5;0;1;0,06%;0,36%;15,79%;Rp580,30
HEALTH SUPPLEMENT;Enervon;Enervon-C;Consideration;Jul-26;TikTok;Nano;Rico;Lifestyle;https://www.tiktok.com/@rcznotfound/video/7658545199437663509?_r=1&_t=ZS-97kvENIjvsn;15.600;Rp971.429;142;177;8;0;0;0,05%;4,52%;1,13%;Rp5.488,30
HEALTH SUPPLEMENT;Enervon;Enervon-C;Consideration;Jul-26;TikTok;Nano;Nia Yonita;Lifestyle;https://www.tiktok.com/@naniyaaw/video/7658443003559742740?is_from_webapp=1&sender_device=pc;10.700;Rp971.429;324;758;26;2;6;0,32%;4,49%;7,08%;Rp1.281,57
HEALTH SUPPLEMENT;Enervon;Enervon-C;Consideration;Jul-26;TikTok;Nano;Mela Amelia;Lifestyle;https://www.tiktok.com/@melaamelyaa2/video/7658642255728659719?is_from_webapp=1&sender_device=pc;13.300;Rp971.429;74;95;4;0;8;0,09%;12,63%;0,71%;Rp10.225,57
HEALTH SUPPLEMENT;Enervon;Enervon-C;Consideration;Jul-26;TikTok;Nano;Dita Utami Sari;Lifestyle;https://www.tiktok.com/@fifa.entertain/video/7657006477671959829?is_from_webapp=1&sender_device=pc;13.200;Rp971.429;645;4.130;290;46;104;3,33%;10,65%;31,29%;Rp235,21
HEALTH SUPPLEMENT;Enervon;Enervon-C;Consideration;Jul-26;TikTok;Nano;Rizka Amalia;Lifestyle;https://www.tiktok.com/@rizkaamalia33750/video/7657856835709308178?_r=1&_t=ZS-97h4JJ9CC9a;15.800;Rp971.429;15.000;1.713;153;61;80;1,86%;17,16%;10,84%;Rp567,09
HEALTH SUPPLEMENT;Enervon;Enervon-C;Consideration;Jul-26;TikTok;Nano;Nia Kurniasih;Lifestyle;https://www.tiktok.com/@nia.knia1/video/7657926932469697800?is_from_webapp=1&sender_device=pc;35.200;Rp971.429;2.200;4.367;123;31;52;0,59%;4,72%;12,41%;Rp222,45
HEALTH SUPPLEMENT;Enervon;Enervon-C;Consideration;Jul-26;TikTok;Nano;Tyas;Lifestyle;https://www.tiktok.com/@tyas.styass/video/7658104049069231381?is_from_webapp=1&sender_device=pc;22.400;Rp971.429;4.100;5.687;201;10;23;1,04%;4,11%;25,39%;Rp170,82
HEALTH SUPPLEMENT;Enervon;Enervon-C;Consideration;Jul-26;TikTok;Nano;Meika Deby;Lifestyle;https://www.tiktok.com/@demika20/video/7657870825315437844?is_from_webapp=1&sender_device=pc;12.800;Rp971.429;3.600;6.023;107;20;23;1,17%;2,49%;47,05%;Rp161,29
HEALTH SUPPLEMENT;Enervon;Enervon-C;Consideration;Jul-26;TikTok;Nano;Nita angginia;Lifestyle;https://www.tiktok.com/@nita.angginia/video/7657137826382925074?is_from_webapp=1&sender_device=pc;18.300;Rp971.429;195;1.741;96;14;19;0,70%;7,41%;9,51%;Rp557,97
HEALTH SUPPLEMENT;Enervon;Enervon-C;Consideration;Jul-26;TikTok;Nano;Della mutia sari;Lifestyle;https://www.tiktok.com/@dellamutias/video/7658641944473652500?_r=1&_t=ZS-97kfQJeBgRR;10.600;Rp971.429;3.900;4.580;35;20;9;0,60%;1,40%;43,21%;Rp212,10
HEALTH SUPPLEMENT;Enervon;Enervon-C;Consideration;Jul-26;TikTok;Nano;Agnes kristi;Lifestyle;https://www.tiktok.com/@agnezkristi/video/7657097645957188884?_r=1&_t=ZS-97daW9NdGqa;12.200;Rp971.429;3.700;4.164;56;0;4;0,49%;1,44%;34,13%;Rp233,29
HEALTH SUPPLEMENT;Enervon;Enervon-C;Consideration;Jul-26;TikTok;Nano;Ayu oktaviani;Lifestyle;https://www.tiktok.com/@ayuanggunleo/video/7657907097224465682?_r=1&_t=ZS-97hIM12y9Lj;25.600;Rp971.429;4.700;4.882;22;13;2;0,14%;0,76%;19,07%;Rp198,98
HEALTH SUPPLEMENT;Enervon;Enervon-C;Consideration;Jul-26;TikTok;Nano;Pradita cyntiawati;Lifestyle;https://www.tiktok.com/@cyntiayoga/video/7658535573719698709?_r=1&_t=ZS-97kBbHtU6WS;19.600;Rp971.429;854;1.558;3;2;0;0,03%;0,32%;7,95%;Rp623,51
HEALTH SUPPLEMENT;Enervon;Enervon-C;Consideration;Jul-26;TikTok;Nano;Siti fitriyani;Lifestyle;https://www.tiktok.com/@mywoman17_/video/7657544446585687303?is_from_webapp=1&sender_device=pc;21.100;Rp971.429;4.400;6.354;211;0;1;1,00%;3,34%;30,11%;Rp152,88
HEALTH SUPPLEMENT;Enervon;Enervon-C;Consideration;Jul-26;TikTok;Nano;Yurinta;Lifestyle;https://www.tiktok.com/@8yourtropicalbaby/video/7657594523765329173?is_from_webapp=1&sender_device=pc;14.600;Rp971.429;368;739;225;12;12;1,71%;33,69%;5,06%;Rp1.314,52
HEALTH SUPPLEMENT;Enervon;Enervon-C;Consideration;Jul-26;TikTok;Nano;Lukman;Lifestyle;https://www.tiktok.com/@agusluk_/video/7657468469662846229?is_from_webapp=1&sender_device=pc;108.400;Rp971.429;1.200;1.278;65;24;4;0,09%;7,28%;1,18%;Rp760,12
HEALTH SUPPLEMENT;Enervon;Enervon-C;Consideration;Jul-26;TikTok;Nano;shella leviana;Lifestyle;https://www.tiktok.com/@sh.leviana/video/7657434207614012690?is_from_webapp=1&sender_device=pc;11.200;Rp971.429;4.554;3.300;45;31;8;0,75%;2,55%;29,46%;Rp294,37
HEALTH SUPPLEMENT;Enervon;Enervon-C;Consideration;Jul-26;TikTok;Nano;Tarisa desty;Lifestyle;https://www.tiktok.com/@taris908/video/7657387403623042311?is_from_webapp=1&sender_device=pc;10.500;Rp971.429;380;1.458;18;15;13;0,44%;3,16%;13,89%;Rp666,28
HEALTH SUPPLEMENT;Enervon;Enervon-C;Consideration;Jul-26;TikTok;Nano;Kirania aqila p;Lifestyle;https://www.tiktok.com/@serein.raine/video/7657385641453374740?is_from_webapp=1&sender_device=pc;17.400;Rp971.429;115;168;15;8;5;0,16%;16,67%;0,97%;Rp5.782,32
HEALTH SUPPLEMENT;Enervon;Enervon-C;Consideration;Jul-26;TikTok;Nano;Awwalani;Lifestyle;https://www.tiktok.com/@awwalanii/video/7658598645280918805?is_from_webapp=1&sender_device=pc;36.600;Rp971.429;59;427;9;0;0;0,02%;2,11%;1,17%;Rp2.275,01
HEALTH SUPPLEMENT;Enervon;Enervon-C;Consideration;Jul-26;TikTok;Nano;Michella Janice;Lifestyle;https://www.tiktok.com/@michellajanice/video/7658718078955539732?is_from_webapp=1&sender_device=pc;10.700;Rp971.429;92;92;4;0;0;0,04%;4,35%;0,86%;Rp10.559,01
HEALTH SUPPLEMENT;Enervon;Enervon Gold;Consideration;Apr-26;TikTok;Micro;Idho Chaniago;Lifestyle;https://vt.tiktok.com/ZS9fxe4NE/;57.400;Rp6.750.000;355.900;690.000;1.443;11;63;2,64%;0,22%;1202,09%;Rp9,78
HEALTH SUPPLEMENT;Enervon;Enervon Gold;Consideration;Apr-26;TikTok;Micro;Naufal Architect;Lifestyle;https://vt.tiktok.com/ZS95nrDtc/;11.500;Rp9.000.000;15.747;15.747;1.381;125;41;13,45%;9,82%;136,93%;Rp571,54
HEALTH SUPPLEMENT;Enervon;Enervon Gold;Consideration;Feb-26;TikTok;Macro;cutfatimahh;Lifestyle;https://vt.tiktok.com/ZSmfvstdX/;470.600;Rp4.950.000;1.300.000;1.409.514;1.514;11;52;0,34%;0,11%;299,51%;Rp3,51
HEALTH SUPPLEMENT;Enervon;Enervon Gold;Consideration;Feb-26;TikTok;Macro;itsdoktermuda;Health;https://vt.tiktok.com/ZSmfcJC7M/;211.300;Rp10.725.000;2.800.000;3.504.724;1.555;13;69;0,77%;0,05%;1658,65%;Rp3,06
HEALTH SUPPLEMENT;Enervon;Enervon Gold;Consideration;Feb-26;TikTok;Micro;bungalenanta;Lifestyle;https://vt.tiktok.com/ZSmarv4yJ/;34.700;Rp4.950.000;661;281.326;133;2;3;0,40%;0,05%;810,74%;Rp17,60
HEALTH SUPPLEMENT;Enervon;Enervon Gold;Consideration;Feb-26;TikTok;Micro;alyssaazka;Lifestyle;https://vt.tiktok.com/ZSmp8KB1y/;27.200;Rp3.135.000;2.500.000;3.200.000;1.182;7;88;4,69%;0,04%;11764,71%;Rp0,98
HEALTH SUPPLEMENT;Enervon;Enervon Gold;Consideration;Feb-26;TikTok;Micro;kendrakeisha;Lifestyle;https://vt.tiktok.com/ZSuAoS5bY/;16.000;Rp1.815.000;2.500;2.955;24;0;1;0,16%;0,85%;18,47%;Rp614,21
HEALTH SUPPLEMENT;Enervon;Enervon Gold;Consideration;Feb-26;TikTok;Micro;apotekerhack;Health;https://vt.tiktok.com/ZSujDeYq4/;36.300;Rp10.250.000;1.000;1.212;12;0;3;0,04%;1,24%;3,34%;Rp8.457,10
HEALTH SUPPLEMENT;Enervon;Enervon Gold;Consideration;Feb-26;TikTok;Micro;swastiyani_sppd;Lifestyle;https://vt.tiktok.com/ZSueyVuRR/;76.800;Rp11.550.000;2.100;2.681;62;4;4;0,09%;2,61%;3,49%;Rp4.308,09
HEALTH SUPPLEMENT;Enervon;Enervon Gold;Consideration;Feb-26;TikTok;Micro;dr.deamaulida;Health;https://vt.tiktok.com/ZSmmw8rrF/;29.200;Rp2.557.500;6.500.000;9.600.000;3.183;12;160;11,49%;0,03%;32876,71%;Rp0,27
HEALTH SUPPLEMENT;Enervon;Enervon Gold;Consideration;Mar-26;TikTok;Micro;Septiana;Lifestyle;https://www.tiktok.com/@septi_gendhis/video/7611402603515137288?is_from_webapp=1&sender_device=pc&web_id=7409935392189679112;12.900;Rp950.000;4.400;4.728;308;52;125;3,76%;10,26%;36,65%;Rp200,93
HEALTH SUPPLEMENT;Enervon;Enervon Gold;Consideration;Mar-26;TikTok;Micro;Agnes;Lifestyle;https://vt.tiktok.com/ZSm3UYjK7/;11.000;Rp950.000;109;124;15;8;3;0,24%;20,97%;1,13%;Rp7.661,29
HEALTH SUPPLEMENT;Enervon;Enervon Gold;Consideration;Mar-26;TikTok;Micro;Vivi Maqfirati;Lifestyle;https://vt.tiktok.com/ZSmsoDkNt/;15.100;Rp950.000;4.100;4.286;515;0;3;3,43%;12,09%;28,38%;Rp221,65
HEALTH SUPPLEMENT;Enervon;Enervon Gold;Consideration;Mar-26;TikTok;Micro;Tyas;Lifestyle;https://vt.tiktok.com/ZSm3yjrrx/;13.600;Rp950.000;2.700;3.996;226;63;108;2,92%;9,93%;29,38%;Rp237,74
HEALTH SUPPLEMENT;Enervon;Enervon Gold;Consideration;Mar-26;TikTok;Micro;Gwynamira;Lifestyle;https://vt.tiktok.com/ZSmoTxKMx/;19.378;Rp950.000;1.900;2.099;90;24;29;0,74%;6,81%;10,83%;Rp452,60
HEALTH SUPPLEMENT;Enervon;Enervon Gold;Consideration;Mar-26;TikTok;Micro;Meilia Wuryantati;Lifestyle;https://vt.tiktok.com/ZSu86nHuS/;16.200;Rp950.000;1.500;1.756;100;24;5;0,80%;7,35%;10,84%;Rp541,00
HEALTH SUPPLEMENT;Enervon;Enervon Gold;Consideration;Mar-26;TikTok;Micro;Diah Rosanti;Lifestyle;https://vt.tiktok.com/ZSmosJAEn/;35.000;Rp950.000;2.600;3.451;143;12;24;0,51%;5,19%;9,86%;Rp275,28
HEALTH SUPPLEMENT;Enervon;Enervon Gold;Consideration;Mar-26;TikTok;Micro;surya setyaningrum;Lifestyle;https://www.tiktok.com/@tiyhalaras/video/7613978495877696784?is_from_webapp=1&sender_device=pc&web_id=7409935392189679112;21.000;Rp950.000;4.600;5.408;589;11;3;2,87%;11,15%;25,75%;Rp175,67
HEALTH SUPPLEMENT;Enervon;Enervon Gold;Consideration;Mar-26;TikTok;Micro;Nia Kurniasih;Lifestyle;https://vt.tiktok.com/ZSmooedpx/;21.000;Rp950.000;126;1.358;37;30;129;0,93%;14,43%;6,47%;Rp699,56
HEALTH SUPPLEMENT;Enervon;Enervon Gold;Consideration;Mar-26;TikTok;Micro;Agatha Mulia;Lifestyle;https://vt.tiktok.com/ZSmoUeAyA/;20.900;Rp950.000;5.300;5.951;130;6;5;0,67%;2,37%;28,47%;Rp159,64
HEALTH SUPPLEMENT;Enervon;Enervon Gold;Consideration;Mar-26;TikTok;Micro;Tika Ryandika;Lifestyle;https://www.tiktok.com/@riandikamiss_/video/7614861440402410773?is_from_webapp=1&sender_device=pc&web_id=7409935392189679112;15.100;Rp950.000;1.600;1.696;94;3;23;0,79%;7,08%;11,23%;Rp560,14
HEALTH SUPPLEMENT;Enervon;Enervon Gold;Consideration;Mar-26;TikTok;Micro;Ratna Dwi Hartanti;Lifestyle;https://www.tiktok.com/@radofamily0504/video/7614052909839289621?is_from_webapp=1&sender_device=pc;22.000;Rp950.000;3.000;3.320;229;51;6;1,30%;8,61%;15,09%;Rp286,14
HEALTH SUPPLEMENT;Enervon;Enervon Gold;Consideration;Mar-26;TikTok;Micro;Putri Nurwanti;Lifestyle;https://vt.tiktok.com/ZSu1Fx5yn/;10.200;Rp950.000;1.700;2.236;164;90;5;2,54%;11,58%;21,92%;Rp424,87
HEALTH SUPPLEMENT;Enervon;Enervon Gold;Consideration;Mar-26;TikTok;Micro;Eva Dewi;Lifestyle;https://vt.tiktok.com/ZSmKQhFb6/;17.500;Rp950.000;3.200;3.822;268;44;44;2,03%;9,31%;21,84%;Rp248,56
HEALTH SUPPLEMENT;Enervon;Enervon Gold;Consideration;Mar-26;TikTok;Micro;Anis trisna;Lifestyle;https://vt.tiktok.com/ZSu8wkc5y/;68.000;Rp950.000;3.500;4.555;336;11;5;0,52%;7,73%;6,70%;Rp208,56
HEALTH SUPPLEMENT;Enervon;Enervon Gold;Consideration;Mar-26;TikTok;Micro;Dela Yogahara;Lifestyle;https://vt.tiktok.com/ZSmEqt8Kj/;36.600;Rp950.000;2.600;3.354;125;38;2;0,45%;4,92%;9,16%;Rp283,24
HEALTH SUPPLEMENT;Enervon;Enervon Gold;Consideration;Mar-26;TikTok;Micro;Nuvia Afrah;Lifestyle;https://vt.tiktok.com/ZSmEQaqw8/;31.800;Rp950.000;3.400;5.822;554;10;2;1,78%;9,72%;18,31%;Rp163,17
HEALTH SUPPLEMENT;Enervon;Enervon Gold;Consideration;Mar-26;TikTok;Micro;Ika Yuli Rahmawati;Lifestyle;https://vt.tiktok.com/ZSmoG5E8b/;10.900;Rp950.000;2.100;2.498;122;5;6;1,22%;5,32%;22,92%;Rp380,30
HEALTH SUPPLEMENT;Enervon;Enervon Gold;Consideration;Mar-26;TikTok;Micro;Fitria;Lifestyle;https://vt.tiktok.com/ZSmEs7SUo/;38.200;Rp950.000;186;1.300;41;33;10;0,22%;6,46%;3,40%;Rp730,77
HEALTH SUPPLEMENT;Enervon;Enervon Gold;Consideration;Mar-26;TikTok;Micro;bunga putri;Lifestyle;https://vt.tiktok.com/ZSmEs7SUo/;11.000;Rp950.000;643;2.092;106;12;4;1,11%;5,83%;19,02%;Rp454,11
HEALTH SUPPLEMENT;Enervon;Enervon Gold;Consideration;Mar-26;TikTok;Micro;Erfan;Lifestyle;https://vt.tiktok.com/ZSuNeBM9W/;30.500;Rp950.000;28.900;31.785;204;11;23;0,78%;0,75%;104,21%;Rp29,89
HEALTH SUPPLEMENT;Enervon;Enervon Gold;Consideration;Mar-26;TikTok;Micro;Citra Anggraeni;Lifestyle;https://vt.tiktok.com/ZSuYR1sEp/;10.605;Rp950.000;247;287;8;2;0;0,09%;3,48%;2,71%;Rp3.310,10
HEALTH SUPPLEMENT;Enervon;Enervon Gold;Consideration;Mar-26;TikTok;Micro;Evita Prasetya;Lifestyle;https://vt.tiktok.com/ZSuFEDspJ/;10.500;Rp950.000;129;154;50;41;4;0,90%;61,69%;1,47%;Rp6.168,83
HEALTH SUPPLEMENT;Enervon;Enervon Gold;Consideration;May-26;TikTok;Micro;Alsya Ika Ameilia;Lifestyle;https://vt.tiktok.com/ZSQMPG6dN/;22.000;Rp1.150.000;4.900;5.124;181;19;10;0,95%;4,10%;23,29%;Rp224,43
HEALTH SUPPLEMENT;Enervon;Enervon Gold;Consideration;May-26;TikTok;Micro;Andi Ratna Maharani;Lifestyle;https://vt.tiktok.com/ZSQM2Wa2y/;12.800;Rp1.150.000;2.900;3.023;202;27;23;1,97%;8,34%;23,62%;Rp380,42
HEALTH SUPPLEMENT;Enervon;Enervon Gold;Consideration;May-26;TikTok;Micro;Shuly Sabillia;Lifestyle;https://vt.tiktok.com/ZSQMCHGDM/;16.800;Rp1.150.000;2.700;2.891;167;13;9;1,13%;6,54%;17,21%;Rp397,79
HEALTH SUPPLEMENT;Enervon;Enervon Gold;Consideration;May-26;TikTok;Micro;Safira majid amani;Lifestyle;https://vt.tiktok.com/ZSQMLg8w5/;12.600;Rp1.150.000;2.100;2.460;139;4;6;1,18%;6,06%;19,52%;Rp467,48
HEALTH SUPPLEMENT;Enervon;Enervon Gold;Consideration;May-26;TikTok;Micro;Oriza sativa;Lifestyle;https://vt.tiktok.com/ZSQrSwTFS/;51.000;Rp1.150.000;2.412;2.413;132;22;7;0,32%;6,67%;4,73%;Rp476,59
HEALTH SUPPLEMENT;Enervon;Enervon Gold;Consideration;May-26;TikTok;Micro;April hatini;Lifestyle;https://vt.tiktok.com/ZSQMBPmdF/;26.800;Rp1.150.000;2.100;2.127;8;3;108;0,44%;5,59%;7,94%;Rp540,67
HEALTH SUPPLEMENT;Enervon;Enervon Gold;Consideration;May-26;TikTok;Micro;Lisa M;Lifestyle;https://vt.tiktok.com/ZSQhKomUn/;10.800;Rp1.150.000;331;1.121;100;1;5;0,98%;9,46%;10,38%;Rp1.025,87
HEALTH SUPPLEMENT;Enervon;Enervon Gold;Consideration;May-26;TikTok;Micro;kiky almira;Lifestyle;https://vt.tiktok.com/ZSQMLbg4y/;21.600;Rp1.150.000;720;1.048;7;8;0;0,07%;1,43%;4,85%;Rp1.097,33
HEALTH SUPPLEMENT;Enervon;Enervon Gold;Consideration;May-26;TikTok;Micro;Septiana Ragil;Lifestyle;https://vt.tiktok.com/ZSQh3Sjn3/;16.200;Rp1.150.000;383;818;100;0;1;0,62%;12,35%;5,05%;Rp1.405,87
HEALTH SUPPLEMENT;Enervon;Enervon Gold;Consideration;May-26;TikTok;Micro;Iyos Rosmiati;Lifestyle;https://vt.tiktok.com/ZSQMLxSff/;10.500;Rp1.150.000;451;564;11;1;4;0,15%;2,84%;5,37%;Rp2.039,01
HEALTH SUPPLEMENT;Enervon;Enervon Gold;Consideration;May-26;TikTok;Micro;Desy Ratnasari;Lifestyle;https://vt.tiktok.com/ZSQhv8Bqm/;12.000;Rp1.150.000;112;127;17;10;1;0,23%;22,05%;1,06%;Rp9.055,12
HEALTH SUPPLEMENT;Enervon;Enervon Gold;Consideration;May-26;TikTok;Micro;Lhily Nazaya;Lifestyle;https://vt.tiktok.com/ZS9C8GL2S/;200.000;Rp7.500.000;1.600.000;2.032.408;856;6;20;0,44%;0,04%;1016,20%;Rp3,69
HEALTH SUPPLEMENT;Enervon;Enervon Gold;Consideration;May-26;TikTok;Micro;Idho Chaniago;Lifestyle;https://vt.tiktok.com/ZS9fxe4NE/;57.400;Rp6.750.000;1.600.000;2.891.136;5.018;26;188;9,11%;0,18%;5036,82%;Rp2,33
HEALTH SUPPLEMENT;Enervon;Enervon Gold;Consideration;May-26;TikTok;Micro;Naufal Architect;Lifestyle;https://vt.tiktok.com/ZS95nrDtc/;62.300;Rp9.750.000;12.800;15.747;1.381;125;41;2,48%;9,82%;25,28%;Rp619,17
HEALTH SUPPLEMENT;Enervon;Enervon Gold;Consideration;May-26;TikTok;Micro;dr Noah Permana;Health;https://vt.tiktok.com/ZS9qTYpdV/;11.500;Rp9.000.000;11.100;11.742;1.040;0;17;9,19%;9,00%;102,10%;Rp766,48
HEALTH SUPPLEMENT;Enervon;Enervon Gold;Consideration;May-26;TikTok;Micro;Cahyani;Lifestyle;https://vt.tiktok.com/ZS9p7UQMX/;45.500;Rp5.250.000;1.300;1.328;23;4;5;0,07%;2,41%;2,92%;Rp3.953,31
HEALTH SUPPLEMENT;Enervon;Enervon Gold;Consideration;May-26;TikTok;Micro;Anjelikush;Lifestyle;https://vt.tiktok.com/ZSxSVEkB7/;37.900;Rp24.600.000;2.600.000;3.564.968;7.415;48;292;20,46%;0,22%;9406,25%;Rp6,90
HEALTH SUPPLEMENT;Enervon;Enervon Gold;Consideration;May-26;TikTok;Micro;Dika;Lifestyle;https://vt.tiktok.com/ZSxjwXY5d/;11.200;Rp10.000.000;5.700;6.992;128;0;1;1,15%;1,84%;62,43%;Rp1.430,21
HEALTH SUPPLEMENT;Enervon;Enervon Gold;Consideration;May-26;TikTok;Nano;Fauzan Nibras;Lifestyle;https://vt.tiktok.com/ZSxq9v8HE/;9.633;Rp4.500.000;1.200;1.388;34;1;5;0,42%;2,88%;14,41%;Rp3.242,07
HEALTH SUPPLEMENT;Enervon;Enervon Gold;Consideration;Jul-26;TikTok;Micro;chacha peregerin;Lifestyle;https://www.tiktok.com/@oktavianac/video/7668292866896186632;22.284;Rp951.400;205;205;8;1;0;0,04%;4,39%;0,92%;Rp4.640,98
HEALTH SUPPLEMENT;Enervon;Enervon Gold;Consideration;Jul-26;TikTok;Nano;Utari oktavia;Lifestyle;https://www.tiktok.com/@tarioktaviia/video/7668252703566466324;5.204;Rp951.400;157;157;6;2;1;0,17%;5,73%;3,02%;Rp6.059,87
HEALTH SUPPLEMENT;Enervon;Enervon Gold;Consideration;Jul-26;TikTok;Nano;Intan Yang;Lifestyle;https://www.tiktok.com/@andramelvino/video/7668311689263172885;9.594;Rp951.400;;Not Available;Not Available;Not Available;Not Available;0,00%;#VALUE!;#VALUE!;#VALUE!
HEALTH SUPPLEMENT;Enervon;Enervon Gold;Consideration;Jul-26;TikTok;Micro;Dhindi Dicadia;Lifestyle;https://www.tiktok.com/@deendraa/video/7668351012842802453;15.632;Rp951.400;1.912;1.912;336;0;0;2,15%;17,57%;12,23%;Rp497,59
HEALTH SUPPLEMENT;Enervon;Enervon Gold;Consideration;Jul-26;TikTok;Nano;Jauzaa;Lifestyle;https://vt.tiktok.com/ZS4YCCsbm/;1.438;Rp951.400;197;197;7;1;6;0,97%;7,11%;13,70%;Rp4.829,44
HEALTH SUPPLEMENT;Enervon;Enervon Kids Chewtab;Consideration;May-26;TikTok;Micro;kepalakeluarga.id;Parenting;https://www.instagram.com/p/DYhQmoBj5rs/?igsh=YzlhYjk2dXJwODhy;1.100.000;Rp6.000.000;535.497;521.330;305;7;44;0,03%;0,07%;47,39%;Rp11,51
HEALTH SUPPLEMENT;Enervon;Enervon Kids Chewtab;Consideration;Apr-26;TikTok;Macro;kei.savourie;Parenting;https://vt.tiktok.com/ZS9y3gNyf/;171.500;Rp28.000.000;689.000;786.000;1.077;4;22;0,64%;0,14%;458,31%;Rp35,62
HEALTH SUPPLEMENT;Enervon;Enervon Kids Chewtab;Consideration;Apr-26;TikTok;Mega;sundarindah;Family;https://www.tiktok.com/@sundarindah/video/7631554954813066517;1.000.000;Rp42.000.000;608.600;1.100.495;4.702;79;253;0,50%;0,46%;110,05%;Rp38,16
HEALTH SUPPLEMENT;Enervon;Enervon Kids Chewtab;Consideration;Mar-26;TikTok;Nano;Rika Nurlia;Parenting;https://vt.tiktok.com/ZSuFA1LtV/;11.104;Rp930.000;972;1.163;116;2;7;1,13%;10,75%;10,47%;Rp799,66
HEALTH SUPPLEMENT;Enervon;Enervon Kids Chewtab;Consideration;Mar-26;TikTok;Nano;Dela riskiana;Parenting;https://vt.tiktok.com/ZSuFwBN16/;15.000;Rp930.000;168;237;258;2;105;2,43%;154,01%;1,58%;Rp3.924,05
HEALTH SUPPLEMENT;Enervon;Enervon Kids Chewtab;Consideration;Mar-26;TikTok;Nano;Nurul Fitria Sya'bani;Parenting;https://vt.tiktok.com/ZSmwb5oYc/;2.594;Rp930.000;191;408;148;44;16;8,02%;50,98%;15,73%;Rp2.279,41
HEALTH SUPPLEMENT;Enervon;Enervon Kids Chewtab;Consideration;Mar-26;TikTok;Nano;Eva Dewi;Parenting;https://vt.tiktok.com/ZSuLqXEKm/;17.500;Rp930.000;2.800;4.320;182;16;33;1,32%;5,35%;24,69%;Rp215,28
HEALTH SUPPLEMENT;Enervon;Enervon Kids Chewtab;Consideration;Mar-26;TikTok;Nano;Sri Asih;Parenting;https://vt.tiktok.com/ZSuDGSvkS/;12.500;Rp930.000;95;116;3;1;0;0,03%;3,45%;0,93%;Rp8.017,24
HEALTH SUPPLEMENT;Enervon;Enervon Kids Chewtab;Consideration;Mar-26;TikTok;Nano;Febri Eka;Family;https://vt.tiktok.com/ZSu1ekrqs/;1.153;Rp930.000;118;181;30;27;16;6,33%;40,33%;15,70%;Rp5.138,12
HEALTH SUPPLEMENT;Enervon;Enervon Kids Chewtab;Consideration;Mar-26;TikTok;Nano;Stephany;Parenting;https://vt.tiktok.com/ZSuJQT2vv/;13.100;Rp930.000;1.300;1.473;41;14;7;0,47%;4,21%;11,24%;Rp631,36
HEALTH SUPPLEMENT;Enervon;Enervon Kids Chewtab;Consideration;Mar-26;TikTok;Nano;Nia Kurniasih;Parenting;https://vt.tiktok.com/ZSur7AQoM/;35.000;Rp930.000;1.600;1.973;89;10;24;0,35%;6,23%;5,64%;Rp471,36
HEALTH SUPPLEMENT;Enervon;Enervon Kids Chewtab;Consideration;Mar-26;TikTok;Nano;Disa Muslimahnita;Parenting;https://vt.tiktok.com/ZSujRdQ5L/;11.000;Rp930.000;124;6.229;136;6;155;2,70%;4,77%;56,63%;Rp149,30
HEALTH SUPPLEMENT;Enervon;Enervon Kids Chewtab;Consideration;Mar-26;TikTok;Nano;Mepa pradipta;Parenting;https://vt.tiktok.com/ZSuMKQnvF/;15.400;Rp930.000;2.300;2.331;246;12;12;1,75%;11,58%;15,14%;Rp398,97
HEALTH SUPPLEMENT;Enervon;Enervon Kids Chewtab;Consideration;Mar-26;TikTok;Nano;Kharisma Iftitah Levyana;Parenting;https://vt.tiktok.com/ZSueHaBnp/;2.625;Rp930.000;452;1.317;10;1;3;0,53%;1,06%;50,17%;Rp706,15
HEALTH SUPPLEMENT;Enervon;Enervon Kids Chewtab;Consideration;Mar-26;TikTok;Nano;Ika Puji Prihatini;Parenting;https://vt.tiktok.com/ZSuLyn3ng/;12.800;Rp930.000;133;184;18;14;24;0,44%;30,43%;1,44%;Rp5.054,35
HEALTH SUPPLEMENT;Enervon;Enervon Kids Chewtab;Consideration;Mar-26;TikTok;Nano;Mauli Safitri;Parenting;https://vt.tiktok.com/ZSuN9mxsD/;2.000;Rp930.000;73;353;61;55;6;6,10%;34,56%;17,65%;Rp2.634,56
HEALTH SUPPLEMENT;Enervon;Enervon Kids Chewtab;Consideration;Mar-26;TikTok;Nano;Zahra Athira;Family;https://vt.tiktok.com/ZSukHqJj6/;1.200;Rp930.000;265;406;4;2;1;0,58%;1,72%;33,83%;Rp2.290,64
HEALTH SUPPLEMENT;Enervon;Enervon Kids Chewtab;Consideration;Mar-26;TikTok;Nano;Mayda;Parenting;https://vt.tiktok.com/ZSmwn2fvA/;5.732;Rp930.000;93;5.203;141;13;5;2,77%;3,06%;90,77%;Rp178,74
HEALTH SUPPLEMENT;Enervon;Enervon Kids Chewtab;Consideration;Mar-26;TikTok;Nano;lulaluna;Parenting;https://vt.tiktok.com/ZSujWnurg/;4.932;Rp930.000;100;3.859;348;21;131;10,14%;12,96%;78,24%;Rp241,00
HEALTH SUPPLEMENT;Enervon;Enervon Kids Chewtab;Consideration;Mar-26;TikTok;Nano;Syarifah;Parenting;https://www.tiktok.com/@syarifha1010/video/7613195558521474322;1.000;Rp930.000;83;197;50;18;4;7,20%;36,55%;19,70%;Rp4.720,81
HEALTH SUPPLEMENT;Enervon;Enervon Kids Chewtab;Consideration;Mar-26;TikTok;Nano;Tengku Ulya;Parenting;https://vt.tiktok.com/ZSuNGcRJp/;11.635;Rp930.000;6.200;6.507;449;43;1;4,24%;7,58%;55,93%;Rp142,92
HEALTH SUPPLEMENT;Enervon;Enervon Kids Chewtab;Consideration;Mar-26;TikTok;Nano;Ratna Riska Yuliana;Parenting;https://vt.tiktok.com/ZSuNB2Y36/;14.600;Rp930.000;121;143;12;2;4;0,12%;12,59%;0,98%;Rp6.503,50
HEALTH SUPPLEMENT;Enervon;Enervon Kids Chewtab;Consideration;Mar-26;TikTok;Nano;Ingrid ekklessia;Family;https://vt.tiktok.com/ZSmKMs3YH/;4.015;Rp930.000;185;354;50;40;11;2,52%;28,53%;8,82%;Rp2.627,12
HEALTH SUPPLEMENT;Enervon;Enervon Kids Chewtab;Consideration;Mar-26;TikTok;Nano;Rani Aryani;Parenting;https://vt.tiktok.com/ZSuRLUD1P/;13.100;Rp930.000;33;10.763;129;26;1;1,19%;1,45%;82,16%;Rp86,41
HEALTH SUPPLEMENT;Enervon;Enervon Kids Chewtab;Consideration;Mar-26;TikTok;Nano;Ridawana Alifkah;Parenting;https://vt.tiktok.com/ZSu2kmbUk/;2.508;Rp930.000;74;105;10;0;1;0,44%;10,48%;4,19%;Rp8.857,14
HEALTH SUPPLEMENT;Enervon;Enervon Kids Chewtab;Consideration;Mar-26;TikTok;Nano;Debby;Parenting;https://vt.tiktok.com/ZSuDc1a6H/;12.800;Rp930.000;24;6.196;18;17;2;0,29%;0,60%;48,41%;Rp150,10
HEALTH SUPPLEMENT;Enervon;Enervon Kids Chewtab;Consideration;Mar-26;TikTok;Nano;Nur Zubaidah;Parenting;https://vt.tiktok.com/ZSujdqgSK/;12.900;Rp930.000;632;1.056;41;35;13;0,69%;8,43%;8,19%;Rp880,68
HEALTH SUPPLEMENT;Enervon;Enervon Kids Chewtab;Consideration;Mar-26;TikTok;Nano;Dian Ayu Ratnasari;Family;https://vt.tiktok.com/ZSu8rjv6M/;24.200;Rp930.000;150;253;161;45;1;0,86%;81,82%;1,05%;Rp3.675,89
HEALTH SUPPLEMENT;Enervon;Enervon Kids Chewtab;Consideration;Mar-26;TikTok;Nano;Tasya;Parenting;https://vt.tiktok.com/ZSuFTsP3V/;6.166;Rp930.000;189;414;30;13;15;0,94%;14,01%;6,71%;Rp2.246,38
HEALTH SUPPLEMENT;Enervon;Enervon Kids Chewtab;Consideration;Mar-26;TikTok;Nano;Dwi Ayu Febriyani;Parenting;https://vt.tiktok.com/ZSuhUo6UV/;20.100;Rp930.000;2.000;3.842;183;8;23;1,06%;5,57%;19,11%;Rp242,06
HEALTH SUPPLEMENT;Enervon;Enervon Kids Chewtab;Consideration;Mar-26;TikTok;Nano;Dela Yogahara;Parenting;https://vt.tiktok.com/ZSuRABPPg/;36.600;Rp930.000;1.200;1.575;81;30;7;0,32%;7,49%;4,30%;Rp590,48
HEALTH SUPPLEMENT;Enervon;Enervon Kids Chewtab;Consideration;Mar-26;TikTok;Nano;Nana Lutfiana;Parenting;https://vt.tiktok.com/ZSuRRWo3b/;8.230;Rp930.000;1.700;2.070;192;60;95;4,22%;16,76%;25,15%;Rp449,28
HEALTH SUPPLEMENT;Enervon;Enervon Kids Chewtab;Consideration;Mar-26;TikTok;Nano;Farah Adelia Puspita;Parenting;https://vt.tiktok.com/ZSuR8h771/;10.400;Rp930.000;61;1.117;133;24;9;1,60%;14,86%;10,74%;Rp832,59
HEALTH SUPPLEMENT;Enervon;Enervon Kids Chewtab;Consideration;Mar-26;TikTok;Nano;Ayu sekar;Parenting;https://vt.tiktok.com/ZSuDcuUPk/;36.000;Rp930.000;4.400;5.121;31;22;4;0,16%;1,11%;14,23%;Rp181,61
HEALTH SUPPLEMENT;Enervon;Enervon Kids Chewtab;Consideration;Mar-26;TikTok;Nano;Waluya Ningrum;Family;https://vt.tiktok.com/ZSuhNDH3X/;2.952;Rp930.000;1.300;1.332;93;30;46;5,72%;12,69%;45,12%;Rp698,20
HEALTH SUPPLEMENT;Enervon;Enervon Kids Chewtab;Consideration;Mar-26;TikTok;Nano;Ika rizki rahmawati;Parenting;https://vt.tiktok.com/ZSuYUpYAH/;6.300;Rp930.000;1.800;2.135;109;26;3;2,19%;6,46%;33,89%;Rp435,60
HEALTH SUPPLEMENT;Enervon;Enervon Kids Chewtab;Consideration;Mar-26;TikTok;Nano;Rindi Surdiana Wati;Parenting;https://vt.tiktok.com/ZSuNDMcYn/;10.700;Rp930.000;142;1.259;100;42;59;1,88%;15,97%;11,77%;Rp738,68
HEALTH SUPPLEMENT;Enervon;Enervon Kids Chewtab;Consideration;Mar-26;TikTok;Nano;Meiliana Sirajuddin;Parenting;https://vt.tiktok.com/ZSuFwCU5F/;34.000;Rp930.000;41;110;12;10;15;0,11%;33,64%;0,32%;Rp8.454,55
HEALTH SUPPLEMENT;Enervon;Enervon Kids Chewtab;Consideration;Mar-26;TikTok;Nano;Diyniyah;Parenting;https://vt.tiktok.com/ZSuYRSjmd/;1.223;Rp930.000;35;55;4;4;1;0,74%;16,36%;4,50%;Rp16.909,09
HEALTH SUPPLEMENT;Enervon;Enervon Kids Chewtab;Consideration;Mar-26;TikTok;Nano;Desty arminah amiq;Parenting;https://vt.tiktok.com/ZSuLuKGFA/;16.300;Rp930.000;1.900;2.056;63;10;6;0,48%;3,84%;12,61%;Rp452,33
HEALTH SUPPLEMENT;Enervon;Enervon Kids Chewtab;Consideration;Mar-26;TikTok;Nano;Dea Indah Hariadi;Parenting;https://vt.tiktok.com/ZSujNj1Xx/;5.000;Rp930.000;1.200;1.358;86;48;1;2,70%;9,94%;27,16%;Rp684,83
HEALTH SUPPLEMENT;Enervon;Enervon Kids Chewtab;Consideration;Mar-26;TikTok;Nano;Ririn febi;Parenting;https://vt.tiktok.com/ZSuDWX5Ns/;3.274;Rp930.000;30;12.999;4;1;1;0,18%;0,05%;397,04%;Rp71,54
HEALTH SUPPLEMENT;Enervon;Enervon Kids Chewtab;Consideration;Mar-26;TikTok;Nano;Resha Rizky Awalia;Parenting;https://vt.tiktok.com/ZSu2YeVuq/;1.099;Rp930.000;44;1.820;11;9;1;1,91%;1,15%;165,61%;Rp510,99
HEALTH SUPPLEMENT;Enervon;Enervon Kids Chewtab;Consideration;Mar-26;TikTok;Nano;Dewi Retnosari;Parenting;https://vt.tiktok.com/ZSu6bXp1C/;12.100;Rp930.000;76;427;6;7;0;0,11%;3,04%;3,53%;Rp2.177,99
HEALTH SUPPLEMENT;Enervon;Enervon Kids Chewtab;Consideration;Mar-26;TikTok;Nano;Istiqomah Gayatri;Parenting;https://vt.tiktok.com/ZSuNG9CAa/;14.800;Rp930.000;902;4.430;64;1;0;0,44%;1,47%;29,93%;Rp209,93
HEALTH SUPPLEMENT;Enervon;Enervon Kids Chewtab;Consideration;Mar-26;TikTok;Nano;Anggita;Parenting;https://vt.tiktok.com/ZSuFocPm8/;3.085;Rp930.000;8.400;10.923;644;21;9;21,85%;6,17%;354,07%;Rp85,14
HEALTH SUPPLEMENT;Enervon;Enervon Kids Chewtab;Consideration;Mar-26;TikTok;Nano;Ayu windari;Parenting;https://vt.tiktok.com/ZSu269cnH/;2.052;Rp930.000;221;485;136;68;221;20,71%;87,63%;23,64%;Rp1.917,53
HEALTH SUPPLEMENT;Enervon;Enervon Kids Chewtab;Consideration;Mar-26;TikTok;Nano;Uswatun khasanah;Family;https://vt.tiktok.com/ZSuD6c2jK/;15.600;Rp930.000;32;1.724;99;0;6;0,67%;6,09%;11,05%;Rp539,44
HEALTH SUPPLEMENT;Enervon;Enervon Kids Chewtab;Consideration;Mar-26;TikTok;Nano;Mustika Anggraini;Family;https://vt.tiktok.com/ZSuDsoXXb/;2.430;Rp930.000;73;105;2;0;0;0,08%;1,90%;4,32%;Rp8.857,14
HEALTH SUPPLEMENT;Enervon;Enervon Kids Chewtab;Consideration;Mar-26;TikTok;Nano;Norma Mustika;Family;https://vt.tiktok.com/ZSuNsxhxV/;11.600;Rp930.000;132;184;61;55;13;1,11%;70,11%;1,59%;Rp5.054,35
HEALTH SUPPLEMENT;Enervon;Enervon Kids Chewtab;Consideration;Mar-26;TikTok;Nano;Ratih Siswanti Fauzi;Parenting;https://vt.tiktok.com/ZSuRe9G9v/;14.600;Rp930.000;1.600;1.809;115;6;10;0,90%;7,24%;12,39%;Rp514,10
HEALTH SUPPLEMENT;Enervon;Enervon Kids Chewtab;Consideration;Mar-26;TikTok;Nano;Mei Hardianti;Parenting;https://vt.tiktok.com/ZSuLBmQ5m/;12.200;Rp930.000;107;131;13;5;5;0,19%;17,56%;1,07%;Rp7.099,24
HEALTH SUPPLEMENT;Enervon;Enervon Kids Chewtab;Consideration;Mar-26;TikTok;Nano;Uji Mainnatun Khasanah;Parenting;https://vt.tiktok.com/ZSuFvTpaV/;29.900;Rp930.000;1.600;1.801;119;5;3;0,42%;7,05%;6,02%;Rp516,38
HEALTH SUPPLEMENT;Enervon;Enervon Kids Chewtab;Consideration;Mar-26;TikTok;Nano;Tri nur sarifah;Parenting;https://vt.tiktok.com/ZSu2B83SW/;2.447;Rp930.000;1.100;1.588;103;0;0;4,21%;6,49%;64,90%;Rp585,64
HEALTH SUPPLEMENT;Enervon;Enervon Kids Chewtab;Consideration;Mar-26;TikTok;Nano;Diah Awalokiteswari;Parenting;https://vt.tiktok.com/ZSuRaC4b9/;10.200;Rp930.000;119;367;47;12;2;0,60%;16,62%;3,60%;Rp2.534,06
HEALTH SUPPLEMENT;Enervon;Enervon Kids Chewtab;Consideration;Mar-26;TikTok;Nano;Yunita Padilah;Parenting;https://vt.tiktok.com/ZSuAPPwDb/;12.000;Rp930.000;146;201;6;0;0;0,05%;2,99%;1,68%;Rp4.626,87
HEALTH SUPPLEMENT;Enervon;Enervon Kids Chewtab;Consideration;Mar-26;TikTok;Nano;Irma kautsari;Family;https://vt.tiktok.com/ZSuFG55Yh/;65.800;Rp930.000;52;5.714;502;0;0;0,76%;8,79%;8,68%;Rp162,76
HEALTH SUPPLEMENT;Enervon;Enervon Kids Chewtab;Consideration;Mar-26;TikTok;Nano;Yuni Savitri;Parenting;https://vt.tiktok.com/ZSujU6YyT/;36.500;Rp930.000;3.600;3.904;158;24;9;0,52%;4,89%;10,70%;Rp238,22
HEALTH SUPPLEMENT;Enervon;Enervon Kids Chewtab;Consideration;Mar-26;TikTok;Nano;Ranti Aisyah;Parenting;https://vt.tiktok.com/ZSurPYmHo/;3.430;Rp930.000;107;623;58;10;44;3,27%;17,98%;18,16%;Rp1.492,78
HEALTH SUPPLEMENT;Enervon;Enervon Kids Chewtab;Consideration;Mar-26;TikTok;Nano;Winda purnamasari;Parenting;https://vt.tiktok.com/ZSuasgh4s/;24.700;Rp930.000;4.700;5.190;58;0;11;0,28%;1,33%;21,01%;Rp179,19
HEALTH SUPPLEMENT;Enervon;Enervon Kids Chewtab;Consideration;Mar-26;TikTok;Nano;Erni Juningsih;Parenting;https://vt.tiktok.com/ZSuD64qAg/;7.900;Rp930.000;2.000;2.177;62;2;15;1,00%;3,63%;27,56%;Rp427,19
HEALTH SUPPLEMENT;Enervon;Enervon Kids Chewtab;Consideration;Mar-26;TikTok;Nano;Mayang Rosaria;Parenting;https://vt.tiktok.com/ZSuB152J4/;14.500;Rp930.000;10.400;10.519;526;82;7;4,24%;5,85%;72,54%;Rp88,41
HEALTH SUPPLEMENT;Enervon;Enervon Kids Chewtab;Consideration;Mar-26;TikTok;Nano;irna nurul kamila;Parenting;https://vt.tiktok.com/ZSuFNtcvh/;17.500;Rp930.000;471;733;31;9;7;0,27%;6,41%;4,19%;Rp1.268,76
HEALTH SUPPLEMENT;Enervon;Enervon Kids Chewtab;Consideration;Mar-26;TikTok;Nano;Aditya Putri;Parenting;https://vt.tiktok.com/ZSuACe4mf/;3.200;Rp930.000;107;192;26;6;69;3,16%;52,60%;6,00%;Rp4.843,75
HEALTH SUPPLEMENT;Enervon;Enervon Kids Chewtab;Consideration;Mar-26;TikTok;Nano;Alvi septi;Family;https://vt.tiktok.com/ZSuDMUyGb/;7.200;Rp930.000;2.100;2.496;168;33;4;2,85%;8,21%;34,67%;Rp372,60
HEALTH SUPPLEMENT;Enervon;Enervon Kids Chewtab;Consideration;Mar-26;TikTok;Nano;Kiki elita silviana;Family;https://vt.tiktok.com/ZSuAgkGhF/;5.132;Rp930.000;69;85;11;0;0;0,21%;12,94%;1,66%;Rp10.941,18
HEALTH SUPPLEMENT;Enervon;Enervon Kids Chewtab;Consideration;Mar-26;TikTok;Nano;Muhibah;Parenting;https://vt.tiktok.com/ZSuAaL59w/;1.691;Rp930.000;7;7;3;0;1;0,24%;57,14%;0,41%;Rp132.857,14
HEALTH SUPPLEMENT;Enervon;Enervon Kids Chewtab;Consideration;Mar-26;TikTok;Nano;Ilma Fara Ananda;Parenting;https://vt.tiktok.com/ZSuL9ERUe/;14.100;Rp930.000;178;748;103;19;7;0,91%;17,25%;5,30%;Rp1.243,32
HEALTH SUPPLEMENT;Enervon;Enervon Kids Chewtab;Consideration;Mar-26;TikTok;Nano;Fika Karunia;Parenting;https://vt.tiktok.com/ZSujvFta1/;1.300;Rp930.000;1.000;1.529;7;0;0;0,54%;0,46%;117,62%;Rp608,24
HEALTH SUPPLEMENT;Enervon;Enervon Kids Chewtab;Consideration;Mar-26;TikTok;Nano;Leni Agustina;Parenting;https://vt.tiktok.com/ZSuY1MS7s/;10.300;Rp930.000;3.200;3.523;156;2;3;1,56%;4,57%;34,20%;Rp263,98
HEALTH SUPPLEMENT;Enervon;Enervon Kids Chewtab;Consideration;Mar-26;TikTok;Nano;Nurvar;Parenting;https://vt.tiktok.com/ZSuA8npPF/;110.000;Rp930.000;35.900;39.799;1.100;7;32;1,04%;2,86%;36,18%;Rp23,37
HEALTH SUPPLEMENT;Enervon;Enervon Kids Chewtab;Consideration;Mar-26;TikTok;Nano;Rini Siti M;Parenting;https://vt.tiktok.com/ZSuBwxSvp/;4.407;Rp930.000;189;313;112;57;3;3,90%;54,95%;7,10%;Rp2.971,25
HEALTH SUPPLEMENT;Enervon;Enervon Kids Chewtab;Consideration;Mar-26;TikTok;Nano;Tika mayzasi;Parenting;https://vt.tiktok.com/ZSuYD4qs4/;6.940;Rp930.000;2.200;2.456;250;13;6;3,88%;10,95%;35,39%;Rp378,66
HEALTH SUPPLEMENT;Enervon;Enervon Kids Chewtab;Consideration;Mar-26;TikTok;Nano;Ayuni Wulandari;Parenting;https://vt.tiktok.com/ZSuMDXtxM/;28.000;Rp930.000;118;1.073;43;28;18;0,32%;8,29%;3,83%;Rp866,73
HEALTH SUPPLEMENT;Enervon;Enervon Kids Chewtab;Consideration;Mar-26;TikTok;Nano;Arlin Irliana;Parenting;https://vt.tiktok.com/ZSuYwqF5f/;11.700;Rp930.000;112;181;92;31;28;1,29%;83,43%;1,55%;Rp5.138,12
HEALTH SUPPLEMENT;Enervon;Enervon Kids Chewtab;Consideration;Mar-26;TikTok;Nano;shabrina tsurraya;Family;https://vt.tiktok.com/ZSuDxYKuS/;13.400;Rp930.000;666;706;94;8;17;0,89%;16,86%;5,27%;Rp1.317,28
HEALTH SUPPLEMENT;Enervon;Enervon Kids Chewtab;Consideration;Mar-26;TikTok;Nano;Utari oktavia;Parenting;https://vt.tiktok.com/ZSu6nvQdh/;5.193;Rp930.000;1.500;1.708;120;23;5;2,85%;8,67%;32,89%;Rp544,50
HEALTH SUPPLEMENT;Enervon;Enervon Kids Chewtab;Consideration;Mar-26;TikTok;Nano;Niken Rizki;Parenting;https://vt.tiktok.com/ZSuA31ejc/;15.500;Rp930.000;2.800;6.020;65;22;4;0,59%;1,51%;38,84%;Rp154,49
HEALTH SUPPLEMENT;Enervon;Enervon Kids Chewtab;Consideration;Mar-26;TikTok;Nano;Ayu Fitri Lestari;Parenting;https://vt.tiktok.com/ZSu2hbqpT/;10.500;Rp930.000;419;2.099;149;2;166;3,02%;15,10%;19,99%;Rp443,07
HEALTH SUPPLEMENT;Enervon;Enervon Kids Chewtab;Consideration;Mar-26;TikTok;Nano;Rahmadiana;Parenting;https://vt.tiktok.com/ZSuAQq6qE/;29.000;Rp930.000;457;753;372;48;10;1,48%;57,10%;2,60%;Rp1.235,06
HEALTH SUPPLEMENT;Enervon;Enervon Kids Chewtab;Consideration;Mar-26;TikTok;Nano;Ajeng Fatikhatul Muflikhah;Family;https://vt.tiktok.com/ZSu2DMD64/;4.110;Rp930.000;97;157;22;15;5;1,02%;26,75%;3,82%;Rp5.923,57
HEALTH SUPPLEMENT;Enervon;Enervon Kids Chewtab;Consideration;Mar-26;TikTok;Nano;Anggita Putri;Parenting;https://vt.tiktok.com/ZSuFXeFtg/;3.087;Rp930.000;805;1.706;138;18;30;6,03%;10,90%;55,26%;Rp545,13
HEALTH SUPPLEMENT;Enervon;Enervon Kids Chewtab;Consideration;Mar-26;TikTok;Nano;Ayu Asmaliah;Family;https://vt.tiktok.com/ZSuDVAMW5/;11.400;Rp930.000;174;1.862;9;9;8;0,23%;1,40%;16,33%;Rp499,46
HEALTH SUPPLEMENT;Enervon;Enervon Kids Chewtab;Consideration;Jul-26;TikTok;Micro;ghinalwi;Parenting;https://vt.tiktok.com/ZSQanNM66/;69.500;Rp11.880.000;207.500;419.500;1.136;17;9;1,67%;0,28%;603,60%;Rp28,32
HEALTH SUPPLEMENT;Enervon;Enervon Kids Chewtab;Consideration;Jul-26;TikTok;Micro;bukanasikapau;Parenting;https://vt.tiktok.com/ZSQEeH3rR/;44.900;Rp3.960.000;4.200;4.700;68;4;1;0,16%;1,55%;10,47%;Rp842,55
HEALTH SUPPLEMENT;Enervon;Enervon Kids Chewtab;Consideration;Jul-26;TikTok;Micro;elvira.clairine;Parenting;https://vt.tiktok.com/ZSCLMWBPm/;60.000;Rp7.920.000;59.000;66.000;1.016;17;375;2,35%;2,13%;110,00%;Rp120,00
HEALTH SUPPLEMENT;Enervon;Enervon Kids Chewtab;Consideration;Jul-26;TikTok;Micro;Anggunmiad;Family;https://www.tiktok.com/@anggunmiad/video/7659364133271407880?is_from_webapp=1&sender_device=pc&web_id=7550200412235122177;58.700;Rp9.240.000;2.600.000;4.100.000;12.000;133;1.361;22,99%;0,33%;6984,67%;Rp2,25
HEALTH SUPPLEMENT;Enervon;Enervon Kids Chewtab;Consideration;Jul-26;TikTok;Macro;Keluarga Adji;Parenting;https://vt.tiktok.com/ZSCvPMND6/;124.600;Rp13.200.000;1.400.000;2.100.000;5.038;115;2.832;6,41%;0,38%;1685,39%;Rp6,29
HEALTH SUPPLEMENT;Enervon;Enervon Kids Chewtab;Consideration;Jul-26;TikTok;Macro;veroniamelia;Parenting;https://vt.tiktok.com/ZSX76ymK1/;240.200;Rp15.840.000;6.800;10.200;197;95;126;0,17%;4,10%;4,25%;Rp1.552,94
HEALTH SUPPLEMENT;Enervon;Enervon Active;Consideration;Feb-26;Meta;Micro;Alvinwardhana;Sports;https://www.instagram.com/reel/DVfzjRniZY8/?igsh=MW9vdnIydDRldXdtYQ==;11.397;Rp3.475.000;1.718;135;5;8;6;0,17%;14,07%;1,18%;Rp25.740,74
HEALTH SUPPLEMENT;Enervon;Enervon Active;Consideration;Feb-26;TikTok;Macro;rrfebryl;Sports;https://vt.tiktok.com/ZSu1dSrG5/;262.100;Rp12.375.000;20.700;1.638;13;3;51;0,03%;4,09%;0,62%;Rp7.554,95
HEALTH SUPPLEMENT;Enervon;Enervon Active;Consideration;Feb-26;TikTok;Macro;youtsmedia;Sports;https://vt.tiktok.com/ZSuDUh3n2/;250.700;Rp39.600.000;26.000;829;17;133;20;0,07%;20,51%;0,33%;Rp47.768,40
HEALTH SUPPLEMENT;Enervon;Enervon Active;Consideration;Feb-26;TikTok;Macro;dionharyadi;Sports;https://www.tiktok.com/@dionharyadi/video/7612624093044542741;486.300;Rp27.600.000;4.300;206;5;10;27;0,01%;20,39%;0,04%;Rp133.980,58
HEALTH SUPPLEMENT;Enervon;Enervon Active;Consideration;Mar-26;TikTok;Micro;Tiaralincia;Sports;https://vt.tiktok.com/ZSuRof6t9/;11.600;Rp2.480.000;1.000;83;2;4;5;0,09%;13,25%;0,72%;Rp29.879,52
HEALTH SUPPLEMENT;Enervon;Enervon Active;Consideration;Mar-26;TikTok;Micro;Nadiraamd;Sports;https://vt.tiktok.com/ZSu6qv79H/;58.400;Rp9.900.000;8.100;309;1;1;15;0,03%;5,50%;0,53%;Rp32.038,83
HEALTH SUPPLEMENT;Enervon;Enervon Active;Consideration;Mar-26;TikTok;Micro;okiariski_;Sports;https://vt.tiktok.com/ZSmwPN3y5/;88.700;Rp5.280.000;9.900;508;14;20;22;0,06%;11,02%;0,57%;Rp10.393,70
HEALTH SUPPLEMENT;Enervon;Enervon Active;Consideration;Mar-26;TikTok;Micro;ceritacete;Sports;https://vt.tiktok.com/ZSmKyThgL/;64.000;Rp18.375.000;55.300;5.070;21;13;56;0,14%;1,78%;7,92%;Rp3.624,26
HEALTH SUPPLEMENT;Enervon;Enervon Active;Consideration;Jan-26;TikTok;Macro;Syaharanie Putri;Sports;https://vt.tiktok.com/ZSmerbyd7/;404.600;Rp45.154.639;150.100;8.331;19;191;167;0,09%;4,53%;2,06%;Rp5.420,07
HEALTH SUPPLEMENT;Enervon;Enervon Active;Consideration;Jan-26;TikTok;Macro;Misya and Piyo;Sports;https://vt.tiktok.com/ZSme6dmgr/;259.600;Rp20.000.000;32.200;1.329;5;19;144;0,06%;12,64%;0,51%;Rp15.048,91
HEALTH SUPPLEMENT;Enervon;Enervon Active;Consideration;Jan-26;TikTok;Mega;BTR Rachel;Sports;https://vt.tiktok.com/ZSuXVG51K/;1.800.000;Rp55.000.000;158.700;4.386;21;113;319;0,03%;10,33%;0,24%;Rp12.539,90
HEALTH SUPPLEMENT;Enervon;Enervon Active;Consideration;Jan-26;Instagram;Micro;Surya Lee & Marisya;Sports;https://www.instagram.com/reel/DUibjlwk4H0/?igsh=MWpzdDJkMzJsMTltMw==;13.000;Rp44.000.000;1.894.455;100;15;2;11;0,22%;28,00%;0,77%;Rp440.000,00
HEALTH SUPPLEMENT;Enervon;Enervon Active;Consideration;Jul-26;Instagram;Macro;Dipha Barus;Sports;https://www.instagram.com/p/Da0Dj4sy7tG/?hl=en;162.000;Rp43.750.000;10.820;554;40;123;9;0,11%;31,05%;0,34%;Rp78.971,12
HEALTH SUPPLEMENT;Enervon;Enervon Active;Consideration;Jul-26;TikTok;Macro;Andri Senopati;Sports;https://vt.tiktok.com/ZSXwn4w2q/;166.800;Rp31.350.000;18.100;1.147;10;103;42;0,09%;13,51%;0,69%;Rp27.332,17
HEALTH SUPPLEMENT;Enervon;Enervon Active;Consideration;Jul-26;TikTok;Micro;Agestyani;Sports;https://vt.tiktok.com/ZSXApb7ck/;75.800;Rp8.250.000;38.300;80;3;2;19;0,03%;30,00%;0,11%;Rp103.125,00
HEALTH SUPPLEMENT;Enervon;Enervon Active;Consideration;Jul-26;TikTok;Macro;Amandadiella;Sports;https://www.tiktok.com/@amandadiella/video/7665335405742542100?lang=en;107.700;Rp3.500.000;801;24;0;4;0;0,00%;16,67%;0,02%;Rp145.833,33
HEALTH SUPPLEMENT;Enervon;Enervon Active;Consideration;Jul-26;TikTok;Micro;Jannatall;Sports;https://vt.tiktok.com/ZSXS6mPJQ/;23.600;Rp6.500.000;2.268;48;0;1;3;0,02%;8,33%;0,20%;Rp135.416,67
HEALTH SUPPLEMENT;Enervon;Enervon Active;Consideration;Jul-26;TikTok;Macro;Sabian;Sports;https://vt.tiktok.com/ZSXW7KBM2/;122.300;Rp24.300.000;6.510;137;3;6;1;0,01%;7,30%;0,11%;Rp177.372,26
HEALTH SUPPLEMENT;Enervon;Enervon Active;Consideration;Jul-26;TikTok;Micro;Fadly Hidayat;Sports;https://www.tiktok.com/@hidayatfd/video/7667507042566819092?is_from_webapp=1&sender_device=pc&web_id=7409935392189679112;20.700;Rp972.727;5.434;24;0;1;4;0,02%;20,83%;0,12%;Rp40.530,29
HEALTH SUPPLEMENT;Enervon;Enervon Active;Consideration;Jul-26;TikTok;Micro;Renaldo Sihombing;Sports;https://www.tiktok.com/@renaldosihombing/video/7668585589918240021?utm_campaign=tt4d_open_api&utm_source=awtsed5i9xzgi8ph;33.900;Rp972.727;953;33;2;2;0;0,01%;12,12%;0,10%;Rp29.476,58
HEALTH SUPPLEMENT;Enervon;Enervon Active;Consideration;Jul-26;TikTok;Nano;Fakhri Taqiyuddin;Sports;https://www.tiktok.com/@taqifakhri/video/7667522915205745940?utm_campaign=tt4d_open_api&utm_source=awtsed5i9xzgi8ph;4.833;Rp972.727;2.070;141;9;0;4;0,27%;9,22%;2,92%;Rp6.898,77
HEALTH SUPPLEMENT;Enervon;Enervon Active;Consideration;Jul-26;TikTok;Nano;Jauzaa;Sports;https://www.tiktok.com/@jauzaa.fathiyyah/video/7667520625774300437?utm_campaign=tt4d_open_api&utm_source=awtsed5i9xzgi8ph;1.464;Rp972.727;57;5;0;5;3;0,55%;160,00%;0,34%;Rp194.545,40
HEALTH SUPPLEMENT;Enervon;Enervon Active;Consideration;Jul-26;TikTok;Micro;Adim Miftah;Sports;https://www.tiktok.com/@adimmiftah/video/7669007101603122439?utm_campaign=tt4d_open_api&utm_source=awtsed5i9xzgi8ph;26.800;Rp972.727;82;1;0;1;0;0,00%;100,00%;0,00%;Rp972.727,00
HEALTH SUPPLEMENT;Enervon;Enervon Active;Consideration;Jul-26;TikTok;Nano;Claudia Kantania;Sports;https://www.tiktok.com/@170710190026cc/video/7668284555262151956?utm_campaign=tt4d_open_api&utm_source=awtsed5i9xzgi8ph;1.361;Rp972.727;861;47;11;1;1;0,96%;27,66%;3,45%;Rp20.696,32
HEALTH SUPPLEMENT;Enervon;Enervon Active;Consideration;Jul-26;TikTok;Nano;Daisy Hera;Sports;https://www.tiktok.com/@itsdaisyhera/video/7668337297603022098?utm_campaign=tt4d_open_api&utm_source=awtsed5i9xzgi8ph;1.932;Rp972.727;166;4;0;1;0;0,05%;25,00%;0,21%;Rp243.181,75
HEALTH SUPPLEMENT;Enervon;Enervon Active;Consideration;Jul-26;TikTok;Nano;Cut Salma;Sports;https://www.tiktok.com/@salmairhamnaa/video/7668357624236150034?utm_campaign=tt4d_open_api&utm_source=awtsed5i9xzgi8ph;3.472;Rp972.727;114;15;1;2;0;0,09%;20,00%;0,43%;Rp64.848,47
HEALTH SUPPLEMENT;Enervon;Enervon Active;Consideration;Jul-26;TikTok;Nano;Maolidda Auliyya;Sports;https://www.tiktok.com/@maoliddaauliya_/video/7668323556899507464?utm_campaign=tt4d_open_api&utm_source=awtsed5i9xzgi8ph;1.749;Rp972.727;267;23;28;3;19;2,86%;217,39%;1,32%;Rp42.292,48
HEALTH SUPPLEMENT;Enervon;Enervon Active;Consideration;Jul-26;TikTok;Nano;Saskia;Sports;https://www.tiktok.com/@sassypeachy__/video/7668240300497718548?utm_campaign=tt4d_open_api&utm_source=awtsed5i9xzgi8ph;1.441;Rp972.727;1.520;575;5;5;12;1,53%;3,83%;39,90%;Rp1.691,70
HEALTH SUPPLEMENT;Enervon;Enervon Active;Consideration;Jul-26;TikTok;Nano;Anisa Savira;Sports;https://www.tiktok.com/@_svraa/video/7668522893092900103?utm_campaign=tt4d_open_api&utm_source=awtsed5i9xzgi8ph;3.131;Rp972.727;97;5;1;0;0;0,03%;20,00%;0,16%;Rp194.545,40
HEALTH SUPPLEMENT;Enervon;Enervon Active;Consideration;Jul-26;TikTok;Nano;Febycia Eprillie;Sports;https://www.tiktok.com/@adoeh3x/video/7668515081344306452?utm_campaign=tt4d_open_api&utm_source=awtsed5i9xzgi8ph;3.064;Rp972.727;334;18;2;0;0;0,07%;11,11%;0,59%;Rp54.040,39
HEALTH SUPPLEMENT;Enervon;Enervon Active;Consideration;Jul-26;TikTok;Micro;Aguswandi;Sports;https://www.tiktok.com/@heyaguswandi/video/7668237164114758919?utm_campaign=tt4d_open_api&utm_source=awtsed5i9xzgi8ph;62.900;Rp972.727;549;22;3;3;6;0,02%;54,55%;0,03%;Rp44.214,86
HEALTH SUPPLEMENT;Enervon;Enervon Active;Consideration;Jul-26;TikTok;Nano;Aurel Millenia F;Sports;https://www.tiktok.com/@aureliaiueoo/video/7668261203143118101?is_from_webapp=1&sender_device=pc&web_id=7409935392189679112;2.347;Rp972.727;1.056;40;10;10;3;0,98%;57,50%;1,70%;Rp24.318,18
HEALTH SUPPLEMENT;Enervon;Enervon Active;Consideration;Jul-26;TikTok;Micro;Rakha Gandawa;Sports;https://www.tiktok.com/@rakhagandawa_/video/7668576394015706385?utm_campaign=tt4d_open_api&utm_source=awtsed5i9xzgi8ph;11.300;Rp972.727;834;8;0;0;0;0,00%;0,00%;0,07%;Rp121.590,88
HEALTH SUPPLEMENT;Enervon;Enervon Active;Consideration;Jul-26;TikTok;Nano;Salsabilla Arum P;Sports;https://www.tiktok.com/@xlsblrmyxgz/video/7668654013184920852?utm_campaign=tt4d_open_api&utm_source=awtsed5i9xzgi8ph;3.429;Rp972.727;181;13;0;0;0;0,00%;0,00%;0,38%;Rp74.825,15
HEALTH SUPPLEMENT;Enervon;Enervon Active;Consideration;Jul-26;TikTok;Nano;An.Jameshoran;Sports;https://www.tiktok.com/@an_jameshoran/video/7668540609065454869?utm_campaign=tt4d_open_api&utm_source=awtsed5i9xzgi8ph;1.616;Rp972.727;92;10;2;0;0;0,12%;20,00%;0,62%;Rp97.272,70
HEALTH SUPPLEMENT;Enervon;Enervon Active;Consideration;Jul-26;TikTok;Nano;Rahmat Jeffrey Saputra;Sports;https://www.tiktok.com/@jeffreysptra/video/7668624173794888980?utm_campaign=tt4d_open_api&utm_source=awtsed5i9xzgi8ph;2.435;Rp972.727;251;15;1;0;1;0,08%;13,33%;0,62%;Rp64.848,47
HEALTH SUPPLEMENT;Enervon;Enervon Active;Consideration;Jul-26;TikTok;Nano;Aji Permana;Sports;https://www.tiktok.com/@aji_pr/video/7668575853801934087?utm_campaign=tt4d_open_api&utm_source=awtsed5i9xzgi8ph;3.998;Rp972.727;241;11;5;1;3;0,23%;81,82%;0,28%;Rp88.429,73
HEALTH SUPPLEMENT;Enervon;Enervon Active;Consideration;Jul-26;TikTok;Micro;Alvin Stevanus;Sports;https://www.tiktok.com/@yunggjenn/video/7668609115899448594?utm_campaign=tt4d_open_api&utm_source=awtsed5i9xzgi8ph;11.800;Rp972.727;5.048;6;0;0;0;0,00%;0,00%;0,05%;Rp162.121,17
HEALTH SUPPLEMENT;Enervon;Enervon Active;Consideration;Jul-26;TikTok;Micro;Hebron Hammlech;Sports;https://www.tiktok.com/@hebronirham/video/7668666642376822034?utm_campaign=tt4d_open_api&utm_source=awtsed5i9xzgi8ph;51.900;Rp972.727;868;94;1;3;21;0,05%;26,60%;0,18%;Rp10.348,16
HEALTH SUPPLEMENT;Enervon;Enervon Active;Consideration;Jul-26;TikTok;Micro;Venessa Kresma;Sports;https://www.tiktok.com/@vnessakr/video/7668592373126974741?utm_campaign=tt4d_open_api&utm_source=awtsed5i9xzgi8ph;19.600;Rp972.727;1.823;4;0;0;0;0,00%;0,00%;0,02%;Rp243.181,75
HEALTH SUPPLEMENT;Vicee;Vicee Gummy;Consideration;Jan-26;TikTok;Micro;Diah Awalokiteswari;Parenting;https://vt.tiktok.com/ZS5YkThpo/;10.200;Rp833.000;49;144;8;3;2;0,13%;9,03%;1,41%;Rp5.784,72
HEALTH SUPPLEMENT;Vicee;Vicee Gummy;Consideration;Jan-26;TikTok;Micro;Endah Lestari;Parenting;https://vt.tiktok.com/ZS5YAdrkG/;18.600;Rp833.000;97;7.059;235;39;132;2,18%;5,75%;37,95%;Rp118,01
HEALTH SUPPLEMENT;Vicee;Vicee Gummy;Consideration;Jan-26;TikTok;Micro;Hazel Azalea;Parenting;https://vt.tiktok.com/ZS5L3Rxxr/;30.700;Rp833.000;4.100;4.482;83;0;0;0,27%;1,85%;14,60%;Rp185,85
HEALTH SUPPLEMENT;Vicee;Vicee Gummy;Consideration;Jan-26;TikTok;Micro;Nur Mu'awwinatun;Parenting;https://vt.tiktok.com/ZS5FChVyd/;11.900;Rp833.000;1.700;1.878;121;42;20;1,54%;9,74%;15,78%;Rp443,56
HEALTH SUPPLEMENT;Vicee;Vicee Gummy;Consideration;Jan-26;TikTok;Micro;Rika veralia;Parenting;https://vt.tiktok.com/ZS5FcAx1h/;11.200;Rp833.000;811;893;1.167;2;5;10,48%;131,47%;7,97%;Rp932,81
HEALTH SUPPLEMENT;Vicee;Vicee Gummy;Consideration;Jan-26;TikTok;Micro;Gwynamira;Family;https://www.tiktok.com/@gwynamira/video/7596237965714672904?utm_campaign=tt4d_open_api&utm_source=awtsed5i9xzgi8ph;15.122;Rp833.000;2.600;3.327;300;24;95;2,77%;12,59%;22,00%;Rp250,38
HEALTH SUPPLEMENT;Vicee;Vicee Gummy;Consideration;Jan-26;TikTok;Micro;nhaalhakim;Parenting;https://www.tiktok.com/@ratna150895/video/7590195011430518034?utm_campaign=tt4d_open_api&utm_source=awtsed5i9xzgi8ph;13.347;Rp833.000;2.600;3.336;232;34;29;2,21%;8,84%;24,99%;Rp249,70
HEALTH SUPPLEMENT;Vicee;Vicee Gummy;Consideration;Jan-26;TikTok;Micro;RATNA;Parenting;https://www.tiktok.com/@andiratnam/video/7593366668059970834?utm_campaign=tt4d_open_api&utm_source=awtsed5i9xzgi8ph;12.550;Rp833.000;1.400;1.953;120;22;22;1,31%;8,40%;15,56%;Rp426,52
HEALTH SUPPLEMENT;Vicee;Vicee Gummy;Consideration;Jan-26;TikTok;Micro;wenny selfcare;Parenting;https://www.tiktok.com/@wennyrad/video/7592591927485173010?utm_campaign=tt4d_open_api&utm_source=awtsed5i9xzgi8ph;21.649;Rp833.000;2.100;2.494;167;37;8;0,98%;8,50%;11,52%;Rp334,00
HEALTH SUPPLEMENT;Vicee;Vicee Gummy;Consideration;Jan-26;TikTok;Micro;FebryLusyanna;Parenting;https://www.tiktok.com/@ucciuccy23/video/7592495034633604359?utm_campaign=tt4d_open_api&utm_source=awtsed5i9xzgi8ph;10.723;Rp833.000;98;140;58;40;4;0,95%;72,86%;1,31%;Rp5.950,00
HEALTH SUPPLEMENT;Vicee;Vicee Gummy;Consideration;Jan-26;TikTok;Micro;Hanyhoney;Parenting;https://www.tiktok.com/@hany.purwadinata/video/7593651936537185544?utm_campaign=tt4d_open_api&utm_source=awtsed5i9xzgi8ph;10.555;Rp833.000;132;168;10;2;4;0,15%;9,52%;1,59%;Rp4.958,33
HEALTH SUPPLEMENT;Vicee;Vicee Gummy;Consideration;Jan-26;TikTok;Nano;Anggi Anggraeni CF;Family;https://vt.tiktok.com/ZS5YBYsbX/;1.580;Rp833.000;82;306;14;16;11;2,59%;13,40%;19,37%;Rp2.722,22
HEALTH SUPPLEMENT;Vicee;Vicee Gummy;Consideration;Jan-26;TikTok;Nano;Azka Odvilia;Family;https://vt.tiktok.com/ZS5FrPXrE/;2.089;Rp833.000;117;1.049;38;2;2;2,01%;4,00%;50,22%;Rp794,09
HEALTH SUPPLEMENT;Vicee;Vicee Gummy;Consideration;Jan-26;TikTok;Nano;Bayi Rofiah;Family;https://vt.tiktok.com/ZS5FAKNhd/;1.147;Rp833.000;36;60;9;0;3;1,05%;20,00%;5,23%;Rp13.883,33
HEALTH SUPPLEMENT;Vicee;Vicee Gummy;Consideration;Jan-26;TikTok;Nano;Choirunnisa Desyanti;Parenting;https://vt.tiktok.com/ZS5YScWpK/;5.640;Rp833.000;1.316;1.316;71;29;12;1,99%;8,51%;23,33%;Rp632,98
HEALTH SUPPLEMENT;Vicee;Vicee Gummy;Consideration;Jan-26;TikTok;Nano;Desy Hardianti;Parenting;https://vt.tiktok.com/ZS5YDkaY9/;1.500;Rp833.000;37;587;314;0;186;33,33%;85,18%;39,13%;Rp1.419,08
HEALTH SUPPLEMENT;Vicee;Vicee Gummy;Consideration;Jan-26;TikTok;Nano;Devina imanda;Parenting;https://vt.tiktok.com/ZS5FnTTEW/;3.700;Rp833.000;173;263;112;23;27;4,38%;61,60%;7,11%;Rp3.167,30
HEALTH SUPPLEMENT;Vicee;Vicee Gummy;Consideration;Jan-26;TikTok;Nano;Dina Inayah Wati;Parenting;https://vt.tiktok.com/ZS5Ff4U5x/;1.742;Rp833.000;78;268;12;4;9;1,44%;9,33%;15,38%;Rp3.108,21
HEALTH SUPPLEMENT;Vicee;Vicee Gummy;Consideration;Jan-26;TikTok;Nano;Lia ermawati;Family;https://vt.tiktok.com/ZS5YBYV2B/;1.613;Rp833.000;75;103;7;0;0;0,43%;6,80%;6,39%;Rp8.087,38
HEALTH SUPPLEMENT;Vicee;Vicee Gummy;Consideration;Jan-26;TikTok;Nano;Lita;Parenting;https://vt.tiktok.com/ZS5FMCUfj/;1.507;Rp833.000;202;246;55;2;42;6,57%;40,24%;16,32%;Rp3.386,18
HEALTH SUPPLEMENT;Vicee;Vicee Gummy;Consideration;Jan-26;TikTok;Nano;lulaluna;Parenting;https://vt.tiktok.com/ZS5Ye9AHU/;4.664;Rp833.000;139;3.824;1.059;17;53;24,21%;29,52%;81,99%;Rp217,83
HEALTH SUPPLEMENT;Vicee;Vicee Gummy;Consideration;Jan-26;TikTok;Nano;Nining Nurhasanah;Parenting;https://vt.tiktok.com/ZS5F9CUR3/;4.600;Rp833.000;150;196;75;23;6;2,26%;53,06%;4,26%;Rp4.250,00
HEALTH SUPPLEMENT;Vicee;Vicee Gummy;Consideration;Jan-26;TikTok;Nano;Nita Monika;Parenting;https://vt.tiktok.com/ZS5FXhery/;7.543;Rp833.000;1.100;1.231;14;13;13;0,53%;3,25%;16,32%;Rp676,69
HEALTH SUPPLEMENT;Vicee;Vicee Gummy;Consideration;Jan-26;TikTok;Nano;Putri Pamungkas;Family;https://vt.tiktok.com/ZS5LHBHc9/;4.773;Rp833.000;75;124;28;6;14;1,01%;38,71%;2,60%;Rp6.717,74
HEALTH SUPPLEMENT;Vicee;Vicee Gummy;Consideration;Jan-26;TikTok;Nano;Rachmiwati;Parenting;https://vt.tiktok.com/ZS5FDdp6L/;2.410;Rp833.000;167;1.682;122;16;4;5,89%;8,44%;69,79%;Rp495,24
HEALTH SUPPLEMENT;Vicee;Vicee Gummy;Consideration;Jan-26;TikTok;Nano;Ranri nafira;Parenting;https://vt.tiktok.com/ZS5YU35bY/;5.104;Rp833.000;102;112;5;2;0;0,14%;6,25%;2,19%;Rp7.437,50
HEALTH SUPPLEMENT;Vicee;Vicee Gummy;Consideration;Jan-26;TikTok;Nano;Rina Laisa;Parenting;https://vt.tiktok.com/ZS5FUM8DC/;1.652;Rp833.000;33;1.328;98;12;15;7,57%;9,41%;80,39%;Rp627,26
HEALTH SUPPLEMENT;Vicee;Vicee Gummy;Consideration;Jan-26;TikTok;Nano;Rini Siti M;Parenting;https://vt.tiktok.com/ZS5YARt66/;4.335;Rp833.000;85;124;56;29;3;2,03%;70,97%;2,86%;Rp6.717,74
HEALTH SUPPLEMENT;Vicee;Vicee Gummy;Consideration;Jan-26;TikTok;Nano;Shahnaz Nadia Putru;Family;https://vt.tiktok.com/ZS5YaSv9S/;2.497;Rp833.000;96;124;14;16;6;1,44%;29,03%;4,97%;Rp6.717,74
HEALTH SUPPLEMENT;Vicee;Vicee Gummy;Consideration;Jan-26;TikTok;Nano;Yustina Gayuh Widyarsih;Parenting;https://vt.tiktok.com/ZS52KXAbr/;2.261;Rp833.000;130;130;5;0;0;0,22%;3,85%;5,75%;Rp6.407,69
HEALTH SUPPLEMENT;Vicee;Vicee Gummy;Consideration;Jan-26;TikTok;Nano;Zealfi Aprilia;Parenting;https://vt.tiktok.com/ZS5LCH2JN/;2.235;Rp833.000;2.156;2.156;118;3;2;5,50%;5,71%;96,47%;Rp386,36
HEALTH SUPPLEMENT;Vicee;Vicee Gummy;Consideration;Jan-26;TikTok;Nano;Zulfa fadhilah;Parenting;https://vt.tiktok.com/ZS5mp2VC3/;6.463;Rp833.000;57;22.732;19;9;7;0,54%;0,15%;351,73%;Rp36,64
HEALTH SUPPLEMENT;Vicee;Vicee Gummy;Consideration;Jan-26;TikTok;Nano;Feraz.id;Family;https://www.tiktok.com/@ria.ferazz/video/7593366619376684309?utm_campaign=tt4d_open_api&utm_source=awtsed5i9xzgi8ph;1.158;Rp833.000;178;214;17;4;106;10,97%;59,35%;18,48%;Rp3.892,52
HEALTH SUPPLEMENT;Vicee;Vicee Gummy;Consideration;Jan-26;TikTok;Nano;M O L L Y;Family;https://www.tiktok.com/@maoliddaauliya_/video/7592583507025743125?utm_campaign=tt4d_open_api&utm_source=awtsed5i9xzgi8ph;1.701;Rp833.000;1.100;1.772;109;2;0;6,53%;6,26%;104,17%;Rp470,09
HEALTH SUPPLEMENT;Vicee;Vicee Gummy;Consideration;Jan-26;TikTok;Nano;Sinaga Family;Parenting;https://www.tiktok.com/@lionelandlexiano/video/7592570458118081799?utm_campaign=tt4d_open_api&utm_source=awtsed5i9xzgi8ph;3.335;Rp833.000;1.700;2.058;106;14;29;4,47%;7,24%;61,71%;Rp404,76
HEALTH SUPPLEMENT;Vicee;Vicee Gummy;Consideration;Jan-26;TikTok;Nano;Annisa | Diskon...;Parenting;https://www.tiktok.com/@annisanurami/video/7589445570725481746?utm_campaign=tt4d_open_api&utm_source=awtsed5i9xzgi8ph;3.523;Rp833.000;1.800;2.513;139;4;0;4,06%;5,69%;71,33%;Rp331,48
HEALTH SUPPLEMENT;Vicee;Vicee Gummy;Consideration;Jan-26;TikTok;Nano;Demon;Parenting;https://www.tiktok.com/@kodeylll/video/7593769953229049096?utm_campaign=tt4d_open_api&utm_source=awtsed5i9xzgi8ph;3.737;Rp833.000;195;208;71;44;7;3,26%;58,65%;5,57%;Rp4.004,81
HEALTH SUPPLEMENT;Vicee;Vicee Gummy;Consideration;Jan-26;TikTok;Nano;Dini Amelia Wit...;Parenting;https://www.tiktok.com/@dimelwitriani/video/7589330701116378388?utm_campaign=tt4d_open_api&utm_source=awtsed5i9xzgi8ph;3.917;Rp833.000;1.700;2.124;127;0;0;3,24%;5,98%;54,23%;Rp392,18
HEALTH SUPPLEMENT;Vicee;Vicee Gummy;Consideration;Jan-26;TikTok;Nano;Yuni Sofhian;Parenting;https://www.tiktok.com/@swyuniiii/video/7592827685521329416?utm_campaign=tt4d_open_api&utm_source=awtsed5i9xzgi8ph;1.010;Rp833.000;90;126;14;13;3;2,97%;23,81%;12,48%;Rp6.611,11
HEALTH SUPPLEMENT;Vicee;Vicee Gummy;Consideration;Jan-26;TikTok;Nano;hanyee210;Parenting;https://www.tiktok.com/@hanyee210/video/7589561401182620949?utm_campaign=tt4d_open_api&utm_source=awtsed5i9xzgi8ph;3.292;Rp833.000;100;130;38;27;30;2,89%;73,08%;3,95%;Rp6.407,69
HEALTH SUPPLEMENT;Vicee;Vicee Gummy;Consideration;Jan-26;TikTok;Nano;Najmah Fariza;Family;https://www.tiktok.com/@najmahfariza/video/7589524316803370260?utm_campaign=tt4d_open_api&utm_source=awtsed5i9xzgi8ph;7.320;Rp833.000;740;949;154;18;10;2,49%;19,18%;12,96%;Rp877,77
HEALTH SUPPLEMENT;Vicee;Vicee Gummy;Consideration;Jan-26;TikTok;Nano;Ayoomega;Parenting;https://www.tiktok.com/@ayoomega/video/7592124388737027348?utm_campaign=tt4d_open_api&utm_source=awtsed5i9xzgi8ph;9.394;Rp833.000;817;979;74;28;6;1,15%;11,03%;10,42%;Rp850,87
HEALTH SUPPLEMENT;Vicee;Vicee Gummy;Consideration;Jan-26;TikTok;Nano;Lady Utami;Parenting;https://www.tiktok.com/@ldytm/video/7590230740592364808?utm_campaign=tt4d_open_api&utm_source=awtsed5i9xzgi8ph;5.749;Rp833.000;392;441;44;7;5;0,97%;12,70%;7,67%;Rp1.888,89
HEALTH SUPPLEMENT;Vicee;Vicee Gummy;Consideration;Jan-26;TikTok;Nano;SheptiyAN;Parenting;https://www.tiktok.com/@sheptiy_an/video/7589523176456031509?utm_campaign=tt4d_open_api&utm_source=awtsed5i9xzgi8ph;4.148;Rp833.000;859;925;27;2;0;0,70%;3,14%;22,30%;Rp900,54
HEALTH SUPPLEMENT;Vicee;Vicee Gummy;Consideration;Jan-26;TikTok;Nano;Utarioktavia;Parenting;https://www.tiktok.com/@tarioktaviia/video/7589452229871029524?utm_campaign=tt4d_open_api&utm_source=awtsed5i9xzgi8ph;5.174;Rp833.000;213;321;16;13;6;0,68%;10,90%;6,20%;Rp2.595,02
HEALTH SUPPLEMENT;Vicee;Vicee Gummy;Consideration;Jan-26;TikTok;Micro;A’yun;Family;https://vt.tiktok.com/ZS5qw6f3C/;14.000;Rp833.000;403;435;131;20;3;1,10%;35,40%;3,11%;Rp1.914,94
HEALTH SUPPLEMENT;Vicee;Vicee Gummy;Consideration;Jan-26;TikTok;Micro;Ananda Khoirunisa;Family;https://vt.tiktok.com/ZS5B6P4k5/;39.200;Rp833.000;137;8.042;192;0;47;0,61%;2,97%;20,52%;Rp103,58
HEALTH SUPPLEMENT;Vicee;Vicee Gummy;Consideration;Jan-26;TikTok;Micro;Anis Pramita;Parenting;https://vt.tiktok.com/ZS5mXadh6/;10.045;Rp833.000;1.700;1.886;125;9;20;1,53%;8,17%;18,78%;Rp441,68
HEALTH SUPPLEMENT;Vicee;Vicee Gummy;Consideration;Jan-26;TikTok;Micro;atiko;Parenting;https://vt.tiktok.com/ZS5qvvU9B/;101.000;Rp833.000;6.200;7.286;1.596;126;120;1,82%;25,28%;7,21%;Rp114,33
HEALTH SUPPLEMENT;Vicee;Vicee Gummy;Consideration;Jan-26;TikTok;Micro;Cony candra;Parenting;https://vt.tiktok.com/ZS5m4dNJU/;35.000;Rp833.000;130;3.210;111;27;2;0,40%;4,36%;9,17%;Rp259,50
HEALTH SUPPLEMENT;Vicee;Vicee Gummy;Consideration;Jan-26;TikTok;Micro;Dwi Ayu Febriyani;Parenting;https://vt.tiktok.com/ZS551YMsP/;20.200;Rp833.000;68;6.644;103;6;20;0,64%;1,94%;32,89%;Rp125,38
HEALTH SUPPLEMENT;Vicee;Vicee Gummy;Consideration;Jan-26;TikTok;Micro;Eka Pujiati;Family;https://vt.tiktok.com/ZS5We7nEu/;10.900;Rp833.000;39;1.529;115;11;30;1,43%;10,20%;14,03%;Rp544,80
HEALTH SUPPLEMENT;Vicee;Vicee Gummy;Consideration;Jan-26;TikTok;Micro;Erna Apriyanti;Parenting;https://vt.tiktok.com/ZS5MKsVEC/;27.900;Rp833.000;705;995;57;15;12;0,30%;8,44%;3,57%;Rp837,19
HEALTH SUPPLEMENT;Vicee;Vicee Gummy;Consideration;Jan-26;TikTok;Micro;Iva Ratna Dewi;Parenting;https://vt.tiktok.com/ZS5ujje3D/;10.600;Rp833.000;143;154;40;37;3;0,75%;51,95%;1,45%;Rp5.409,09
HEALTH SUPPLEMENT;Vicee;Vicee Gummy;Consideration;Jan-26;TikTok;Micro;Leni Agustina;Parenting;https://vt.tiktok.com/ZS5b2UTu5/;10.400;Rp833.000;2.200;2.410;147;4;3;1,48%;6,39%;23,17%;Rp345,64
HEALTH SUPPLEMENT;Vicee;Vicee Gummy;Consideration;Jan-26;TikTok;Micro;Marsha Maharani;Parenting;https://www.tiktok.com/@marshamarchantia/video/7592179863931424008?_r=1&u_code=dfb75afc66hkka&region=ID&mid=7592179915445881618&preview_pb=0&sharer_language=id&_d=e9hdmbcge0342k&ec_shared_reflux_dynamic_params=%7B%22placeholder_material_id%22%3A%227592179863931424008%22%2C%22placeholder_origin_cover%22%3A%22https%253A%252F%252Fp16-sign-sg.tiktokcdn.com%252Ftos-alisg-p-0037%252Fo4q1KBDDQFAbQgBXGBEUf1E3BzNcfRxcph2NgK~tplv-tiktokx-origin.webp%253Fdr%253D14572%2526refresh_token%253D680847ab%2526x-expires%253D1799226000%2526x-signature%253DAGNCim90pbAxN2ViDRSoWzSPLcU%25253D%2526t%253D4d5b0474%2526ps%253D13740610%2526shp%253Dd05b14bd%2526shcp%253D34ff8df6%2526idc%253Dmy%2526s%253DPUBLISH%22%2C%22placeholder_product_id%22%3A%221733012185136728045%22%2C%22placeholder_video_id%22%3A%227592179863931424008%22%7D&ec_shared_reflux_scene=shop_tab_feed&share_item_id=7592179863931424008&source=h5_t&timestamp=1767693171&user_id=6891972806332417025&sec_user_id=MS4wLjABAAAAsyfeVzEDMx5qXSK83JyKtMet2ixlEYVktr0dSelgTN1RtGMjMLAsdmondJl-x2EJ&item_author_type=1&social_share_type=0&utm_source=copy&utm_campaign=client_share&utm_medium=android&share_iid=7587091871248893716&share_link_id=7364f2bb-cde8-46c2-9898-7a051bb24162&share_app_id=1180&ugbiz_name=MAIN&ug_btm=b8727%2Cb2878&link_reflow_popup_iteration_sharer=%7B%22click_empty_to_play%22%3A1%2C%22dynamic_cover%22%3A1%2C%22follow_to_play_duration%22%3A-1.0%2C%22profile_clickable%22%3A1%7D&enable_checksum=1;53.350;Rp833.000;227;3.275;101;4;0;0,20%;3,21%;6,14%;Rp254,35
HEALTH SUPPLEMENT;Vicee;Vicee Gummy;Consideration;Jan-26;TikTok;Micro;Meika Novarya;Parenting;https://vt.tiktok.com/ZS5mM44WT/;11.900;Rp833.000;913;2.119;127;20;54;1,69%;9,49%;17,81%;Rp393,11
HEALTH SUPPLEMENT;Vicee;Vicee Gummy;Consideration;Jan-26;TikTok;Micro;Novi leana;Parenting;https://vt.tiktok.com/ZS5mVAHvc/;30.000;Rp833.000;1.800;1.913;131;26;13;0,57%;8,89%;6,38%;Rp435,44
HEALTH SUPPLEMENT;Vicee;Vicee Gummy;Consideration;Jan-26;TikTok;Micro;Nur Mujiana;Parenting;https://vt.tiktok.com/ZS5u1hRBE/;32.900;Rp833.000;117;12.143;1.004;0;0;3,05%;8,27%;36,91%;Rp68,60
HEALTH SUPPLEMENT;Vicee;Vicee Gummy;Consideration;Jan-26;TikTok;Micro;Nur sholihah;Parenting;https://vt.tiktok.com/ZS5mn5xbR/;26.000;Rp833.000;219;219;112;39;126;1,07%;126,48%;0,84%;Rp3.803,65
HEALTH SUPPLEMENT;Vicee;Vicee Gummy;Consideration;Jan-26;TikTok;Micro;Putri balqis;Parenting;https://vt.tiktok.com/ZS5mbVbeX/;12.500;Rp833.000;869;1.135;16;9;6;0,25%;2,73%;9,08%;Rp733,92
HEALTH SUPPLEMENT;Vicee;Vicee Gummy;Consideration;Jan-26;TikTok;Micro;ria purnamasari;Family;https://vt.tiktok.com/ZS5mxr2HD/;103.000;Rp833.000;13.264;13.264;513;6;378;0,87%;6,76%;12,88%;Rp62,80
HEALTH SUPPLEMENT;Vicee;Vicee Gummy;Consideration;Jan-26;TikTok;Micro;Sarah ivanda;Parenting;https://vt.tiktok.com/ZS5mbPQx5/;14.100;Rp833.000;70;5.297;327;1;1;2,33%;6,21%;37,57%;Rp157,26
HEALTH SUPPLEMENT;Vicee;Vicee Gummy;Consideration;Jan-26;TikTok;Micro;Silvi Agustin;Parenting;https://vt.tiktok.com/ZS5mmxfot/;11.000;Rp833.000;2.400;2.618;1.204;24;53;11,65%;48,93%;23,80%;Rp318,18
HEALTH SUPPLEMENT;Vicee;Vicee Gummy;Consideration;Jan-26;TikTok;Micro;Triastuti;Parenting;https://vt.tiktok.com/ZS55edQPd/;11.200;Rp833.000;29;8.076;1.230;25;226;13,22%;18,34%;72,11%;Rp103,15
HEALTH SUPPLEMENT;Vicee;Vicee Gummy;Consideration;Jan-26;TikTok;Micro;Tyas;Parenting;https://vt.tiktok.com/ZS5mqH8mv/;22.000;Rp833.000;658;3.942;1.119;3;1;5,10%;28,49%;17,92%;Rp211,31
HEALTH SUPPLEMENT;Vicee;Vicee Gummy;Consideration;Jan-26;TikTok;Micro;ingewati.s;Family;https://www.tiktok.com/@ingewati.s/video/7589524650514844946?utm_campaign=tt4d_open_api&utm_source=awtsed5i9xzgi8ph;11.998;Rp833.000;5.500;6.057;302;1;1;2,53%;5,02%;50,48%;Rp137,53
HEALTH SUPPLEMENT;Vicee;Vicee Gummy;Consideration;Jan-26;TikTok;Micro;havika rizhan;Parenting;https://www.tiktok.com/@havika_rizhan/video/7589597697867484436?utm_campaign=tt4d_open_api&utm_source=awtsed5i9xzgi8ph;13.829;Rp833.000;2.900;3.377;268;47;26;2,47%;10,10%;24,42%;Rp246,67
HEALTH SUPPLEMENT;Vicee;Vicee Gummy;Consideration;Jan-26;TikTok;Micro;Bethariasonata;Parenting;https://www.tiktok.com/@betariasonata/video/7593379368546749714?utm_campaign=tt4d_open_api&utm_source=awtsed5i9xzgi8ph;10.560;Rp833.000;2.200;2.637;1.192;21;4;11,52%;46,15%;24,97%;Rp315,89
HEALTH SUPPLEMENT;Vicee;Vicee Gummy;Consideration;Jan-26;TikTok;Micro;Nila Matsuna;Family;https://www.tiktok.com/@nilalalamatsu92/video/7591840893917826322?utm_campaign=tt4d_open_api&utm_source=awtsed5i9xzgi8ph;11.707;Rp833.000;2.200;2.677;1.183;11;44;10,57%;46,25%;22,87%;Rp311,17
HEALTH SUPPLEMENT;Vicee;Vicee Gummy;Consideration;Jan-26;TikTok;Micro;Dita Handiyanti;Parenting;https://www.tiktok.com/@ditahandi_/video/7592177112702881044?utm_campaign=tt4d_open_api&utm_source=awtsed5i9xzgi8ph;22.834;Rp833.000;10.100;11.420;396;18;35;1,97%;3,93%;50,01%;Rp72,94
HEALTH SUPPLEMENT;Vicee;Vicee Gummy;Consideration;Jan-26;TikTok;Micro;sarah_novika;Family;https://www.tiktok.com/@sarah_novika/video/7593410727881329936?utm_campaign=tt4d_open_api&utm_source=awtsed5i9xzgi8ph;50.453;Rp833.000;9.800;10.273;1.855;57;14;3,82%;18,75%;20,36%;Rp81,09
HEALTH SUPPLEMENT;Vicee;Vicee Gummy;Consideration;Jan-26;TikTok;Micro;AJENG;Parenting;https://www.tiktok.com/@radenajengagustina/video/7589920565067091207?utm_campaign=tt4d_open_api&utm_source=awtsed5i9xzgi8ph;14.638;Rp833.000;6.900;7.209;195;25;20;1,64%;3,33%;49,25%;Rp115,55
HEALTH SUPPLEMENT;Vicee;Vicee Gummy;Consideration;Jan-26;TikTok;Micro;Rahmawati;Parenting;https://www.tiktok.com/@narra09_/video/7589522701249793301?utm_campaign=tt4d_open_api&utm_source=awtsed5i9xzgi8ph;11.097;Rp833.000;2.000;2.284;146;24;11;1,63%;7,92%;20,58%;Rp364,71
HEALTH SUPPLEMENT;Vicee;Vicee Gummy;Consideration;Jan-26;TikTok;Micro;Bunda Shazia;Parenting;https://www.tiktok.com/@houseof_zya/video/7589511079349243157?utm_campaign=tt4d_open_api&utm_source=awtsed5i9xzgi8ph;21.516;Rp833.000;1.700;2.145;162;44;17;1,04%;10,40%;9,97%;Rp388,34
HEALTH SUPPLEMENT;Vicee;Vicee Gummy;Consideration;Jan-26;TikTok;Micro;rinamalia13;Parenting;https://www.tiktok.com/@r_amalia13/video/7589504717345017109?utm_campaign=tt4d_open_api&utm_source=awtsed5i9xzgi8ph;12.539;Rp833.000;1.200;1.499;118;1;0;0,95%;7,94%;11,95%;Rp555,70
HEALTH SUPPLEMENT;Vicee;Vicee Gummy;Consideration;Jan-26;TikTok;Micro;keluargapokcoy;Parenting;https://www.tiktok.com/@keluargapokcoy/video/7592513316501671175?utm_campaign=tt4d_open_api&utm_source=awtsed5i9xzgi8ph;12.294;Rp833.000;1.900;2.239;101;1;6;0,88%;4,82%;18,21%;Rp372,04
HEALTH SUPPLEMENT;Vicee;Vicee Gummy;Consideration;Jan-26;TikTok;Micro;Arisa Octaviant...;Parenting;https://www.tiktok.com/@arizhaocta/video/7596324949070056712?utm_campaign=tt4d_open_api&utm_source=awtsed5i9xzgi8ph;19.864;Rp833.000;1.500;2.041;143;20;3;0,84%;8,13%;10,27%;Rp408,13
HEALTH SUPPLEMENT;Vicee;Vicee Gummy;Consideration;Jan-26;TikTok;Micro;Siska Septika R...;Parenting;https://www.tiktok.com/@siskaseptikaa/video/7592662553730370823?utm_campaign=tt4d_open_api&utm_source=awtsed5i9xzgi8ph;10.723;Rp833.000;167;185;27;28;26;0,76%;43,78%;1,73%;Rp4.502,70
HEALTH SUPPLEMENT;Vicee;Vicee Gummy;Consideration;Jan-26;TikTok;Micro;double khay;Parenting;https://www.tiktok.com/@khaylasunny/video/7593534266454134037?utm_campaign=tt4d_open_api&utm_source=awtsed5i9xzgi8ph;11.434;Rp833.000;129;198;36;26;3;0,57%;32,83%;1,73%;Rp4.207,07
HEALTH SUPPLEMENT;Vicee;Vicee Gummy;Consideration;Jan-26;TikTok;Micro;dewi.asr;Parenting;https://www.tiktok.com/@dewi.asria/video/7591855776168234260?utm_campaign=tt4d_open_api&utm_source=awtsed5i9xzgi8ph;10.384;Rp833.000;444;525;41;5;9;0,53%;10,48%;5,06%;Rp1.586,67
HEALTH SUPPLEMENT;Vicee;Vicee Gummy;Consideration;Jan-26;TikTok;Micro;Rika Ria;Parenting;https://www.tiktok.com/@rikariaf/video/7597747845462052117?utm_campaign=tt4d_open_api&utm_source=awtsed5i9xzgi8ph;28.051;Rp833.000;623;680;96;0;0;0,34%;14,12%;2,42%;Rp1.225,00
HEALTH SUPPLEMENT;Vicee;Vicee Gummy;Consideration;Jan-26;TikTok;Micro;Rani Rumi;Parenting;https://www.tiktok.com/@ramigabut00/video/7592193553598582023?utm_campaign=tt4d_open_api&utm_source=awtsed5i9xzgi8ph;13.047;Rp833.000;178;194;21;18;0;0,30%;20,10%;1,49%;Rp4.293,81
HEALTH SUPPLEMENT;Vicee;Vicee Gummy;Consideration;Jan-26;TikTok;Micro;Putrisptanggrni;Parenting;https://www.tiktok.com/@putrisptanggrni/video/7593401829841489172?utm_campaign=tt4d_open_api&utm_source=awtsed5i9xzgi8ph;20.821;Rp833.000;128;159;34;26;2;0,30%;38,99%;0,76%;Rp5.238,99
HEALTH SUPPLEMENT;Vicee;Vicee Gummy;Consideration;Jan-26;TikTok;Micro;Desyrtns;Parenting;https://www.tiktok.com/@desyrtns/video/7593544071138790676?utm_campaign=tt4d_open_api&utm_source=awtsed5i9xzgi8ph;16.922;Rp833.000;122;143;15;5;0;0,12%;13,99%;0,85%;Rp5.825,17
HEALTH SUPPLEMENT;Vicee;Vicee Gummy;Consideration;Jan-26;TikTok;Micro;Promo jajan jal...;Family;https://vt.tiktok.com/ZS5FrXTAn/;12.520;Rp833.000;654;707;11;0;0;0,09%;1,56%;5,65%;Rp1.178,22
HEALTH SUPPLEMENT;Vicee;Vicee Gummy;Consideration;Jan-26;TikTok;Micro;Ike nurha;Parenting;https://www.tiktok.com/@ikenurha25/video/7596234483779587336?utm_campaign=tt4d_open_api&utm_source=awtsed5i9xzgi8ph;19.223;Rp833.000;119;130;12;0;0;0,06%;9,23%;0,68%;Rp6.407,69
HEALTH SUPPLEMENT;Vicee;Vicee Gummy;Consideration;Jan-26;TikTok;Micro;arini;Parenting;https://www.tiktok.com/@arinprastya/video/7589256868174794005?utm_campaign=tt4d_open_api&utm_source=awtsed5i9xzgi8ph;19.526;Rp833.000;164;170;4;1;6;0,06%;6,47%;0,87%;Rp4.900,00
HEALTH SUPPLEMENT;Vicee;Vicee Gummy;Consideration;Jan-26;TikTok;Micro;Kamisatuatap;Parenting;https://www.tiktok.com/@kamisatuatap/video/7589463936873925896?utm_campaign=tt4d_open_api&utm_source=awtsed5i9xzgi8ph;13.205;Rp833.000;1.000;1.124;4;0;0;0,03%;0,36%;8,51%;Rp741,10
HEALTH SUPPLEMENT;Vicee;Vicee Gummy;Consideration;Jan-26;TikTok;Nano;Asniati;Parenting;https://vt.tiktok.com/ZS5bYfeCb/;1.340;Rp833.000;98;144;40;31;14;6,34%;59,03%;10,75%;Rp5.784,72
HEALTH SUPPLEMENT;Vicee;Vicee Gummy;Consideration;Jan-26;TikTok;Nano;Rizky Dwi Puspita Sari;Parenting;https://vt.tiktok.com/ZS5xSwRTd/;1.930;Rp833.000;192;192;107;9;6;6,32%;63,54%;9,95%;Rp4.338,54
HEALTH SUPPLEMENT;Vicee;Vicee Gummy;Consideration;Jan-26;TikTok;Nano;Windy;Parenting;https://www.tiktok.com/@windyedogawa/video/7594714679855926535?is_from_webapp=1&sender_device=pc&web_id=7491328671523309057;2.500;Rp833.000;83;117;8;6;1;0,60%;12,82%;4,68%;Rp7.119,66
HEALTH SUPPLEMENT;Vicee;Vicee Gummy;Consideration;Jan-26;TikTok;Nano;Annisa Khanna;Parenting;https://vt.tiktok.com/ZS5bUHfGC/;2.600;Rp833.000;150;170;53;0;0;2,04%;31,18%;6,54%;Rp4.900,00
HEALTH SUPPLEMENT;Vicee;Vicee Gummy;Consideration;Jan-26;TikTok;Nano;Annisa Nurhudayanti;Parenting;https://vt.tiktok.com/ZS5mkfKLx/;4.080;Rp833.000;120;225;115;15;3;3,26%;59,11%;5,51%;Rp3.702,22
HEALTH SUPPLEMENT;Vicee;Vicee Gummy;Consideration;Jan-26;TikTok;Nano;Aysheza Fahresyi;Parenting;https://vt.tiktok.com/ZS5rPwrTq/;1.087;Rp833.000;103;103;7;4;1;1,10%;11,65%;9,48%;Rp8.087,38
HEALTH SUPPLEMENT;Vicee;Vicee Gummy;Consideration;Jan-26;TikTok;Nano;Ayu windari;Parenting;https://vt.tiktok.com/ZS5mSoCaW/;1.872;Rp833.000;144;259;100;95;15;11,22%;81,08%;13,84%;Rp3.216,22
HEALTH SUPPLEMENT;Vicee;Vicee Gummy;Consideration;Jan-26;TikTok;Nano;Elsa Yulianti;Parenting;https://vt.tiktok.com/ZS5qwxF89/;3.298;Rp833.000;134;170;37;31;5;2,21%;42,94%;5,15%;Rp4.900,00
HEALTH SUPPLEMENT;Vicee;Vicee Gummy;Consideration;Jan-26;TikTok;Nano;Erste Kleinodia Ersaelia;Parenting;https://vt.tiktok.com/ZS5mhXom8/;6.185;Rp833.000;1.500;1.712;70;11;14;1,54%;5,55%;27,68%;Rp486,57
HEALTH SUPPLEMENT;Vicee;Vicee Gummy;Consideration;Jan-26;TikTok;Nano;Farida utami;Parenting;https://vt.tiktok.com/ZS5XGETLW/;6.020;Rp833.000;152;181;29;13;9;0,85%;28,18%;3,01%;Rp4.602,21
HEALTH SUPPLEMENT;Vicee;Vicee Gummy;Consideration;Jan-26;TikTok;Nano;Fidzah Oktaviana;Family;https://vt.tiktok.com/ZS5aLGfGg/;4.380;Rp833.000;235;367;50;39;7;2,19%;26,16%;8,38%;Rp2.269,75
HEALTH SUPPLEMENT;Vicee;Vicee Gummy;Consideration;Jan-26;TikTok;Nano;Husnul mursyeed;Parenting;https://vt.tiktok.com/ZS5Pyt9cC/;3.400;Rp833.000;1.700;1.739;124;3;6;3,91%;7,65%;51,15%;Rp479,01
HEALTH SUPPLEMENT;Vicee;Vicee Gummy;Consideration;Jan-26;TikTok;Nano;Julia Pandiangan;Parenting;https://vt.tiktok.com/ZS5PU8H65/;3.260;Rp833.000;104;140;8;0;7;0,46%;10,71%;4,29%;Rp5.950,00
HEALTH SUPPLEMENT;Vicee;Vicee Gummy;Consideration;Jan-26;TikTok;Nano;Mike Renalia Goenawan;Parenting;https://vt.tiktok.com/ZS5mYDLqe/;3.066;Rp833.000;2.700;4.500;319;106;21;14,55%;9,91%;146,77%;Rp185,11
HEALTH SUPPLEMENT;Vicee;Vicee Gummy;Consideration;Jan-26;TikTok;Nano;Ninnda Dwi kurniasari;Parenting;https://vt.tiktok.com/ZS5GERUG9/;6.880;Rp833.000;190;239;42;28;18;1,28%;36,82%;3,47%;Rp3.485,36
HEALTH SUPPLEMENT;Vicee;Vicee Gummy;Consideration;Jan-26;TikTok;Nano;Nur anggraeni;Parenting;https://vt.tiktok.com/ZS5m2AH6c/;2.023;Rp833.000;88;88;11;3;4;0,89%;20,45%;4,35%;Rp9.465,91
HEALTH SUPPLEMENT;Vicee;Vicee Gummy;Consideration;Jan-26;TikTok;Nano;Nur intan jumala;Family;https://vt.tiktok.com/ZS5q3Wwgv/;1.008;Rp833.000;75;75;3;0;0;0,30%;4,00%;7,44%;Rp11.106,67
HEALTH SUPPLEMENT;Vicee;Vicee Gummy;Consideration;Jan-26;TikTok;Nano;Resha Rizky Awalia;Parenting;https://vt.tiktok.com/ZS5mms7Vh/;1.055;Rp833.000;140;172;6;1;2;0,85%;5,23%;16,30%;Rp4.843,02
HEALTH SUPPLEMENT;Vicee;Vicee Gummy;Consideration;Jan-26;TikTok;Nano;Shabila gadis;Parenting;https://vt.tiktok.com/ZS5mQg3Ey/;1.825;Rp833.000;128;148;14;4;4;1,21%;14,86%;8,11%;Rp5.628,38
HEALTH SUPPLEMENT;Vicee;Vicee Gummy;Consideration;Jan-26;TikTok;Nano;Tania;Parenting;https://vt.tiktok.com/ZS5sqACf5/;3.600;Rp833.000;72;318;11;4;0;0,42%;4,72%;8,83%;Rp2.619,50
HEALTH SUPPLEMENT;Vicee;Vicee Gummy;Consideration;Jan-26;TikTok;Nano;Tiara nuansa;Parenting;https://vt.tiktok.com/ZS5425u9f/;2.568;Rp833.000;52;69;36;0;4;1,56%;57,97%;2,69%;Rp12.072,46
HEALTH SUPPLEMENT;Vicee;Vicee Gummy;Consideration;Jan-26;TikTok;Nano;Vika ashari puteri;Parenting;https://vt.tiktok.com/ZS5mmC5bA/;8.133;Rp833.000;56;81;8;2;2;0,15%;14,81%;1,00%;Rp10.283,95
HEALTH SUPPLEMENT;Vicee;Vicee Gummy;Consideration;Jan-26;TikTok;Nano;Wahyu putri;Parenting;https://vt.tiktok.com/ZS5FrXTAn/;7.400;Rp833.000;144;3.578;289;97;21;5,50%;11,38%;48,35%;Rp232,81
HEALTH SUPPLEMENT;Vicee;Vicee Gummy;Consideration;Jan-26;TikTok;Nano;kellydwy;Parenting;https://www.tiktok.com/@kellydwy/video/7589610118996561173?utm_campaign=tt4d_open_api&utm_source=awtsed5i9xzgi8ph;2.307;Rp833.000;566;736;239;19;6;11,44%;35,87%;31,90%;Rp1.131,79
HEALTH SUPPLEMENT;Vicee;Vicee Gummy;Consideration;Jan-26;TikTok;Nano;Melinda Septian...;Parenting;https://www.tiktok.com/@melindaseptiani91/video/7589546228795362568?utm_campaign=tt4d_open_api&utm_source=awtsed5i9xzgi8ph;2.044;Rp833.000;275;364;61;45;31;6,70%;37,64%;17,81%;Rp2.288,46
HEALTH SUPPLEMENT;Vicee;Vicee Gummy;Consideration;Jan-26;TikTok;Nano;Diah Budiarti;Parenting;https://www.tiktok.com/@diahnitab/video/7589514727521373460?utm_campaign=tt4d_open_api&utm_source=awtsed5i9xzgi8ph;3.969;Rp833.000;2.800;3.213;140;71;50;6,58%;8,12%;80,95%;Rp259,26
HEALTH SUPPLEMENT;Vicee;Vicee Gummy;Consideration;Jan-26;TikTok;Nano;Junelzha Rikha;Parenting;https://www.tiktok.com/@junelzharikha/video/7589440315061259537?utm_campaign=tt4d_open_api&utm_source=awtsed5i9xzgi8ph;2.312;Rp833.000;283;330;123;16;4;6,19%;43,33%;14,27%;Rp2.524,24
HEALTH SUPPLEMENT;Vicee;Vicee Gummy;Consideration;Jan-26;TikTok;Nano;cheese;Family;https://www.tiktok.com/@chocomeltedcheese/video/7593684636841118984?utm_campaign=tt4d_open_api&utm_source=awtsed5i9xzgi8ph;3.313;Rp833.000;120;169;64;54;7;3,77%;73,96%;5,10%;Rp4.928,99
HEALTH SUPPLEMENT;Vicee;Vicee Gummy;Consideration;Jan-26;TikTok;Nano;@ardiyaninf;Parenting;https://www.tiktok.com/@ardiyaninf/video/7594648826959514901?utm_campaign=tt4d_open_api&utm_source=awtsed5i9xzgi8ph;9.997;Rp833.000;2.000;2.122;255;1;8;2,64%;12,44%;21,23%;Rp392,55
HEALTH SUPPLEMENT;Vicee;Vicee Gummy;Consideration;Jan-26;TikTok;Nano;MARYVE90;Parenting;https://www.tiktok.com/@maryve903/video/7589433295096548626?utm_campaign=tt4d_open_api&utm_source=awtsed5i9xzgi8ph;4.947;Rp833.000;143;180;14;1;0;0,30%;8,33%;3,64%;Rp4.627,78
HEALTH SUPPLEMENT;Vicee;Vicee Gummy;Consideration;Jan-26;TikTok;Nano;Maegya;Parenting;https://www.tiktok.com/@maegiyaa/video/7594348426469330183?_r=1&_t=ZS-938M7ZUciHt;3.377;Rp833.000;125;1.813;150;0;0;4,44%;8,27%;53,69%;Rp459,46
HEALTH SUPPLEMENT;Vicee;Vicee Gummy;Consideration;Mar-26;Tiktok;Mega;Siti Badriah;Parenting;https://vt.tiktok.com/ZSuxQ9aU2/;7.000.000;Rp150.000.000;357.100;357.100;13.700;48;54;0,20%;3,87%;5,10%;Rp420,05
HEALTH SUPPLEMENT;Vicee;Vicee Gummy;Consideration;Mar-26;Tiktok;Macro;Hassan Alaydrus;Parenting;https://www.tiktok.com/@babamiwa/video/7618654919549046034;245.900;Rp42.000.000;1.619;1.619;157;1;2;0,07%;9,88%;0,66%;Rp25.941,94
HEALTH SUPPLEMENT;Vicee;Vicee Gummy;Consideration;Mar-26;Tiktok;Macro;Nina Zatulini;Parenting;https://vt.tiktok.com/ZSuyGA2x6/;605.200;Rp47.000.000;8.854;8.854;189;7;2;0,03%;2,24%;1,46%;Rp5.308,34
HEALTH SUPPLEMENT;Vicee;Vicee Gummy;Consideration;Mar-26;Tiktok;Macro;Merdi Octav;Parenting;https://www.tiktok.com/@merdioctav/video/7615843866079399188;423.800;Rp45.000.000;49.000;49.000;2.092;4;10;0,50%;4,30%;11,56%;Rp918,37
HEALTH SUPPLEMENT;Vicee;Vicee Gummy;Consideration;Mar-26;Tiktok;Macro;Patricia Devina;Parenting;https://vt.tiktok.com/ZSuBg9UDq/;104.500;Rp51.000.000;8.711;8.711;1.233;3;7;1,19%;14,27%;8,34%;Rp5.854,67
HEALTH SUPPLEMENT;Vicee;Vicee Gummy;Consideration;Mar-26;Tiktok;Micro;Asa Living;Parenting; https://www.tiktok.com/@asa_living/video/7613582450433838356?_r=1&_t=ZS-94QJt0mV4iL;78.100;Rp18.000.000;29.400;29.400;4.277;10;95;5,61%;14,90%;37,64%;Rp612,24
HEALTH SUPPLEMENT;Vicee;Vicee Gummy;Consideration;May-26;TikTok;Micro;Shannon Gabriella;Parenting;https://www.tiktok.com/@itsshannongbr/video/7644158644157713685?_r=1&_t=ZS-96gKNlF61A5;35.100;Rp30.000.000;443;738;30;3;3;0,10%;4,88%;2,10%;Rp40.650,41
HEALTH SUPPLEMENT;Vicee;Vicee Gummy;Consideration;May-26;TikTok;Micro;Imchika;Parenting;https://vt.tiktok.com/ZSxtSs2Rt/;2.300.000;Rp30.000.000;226.740;377.900;13.650;380;120;0,62%;3,74%;16,43%;Rp79,39
HEALTH SUPPLEMENT;Vicee;Vicee Gummy;Consideration;Jul-26;TikTok;Nano;devinaputri241212;Parenting;https://vt.tiktok.com/ZS4dkHq7e/;8.328;Rp1.050.000;66;110;2;1;0;0,04%;2,73%;1,32%;Rp9.545,45
HEALTH SUPPLEMENT;Vicee;Vicee Gummy;Consideration;Jul-26;TikTok;Micro;Opi Fitriani;Parenting;https://vt.tiktok.com/ZSXpkyQPh/;12.100;Rp1.050.000;156;260;8;4;5;0,14%;6,54%;2,15%;Rp4.038,46
HEALTH SUPPLEMENT;Vicee;Vicee Gummy;Consideration;Jul-26;TikTok;Nano;Mbakdayu.ariestya;Family;https://vt.tiktok.com/ZSX7xRAPK/;6.652;Rp1.050.000;64;107;2;0;0;0,03%;1,87%;1,61%;Rp9.813,08
HEALTH SUPPLEMENT;Vicee;Vicee Gummy;Consideration;Jul-26;TikTok;Nano;Duhita Imanastuti;Parenting;https://vt.tiktok.com/ZSXg13mv4/;3.072;Rp1.050.000;1.063;1.771;39;17;3;1,92%;3,33%;57,65%;Rp592,89
HEALTH SUPPLEMENT;Vicee;Vicee Gummy;Consideration;Jul-26;TikTok;Micro;chela;Parenting;https://vt.tiktok.com/ZSXsVm6ah/;16.300;Rp1.050.000;58;97;2;0;0;0,01%;2,06%;0,60%;Rp10.824,74
HEALTH SUPPLEMENT;Vicee;Vicee Gummy;Consideration;Jul-26;TikTok;Nano;Gustika;Parenting;https://vt.tiktok.com/ZSXgk17PR/;1.134;Rp1.050.000;997;1.661;2;0;0;0,18%;0,12%;146,47%;Rp632,15
HEALTH SUPPLEMENT;Vicee;Vicee Gummy;Consideration;Jul-26;TikTok;Nano;Iklila;Family;https://vt.tiktok.com/ZSXpdURSv/;2.393;Rp1.050.000;86;144;9;0;3;0,50%;8,33%;6,02%;Rp7.291,67
HEALTH SUPPLEMENT;Vicee;Vicee Gummy;Consideration;Jul-26;TikTok;Nano;Hanida ayu;Family;https://vt.tiktok.com/ZSXgkY6RQ/;4.045;Rp1.050.000;334;556;4;0;0;0,10%;0,72%;13,75%;Rp1.888,49
HEALTH SUPPLEMENT;Vicee;Vicee Gummy;Consideration;Jul-26;TikTok;Micro;eka_pujiati;Family;https://vt.tiktok.com/ZSXp1xQGe/;13.000;Rp1.050.000;733;1.222;117;14;41;1,32%;14,08%;9,40%;Rp859,25
HEALTH SUPPLEMENT;Vicee;Vicee Gummy;Consideration;Jul-26;TikTok;Micro;Norma Mustika;Parenting;https://vt.tiktok.com/ZSXga6Bbs/;11.600;Rp1.050.000;29;49;8;3;29;0,34%;81,63%;0,42%;Rp21.428,57
HEALTH SUPPLEMENT;Vicee;Vicee Gummy;Consideration;Jul-26;TikTok;Nano;Annisa Rida Pratiwi;Parenting;https://vt.tiktok.com/ZS4dpUdbe/;1.733;Rp793.000;137;137;4;0;0;0,23%;2,92%;7,91%;Rp5.788,32
HEALTH SUPPLEMENT;Vicee;Vicee Gummy;Consideration;Jul-26;TikTok;Nano;Fitri Fauziah;Parenting;https://vt.tiktok.com/ZS4dKk2rJ/;4.800;Rp793.000;116;116;8;1;13;0,46%;18,97%;2,42%;Rp6.836,21
HEALTH SUPPLEMENT;Vicee;Vicee Gummy;Consideration;Jul-26;TikTok;Nano;aksara;Parenting;https://vt.tiktok.com/ZS4eKKtXH/;2.080;Rp793.000;1.044;1.044;98;16;44;7,60%;15,13%;50,19%;Rp759,58
HEALTH SUPPLEMENT;Vicee;Vicee Gummy;Consideration;Jul-26;TikTok;Nano;Eireen Naura;Parenting;https://vt.tiktok.com/ZS4L62FG4/;3.600;Rp793.000;1.584;1.584;153;20;5;4,94%;11,24%;44,00%;Rp500,63
HEALTH SUPPLEMENT;Vicee;Vicee Gummy;Consideration;Jul-26;TikTok;Micro;Tengku Ulya;Parenting;https://vt.tiktok.com/ZS4M9c8nE/;11.830;Rp793.000;1.270;1.270;3;0;0;0,03%;0,24%;10,74%;Rp624,41
HEALTH SUPPLEMENT;Vicee;Vicee Sweetlets;Consideration;Mar-26;Tiktok;Mega;Afry Rezky;Lifestyle;https://vt.tiktok.com/ZSuE3R25E/;1.700.000;Rp26.000.000;65.300;65.300;11.800;18;119;0,70%;18,28%;3,84%;Rp398,16
HEALTH SUPPLEMENT;Vicee;Vicee Sweetlets;Consideration;Mar-26;Tiktok;Mega;Maxwell Salvador;Lifestyle;https://vt.tiktok.com/ZSuH9nHQ1/;1.300.000;Rp57.000.000;52.200;52.200;7.009;157;857;0,62%;15,37%;4,02%;Rp1.091,95
HEALTH SUPPLEMENT;Vicee;Vicee Sweetlets;Consideration;Mar-26;Tiktok;Macro;Alicia Amaris;Lifestyle;https://vt.tiktok.com/ZSu96ssQu/;105.900;Rp21.000.000;93.000;93.000;6.435;48;376;6,48%;7,38%;87,82%;Rp225,81
HEALTH SUPPLEMENT;Vicee;Vicee Sweetlets;Consideration;May-26;TikTok;Micro;Alecya Veby;Lifestyle;https://vt.tiktok.com/ZSxGbcq3N/;1.421.500;Rp24.500.000;186.700;827.489;71.000;20;1.219;5,08%;8,73%;58,21%;Rp29,61
HEALTH SUPPLEMENT;Vicee;Vicee Sweetlets;Consideration;Jul-26;TikTok;Nano;suffibulan;Lifestyle;https://vt.tiktok.com/ZS4Y2aeNH/;1.693;Rp822.222;136;226;16;1;4;1,24%;9,29%;13,35%;Rp3.638,15
HEALTH SUPPLEMENT;Vicee;Vicee Sweetlets;Consideration;Jul-26;TikTok;Nano;Vayaaa1010;Lifestyle;https://www.tiktok.com/@vayaaa1010/video/7670774233315757320?_r=1&_t=ZS-98eIKI0x7fL;2.615;Rp822.222;53;159;10;2;;0,46%;7,55%;6,08%;Rp5.171,21
HEALTH SUPPLEMENT;Vicee;Vicee Sweetlets;Consideration;Jul-26;TikTok;Micro;Chaaa_mfs;Lifestyle;https://vt.tiktok.com/ZSXotetsK/;10.700;Rp822.222;190;317;18;0;1;0,18%;5,99%;2,96%;Rp2.593,76
HEALTH SUPPLEMENT;Vicee;Vicee Sweetlets;Consideration;Jul-26;TikTok;Micro;urthe_one;Lifestyle;https://vt.tiktok.com/ZSXgedLEL/;24.100;Rp822.222;649;1.081;15;0;2;0,07%;1,57%;4,49%;Rp760,61
HEALTH SUPPLEMENT;Vicee;Vicee Sweetlets;Consideration;Jul-26;TikTok;Nano;Ladies lorencia wangsa;Lifestyle;https://vt.tiktok.com/ZSXo3CwGx/;1.072;Rp822.222;133;221;11;0;0;1,03%;4,98%;20,62%;Rp3.720,46
HEALTH SUPPLEMENT;Vicee;Vicee Sweetlets;Consideration;Jul-26;TikTok;Nano;Nesnesyu;Lifestyle;https://vt.tiktok.com/ZSXpJvTYk/;8.666;Rp822.222;1.793;2.988;5;2;3;0,12%;0,33%;34,48%;Rp275,17
HEALTH SUPPLEMENT;Vicee;Vicee Sweetlets;Consideration;Jul-26;TikTok;Nano;Inisial.ai19;Lifestyle;https://vt.tiktok.com/ZSXg3qnv9/;2.151;Rp822.222;68;113;3;0;1;0,19%;3,54%;5,25%;Rp7.276,30
HEALTH SUPPLEMENT;Vicee;Vicee Sweetlets;Consideration;Jul-26;TikTok;Micro;panda;Lifestyle;https://vt.tiktok.com/ZS4u146cA/;13.500;Rp822.222;146;243;9;0;0;0,07%;3,70%;1,80%;Rp3.383,63
HEALTH SUPPLEMENT;Vicee;Vicee Sweetlets;Consideration;Jul-26;TikTok;Nano;diah ayu;Lifestyle;https://vt.tiktok.com/ZS41uu1jA/;1.967;Rp822.222;68;114;13;10;19;2,14%;36,84%;5,80%;Rp7.212,47
HEALTH SUPPLEMENT;Vicee;Vicee Sweetlets;Consideration;Jul-26;TikTok;Micro;Ika;Lifestyle;https://vt.tiktok.com/ZSXTNsCDt/);68.000;Rp822.222;314;524;35;0;21;0,08%;10,69%;0,77%;Rp1.569,13
HEALTH SUPPLEMENT;Vicee;Vicee Sweetlets;Consideration;Jul-26;TikTok;Nano;aross;Lifestyle;https://vt.tiktok.com/ZSX7MryLJ/;1.528;Rp822.222;236;394;19;2;0;1,37%;5,33%;25,79%;Rp2.086,86
HEALTH SUPPLEMENT;Vicee;Vicee Sweetlets;Consideration;Jul-26;TikTok;Nano;afinda.nanda;Lifestyle;https://vt.tiktok.com/ZSXGk7g6j/;3.426;Rp822.222;472;787;216;0;7;6,51%;28,34%;22,97%;Rp1.044,75
HEALTH SUPPLEMENT;Vicee;Vicee Sweetlets;Consideration;Jul-26;TikTok;Nano;Kiran;Lifestyle;https://vt.tiktok.com/ZS4eLYwwm/;1.204;Rp822.222;195;325;47;40;26;9,39%;34,77%;26,99%;Rp2.529,91
HEALTH SUPPLEMENT;Vicee;Vicee Sweetlets;Consideration;Jul-26;TikTok;Nano;Della Havilah;Lifestyle;https://vt.tiktok.com/ZSXscomBK/;2.965;Rp822.222;139;232;15;1;0;0,54%;6,90%;7,82%;Rp3.544,06
HEALTH SUPPLEMENT;Vicee;Vicee Sweetlets;Consideration;Jul-26;TikTok;Nano;FpandF;Lifestyle;https://www.tiktok.com/@asriwruwu/video/7670792282068569352?_r=1&_t=ZS-98SPH2KSPJs;2.221;Rp822.222;181;302;5;2;1;0,36%;2,65%;13,60%;Rp2.722,59
HEALTH SUPPLEMENT;Vicee;Vicee Sweetlets;Consideration;Jul-26;TikTok;Nano;Mulia Sari;Lifestyle;https://vt.tiktok.com/ZS4yxX5kd/;6.010;Rp802.900;4.558;4.558;100;42;38;3,00%;3,95%;75,84%;Rp176,15
HEALTH SUPPLEMENT;Vicee;Vicee Sweetlets;Consideration;Jul-26;TikTok;Nano;Jihan Nabila;Lifestyle;https://vt.tiktok.com/ZS4fY6pFo/;3.900;Rp802.900;249;249;6;0;2;0,21%;3,21%;6,38%;Rp3.224,50
HEALTH SUPPLEMENT;Vicee;Vicee Sweetlets;Consideration;Jul-26;TikTok;Nano;Tasya Pramiswari;Lifestyle;https://vt.tiktok.com/ZS4fYWPtd/;4.004;Rp802.900;148;148;13;0;2;0,37%;10,14%;3,70%;Rp5.425,00
HEALTH SUPPLEMENT;Vicee;Vicee Sweetlets;Consideration;Jul-26;TikTok;Nano;Galuh Elok S;Lifestyle;https://vt.tiktok.com/ZS45gNuhn/;5.318;Rp802.900;231;231;4;0;1;0,09%;2,16%;4,34%;Rp3.475,76
HEALTH SUPPLEMENT;Vicee;Vicee Sweetlets;Consideration;Jul-26;TikTok;Micro;Berlian Syahlatun C;Lifestyle;https://vt.tiktok.com/ZS45v7UHq/;10.998;Rp802.900;22;22;5;0;0;0,05%;22,73%;0,20%;Rp36.495,45
HEALTH SUPPLEMENT;Vicee;Vicee Sweetlets;Consideration;Jul-26;TikTok;Nano;Mitha Paradina;Lifestyle;https://vt.tiktok.com/ZS456r44p/;2.930;Rp802.900;46;46;19;19;3;1,40%;89,13%;1,57%;Rp17.454,35
HEALTH SUPPLEMENT;Vicee;Vicee Sweetlets;Consideration;Jul-26;TikTok;Micro;Mutia;Lifestyle;https://vt.tiktok.com/ZS4mHfv9U/;10.221;Rp802.900;55;55;3;0;0;0,03%;5,45%;0,54%;Rp14.598,18
HEALTH SUPPLEMENT;Vicee;Vicee Sweetlets;Consideration;Jul-26;TikTok;Nano;cellonita farida putri;Lifestyle;https://vt.tiktok.com/ZS4mUeEKR/;4.700;Rp802.900;533;533;16;1;0;0,36%;3,19%;11,34%;Rp1.506,38
HEALTH SUPPLEMENT;Vicee;Vicee Sweetlets;Consideration;Jul-26;TikTok;Nano;Berlian Nurlaila Fadhilah;Lifestyle;https://vt.tiktok.com/ZS4xkLht4/;4.500;Rp802.900;29;29;3;0;0;0,07%;10,34%;0,64%;Rp27.686,21
HEALTH SUPPLEMENT;Vicee;Vicee Sweetlets;Consideration;Jul-26;TikTok;Nano;vindy putra;Lifestyle;https://vt.tiktok.com/ZS4QBaJXY/;3.820;Rp802.900;229;229;16;0;8;0,63%;10,48%;5,99%;Rp3.506,11
HEALTH SUPPLEMENT;Vicee;Vicee Sweetlets;Consideration;Jul-26;TikTok;Micro;Rezky Iskandar;Lifestyle;https://vt.tiktok.com/ZS4YoqPD7/;13.000;Rp802.900;166;166;19;0;5;0,18%;14,46%;1,28%;Rp4.836,75
HEALTH SUPPLEMENT;Vicee;Vicee Sweetlets;Consideration;Jul-26;TikTok;Nano;Susi Oktaviani;Lifestyle;https://vt.tiktok.com/ZS4Y2Kfcc/;5.360;Rp802.900;79;79;7;0;0;0,13%;8,86%;1,47%;Rp10.163,29
HEALTH SUPPLEMENT;Vicee;Vicee Sweetlets;Consideration;Jul-26;TikTok;Nano;Muh. Gelfing;Lifestyle;https://vt.tiktok.com/ZS4YLFqnm/;6.100;Rp802.900;282;282;93;19;37;2,44%;52,84%;4,62%;Rp2.847,16
HEALTH SUPPLEMENT;Vicee;Vicee Sweetlets;Consideration;Jul-26;TikTok;Nano;Annisa Risky;Lifestyle;https://vt.tiktok.com/ZS42VLkEk/;1.070;Rp802.900;77;77;9;0;0;0,84%;11,69%;7,20%;Rp10.427,27
HEALTH SUPPLEMENT;Vicee;Vicee Sweetlets;Consideration;Jul-26;TikTok;Nano;Fudoli;Lifestyle;https://vt.tiktok.com/ZS4YyAfEa/;1.200;Rp802.900;0;0;0;0;0;0,00%;#DIV/0!;0,00%;#DIV/0!
HEALTH SUPPLEMENT;Vicee;Vicee Sweetlets;Consideration;Jul-26;TikTok;Nano;Novia dwi cahyanti;Lifestyle;https://vt.tiktok.com/ZS42H7Eob/;1.250;Rp802.900;65;65;7;0;0;0,56%;10,77%;5,20%;Rp12.352,31
HEALTH SUPPLEMENT;Vicee;Vicee Sweetlets;Consideration;Jul-26;TikTok;Nano;Raihan Eka Putra;Lifestyle;https://vt.tiktok.com/ZS42hsuUL/;1.280;Rp802.900;445;445;16;0;2;1,41%;4,04%;34,77%;Rp1.804,27
HEALTH SUPPLEMENT;Vicee;Vicee Sweetlets;Consideration;Jul-26;TikTok;Nano;Desty setiawati;Lifestyle;https://vt.tiktok.com/ZS4YjUKpA/;1.997;Rp802.900;1.949;1.949;51;3;0;2,70%;2,77%;97,60%;Rp411,95
HEALTH SUPPLEMENT;Vicee;Vicee Sweetlets;Consideration;Jul-26;TikTok;Nano;Nindy;Lifestyle;https://vt.tiktok.com/ZS4Yv4e5M/;2.050;Rp802.900;77;77;25;16;5;2,24%;59,74%;3,76%;Rp10.427,27
HEALTH SUPPLEMENT;Vicee;Vicee Sweetlets;Consideration;Jul-26;TikTok;Nano;Afifa Ramadhania;Lifestyle;https://vt.tiktok.com/ZS42pLQUS/;2.071;Rp802.900;30;30;5;0;2;0,34%;23,33%;1,45%;Rp26.763,33
HEALTH SUPPLEMENT;Vicee;Vicee Sweetlets;Consideration;Jul-26;TikTok;Nano;Indah Sulyana;Lifestyle;https://vt.tiktok.com/ZS42XKJEe/;2.143;Rp802.900;56;56;5;0;0;0,23%;8,93%;2,61%;Rp14.337,50
HEALTH SUPPLEMENT;Vicee;Vicee Sweetlets;Consideration;Jul-26;TikTok;Nano;Riski rossa;Lifestyle;https://vt.tiktok.com/ZS42xsQTt/;2.340;Rp802.900;665;665;35;0;2;1,58%;5,56%;28,42%;Rp1.207,37
HEALTH SUPPLEMENT;Vicee;Vicee Sweetlets;Consideration;Jul-26;TikTok;Nano;Adam Yolanda;Lifestyle;https://vt.tiktok.com/ZS4jxpJYK/;2.754;Rp802.900;35;35;3;0;4;0,25%;20,00%;1,27%;Rp22.940,00
HEALTH SUPPLEMENT;Vicee;Vicee Sweetlets;Consideration;Jul-26;TikTok;Nano;Damayanti;Lifestyle;https://vt.tiktok.com/ZS4YFkRJH/;3.176;Rp802.900;240;240;5;0;0;0,16%;2,08%;7,56%;Rp3.345,42
HEALTH SUPPLEMENT;Vicee;Vicee Sweetlets;Consideration;Jul-26;TikTok;Micro;zahra alika;Lifestyle;https://vt.tiktok.com/ZS4jTLDv6/;35.000;Rp802.900;81;81;9;0;1;0,03%;12,35%;0,23%;Rp9.912,35
HEALTH SUPPLEMENT;Enervon;Enervon Fizz;Consideration;Jul-26;TikTok;Nano;Ofy Sofiya;Lifestyle;https://www.tiktok.com/@ofysofiy/video/7667153993214233877?utm_campaign=tt4d_open_api&utm_source=awtsed5i9xzgi8ph;5.867;Rp844.500;32;6.033;170;7;13;3,24%;3,15%;102,83%;Rp139,98
HEALTH SUPPLEMENT;Enervon;Enervon Fizz;Consideration;Jul-26;TikTok;Nano;Jilal Aqil;Lifestyle;https://www.tiktok.com/@jil.aqli/video/7667157878670675221?utm_campaign=tt4d_open_api&utm_source=awtsed5i9xzgi8ph;4.264;Rp844.500;6.033;99;6;5;1;0,28%;12,12%;2,32%;Rp8.530,30
HEALTH SUPPLEMENT;Enervon;Enervon Fizz;Consideration;Jul-26;TikTok;Micro;Melinda Anastaya;Lifestyle;https://www.tiktok.com/@koyogirl/video/7668269240285220113?utm_campaign=tt4d_open_api&utm_source=awtsed5i9xzgi8ph;10.000;Rp844.500;99;1.962;10;1;0;0,11%;0,56%;19,62%;Rp430,43
HEALTH SUPPLEMENT;Enervon;Enervon Fizz;Consideration;Jul-26;TikTok;Nano;Aji Permana;Lifestyle;https://www.tiktok.com/@aji_pr/video/7667905232927608072?utm_campaign=tt4d_open_api&utm_source=awtsed5i9xzgi8ph;3.961;Rp844.500;1.962;117;14;0;3;0,43%;14,53%;2,95%;Rp7.217,95
HEALTH SUPPLEMENT;Enervon;Enervon Fizz;Consideration;Jul-26;TikTok;Nano;Husniyatur Rahmaniyah;Lifestyle;https://www.tiktok.com/@sgtnrr/video/7667916547259763986?utm_campaign=tt4d_open_api&utm_source=awtsed5i9xzgi8ph;1.483;Rp844.500;117;141;13;0;3;1,08%;11,35%;9,51%;Rp5.989,36
HEALTH SUPPLEMENT;Enervon;Enervon Fizz;Consideration;Jul-26;TikTok;Nano;Sagita Nur Bachri;Lifestyle;https://www.tiktok.com/@lotofjoy/video/7667865282559462677?utm_campaign=tt4d_open_api&utm_source=awtsed5i9xzgi8ph;1.755;Rp844.500;141;67;9;0;1;0,57%;14,93%;3,82%;Rp12.604,48
HEALTH SUPPLEMENT;Enervon;Enervon Fizz;Consideration;Jul-26;TikTok;Nano;Yolanda Augusta;Lifestyle;https://www.tiktok.com/@yolandayandy/video/7668240043252731143?utm_campaign=tt4d_open_api&utm_source=awtsed5i9xzgi8ph;8.968;Rp844.500;67;72;6;0;2;0,09%;11,11%;0,80%;Rp11.729,17
HEALTH SUPPLEMENT;Enervon;Enervon Fizz;Consideration;Jul-26;TikTok;Nano;Putri N;Lifestyle;https://www.tiktok.com/@putrinisrinarj/video/7667462100821740821?utm_campaign=tt4d_open_api&utm_source=awtsed5i9xzgi8ph;7.425;Rp844.500;72;472;167;1;4;2,32%;36,44%;6,36%;Rp1.789,19
HEALTH SUPPLEMENT;Enervon;Enervon-C;Consideration;Jul-26;TikTok;Macro;mrs.allx;Lifestyle;https://vt.tiktok.com/ZSXNcX1y8/;471.000;Rp5.610.000;55.000;70.000;1.042;27;59;0,24%;1,61%;14,86%;Rp80,14
HEALTH SUPPLEMENT;Enervon;Enervon-C;Consideration;Jul-26;TikTok;Macro;septian_amd;Lifestyle;https://vt.tiktok.com/ZSCnMqn6d/;147.300;Rp2.062.500;2.200.000;3.700.000;8.121;36;194;5,67%;0,23%;2511,88%;Rp0,56
HEALTH SUPPLEMENT;Enervon;Enervon-C;Consideration;Jul-26;TikTok;Macro;paparayyyy;Lifestyle;https://vt.tiktok.com/ZSCtMC2Ay/;131.000;Rp8.250.000;61.200;79.000;776;6;44;0,63%;1,05%;60,31%;Rp104,43
HEALTH SUPPLEMENT;Enervon;Enervon-C;Consideration;Jul-26;TikTok;Macro;chikaasss;Lifestyle;https://vt.tiktok.com/ZSXWTT8QU/;695.000;Rp12.805.500;1.500;1.800;69;4;4;0,01%;4,28%;0,26%;Rp7.114,17
HEALTH SUPPLEMENT;Enervon;Enervon-C;Consideration;Jul-26;TikTok;Micro;Mega Gilang Cempaka;Lifestyle;https://www.tiktok.com/@nickitobtob/video/7658513852031618312?_r=1&_t=ZS-97k5EbXIIvH;16.400;Rp971.429;12.200;16.300;327;23;1;2,14%;2,15%;99,39%;Rp59,60
HEALTH SUPPLEMENT;Enervon;Enervon-C;Consideration;Jul-26;TikTok;Micro;Riskisafira;Lifestyle;https://www.tiktok.com/@ditahandi_/video/7659001613910330632?utm_campaign=tt4d_open_api&utm_source=awtsed5i9xzgi8ph;23.200;Rp971.429;12.300;14.900;343;17;22;1,65%;2,56%;64,22%;Rp65,20
HEALTH SUPPLEMENT;Enervon;Enervon-C;Consideration;Jul-26;TikTok;Micro;Pegi Wulandari;Lifestyle;https://www.tiktok.com/@anisaaryant/video/7659303637729987858?utm_campaign=tt4d_open_api&utm_source=awtsed5i9xzgi8ph;11.100;Rp971.429;11.900;12.100;181;81;243;4,55%;4,17%;109,01%;Rp80,28
HEALTH SUPPLEMENT;Enervon;Enervon-C;Consideration;Jul-26;TikTok;Micro;Destri Lestari;Lifestyle;https://www.tiktok.com/@megacempaka/video/7660907466812689684?utm_campaign=tt4d_open_api&utm_source=awtsed5i9xzgi8ph;13.300;Rp971.429;7.000;8.448;42;26;30;0,74%;1,16%;63,52%;Rp114,99
HEALTH SUPPLEMENT;Enervon;Enervon-C;Consideration;Jul-26;TikTok;Micro;Andi Ratna M;Lifestyle;https://www.tiktok.com/@asholihaa/video/7659965845367622933?is_from_webapp=1&sender_device=pc;12.700;Rp971.429;7.300;8.096;16;0;0;0,13%;0,20%;63,75%;Rp119,99
HEALTH SUPPLEMENT;Enervon;Enervon-C;Consideration;Jul-26;TikTok;Micro;Robit Fahrubi;Lifestyle;https://www.tiktok.com/@gabrielamelinaw/video/7659987899550534933?is_from_webapp=1&sender_device=pc;65.800;Rp971.429;7.875;7.875;11;0;0;0,02%;0,14%;11,97%;Rp123,36
HEALTH SUPPLEMENT;Enervon;Enervon-C;Consideration;Jul-26;TikTok;Micro;Zhafira;Lifestyle;https://www.tiktok.com/@nilalalamatsu92/video/7660758803830312200?utm_campaign=tt4d_open_api&utm_source=awtsed5i9xzgi8ph;103.100;Rp971.429;5.225;6.531;32;19;12;0,06%;0,96%;6,33%;Rp148,74
HEALTH SUPPLEMENT;Enervon;Enervon-C;Consideration;Jul-26;TikTok;Micro;Nila Matsuna;Lifestyle;https://www.tiktok.com/@elmaliana20/video/7658706456882990356?_r=1&_t=ZS-97l2OibZQC9;14.300;Rp971.429;631;6.509;60;2;92;1,08%;2,37%;45,52%;Rp149,24
HEALTH SUPPLEMENT;Enervon;Enervon-C;Consideration;Jul-26;TikTok;Micro;Desi Novita;Lifestyle;https://www.tiktok.com/@mywoman17_/video/7657544446585687303?is_from_webapp=1&sender_device=pc;62.000;Rp971.429;4.400;6.354;211;0;1;0,34%;3,34%;10,25%;Rp152,88
HEALTH SUPPLEMENT;Enervon;Enervon-C;Consideration;Jul-26;TikTok;Micro;Rika Ria;Lifestyle;https://www.tiktok.com/@demika20/video/7657870825315437844?is_from_webapp=1&sender_device=pc;28.400;Rp971.429;3.600;6.023;107;20;23;0,53%;2,49%;21,21%;Rp161,29
HEALTH SUPPLEMENT;Enervon;Enervon-C;Consideration;Jul-26;TikTok;Micro;Sarah Ivanda;Lifestyle;https://www.tiktok.com/@desnov1812/video/7660835926850997524?utm_campaign=tt4d_open_api&utm_source=awtsed5i9xzgi8ph;14.300;Rp971.429;4.675;5.844;15;0;21;0,25%;0,62%;40,87%;Rp166,23
HEALTH SUPPLEMENT;Enervon;Enervon-C;Consideration;Jul-26;TikTok;Micro;Aul;Lifestyle;https://www.tiktok.com/@rmanda789/video/7657907482035195156?_r=1&_t=ZS-97hIV3CJxNF;79.300;Rp971.429;3.600;5.689;413;64;160;0,80%;11,20%;7,17%;Rp170,76
HEALTH SUPPLEMENT;Enervon;Enervon-C;Consideration;Jul-26;TikTok;Micro;Rahadita;Lifestyle;https://www.tiktok.com/@tyas.styass/video/7658104049069231381?is_from_webapp=1&sender_device=pc;10.600;Rp971.429;4.100;5.687;201;10;23;2,21%;4,11%;53,65%;Rp170,82
HEALTH SUPPLEMENT;Enervon;Enervon-C;Consideration;Jul-26;TikTok;Micro;Asholihaa;Lifestyle;https://www.tiktok.com/@des3lestari/video/7660935511330131220?utm_campaign=tt4d_open_api&utm_source=awtsed5i9xzgi8ph;61.700;Rp971.429;4.506;5.633;78;36;219;0,54%;5,91%;9,13%;Rp172,45
HEALTH SUPPLEMENT;Enervon;Enervon-C;Consideration;Jul-26;TikTok;Micro;Dhita Oktarina Putri;Lifestyle;https://www.tiktok.com/@zafranmamaaaaa/video/7659696199900859668?is_from_webapp=1&sender_device=pc;13.000;Rp971.429;3.500;5.425;108;27;114;1,92%;4,59%;41,73%;Rp179,07
HEALTH SUPPLEMENT;Enervon;Enervon-C;Consideration;Jul-26;TikTok;Micro;Rosaline Madeline;Lifestyle;https://www.tiktok.com/@my.ichinerary/video/7658889436905753863?_r=1&_t=ZS-97m3BsLKbU0;18.700;Rp971.429;3.500;5.149;17;8;10;0,19%;0,68%;27,53%;Rp188,66
HEALTH SUPPLEMENT;Enervon;Enervon-C;Consideration;Jul-26;TikTok;Micro;Alsya Ika;Lifestyle;https://www.tiktok.com/@dearshaa_/video/7657898799762853128?_r=1&_t=ZS-97hJGkyHb2D;11.400;Rp971.429;3.800;5.062;240;25;48;2,75%;6,18%;44,40%;Rp191,91
HEALTH SUPPLEMENT;Enervon;Enervon-C;Consideration;Jul-26;TikTok;Micro;Sarah ivanda;Lifestyle;https://www.tiktok.com/@causeyoulose/video/7656403371754081557?utm_campaign=tt4d_open_api&utm_source=awtsed5i9xzgi8ph;14.300;Rp971.429;4.502;5.018;16;3;2;0,15%;0,42%;35,09%;Rp193,59
HEALTH SUPPLEMENT;Enervon;Enervon-C;Consideration;Jul-26;TikTok;Micro;Andry Gunawan;Lifestyle;https://www.tiktok.com/@ayuanggunleo/video/7657907097224465682?_r=1&_t=ZS-97hIM12y9Lj;31.000;Rp971.429;4.700;4.882;22;13;2;0,12%;0,76%;15,75%;Rp198,98
HEALTH SUPPLEMENT;Enervon;Enervon-C;Consideration;Jul-26;TikTok;Micro;Gabriel Melinaw;Lifestyle;https://www.tiktok.com/@sansoohyun/video/7658468272215444754?_r=1&_t=ZS-97jsKFM4wJp;29.800;Rp971.429;4.608;4.841;20;4;5;0,10%;0,60%;16,24%;Rp200,67
HEALTH SUPPLEMENT;Enervon;Enervon-C;Consideration;Jul-26;TikTok;Micro;Astridea Artika Arsa;Lifestyle;https://www.tiktok.com/@andiratnam/video/7660518446228049160?utm_campaign=tt4d_open_api&utm_source=awtsed5i9xzgi8ph;43.900;Rp971.429;3.800;4.830;127;12;13;0,35%;3,15%;11,00%;Rp201,12
HEALTH SUPPLEMENT;Enervon;Enervon-C;Consideration;Jul-26;TikTok;Micro;Nadia Oktavia;Lifestyle;https://www.tiktok.com/@adell.me/video/7659744729835244820?is_from_webapp=1&sender_device=pc;10.500;Rp971.429;3.400;4.824;2;0;0;0,02%;0,04%;45,94%;Rp201,37
HEALTH SUPPLEMENT;Enervon;Enervon-C;Consideration;Jul-26;TikTok;Micro;Reni Septasia;Lifestyle;https://www.tiktok.com/@sarahivanda/video/7659712618487090439?is_from_webapp=1&sender_device=pc;47.400;Rp971.429;76;4.673;195;1;9;0,43%;4,39%;9,86%;Rp207,88
HEALTH SUPPLEMENT;Enervon;Enervon-C;Consideration;Jul-26;TikTok;Micro;Niken Adellia;Lifestyle;https://www.tiktok.com/@sarahivanda/video/7659712618487090439?is_from_webapp=1&sender_device=pc;96.300;Rp971.429;76;4.673;195;1;9;0,21%;4,39%;4,85%;Rp207,88
HEALTH SUPPLEMENT;Enervon;Enervon-C;Consideration;Jul-26;TikTok;Micro;Dita Handiyanti;Lifestyle;https://www.tiktok.com/@dellamutias/video/7658641944473652500?_r=1&_t=ZS-97kfQJeBgRR;24.300;Rp971.429;3.900;4.580;35;20;9;0,26%;1,40%;18,85%;Rp212,10
HEALTH SUPPLEMENT;Enervon;Enervon-C;Consideration;Jul-26;TikTok;Micro;Ayuni Nabila Putri;Lifestyle;https://www.tiktok.com/@sarjana.kesayanganmertua/video/7659209540419751186?is_from_webapp=1&sender_device=pc;14.100;Rp971.429;3.700;4.564;24;0;0;0,17%;0,53%;32,37%;Rp212,85
HEALTH SUPPLEMENT;Enervon;Enervon-C;Consideration;Jul-26;TikTok;Micro;Faisal Arya;Lifestyle;https://www.tiktok.com/@noturcrushanym/video/7658963158450687253?_r=1&_t=ZS-97m8HA8gesm;18.500;Rp971.429;124;4.431;35;25;14;0,40%;1,67%;23,95%;Rp219,23
HEALTH SUPPLEMENT;Enervon;Enervon-C;Consideration;Jul-26;TikTok;Micro;Anisa Aryant;Lifestyle;https://www.tiktok.com/@nonafira/video/7654950454492712212?utm_campaign=tt4d_open_api&utm_source=awtsed5i9xzgi8ph;14.600;Rp971.429;4.100;4.380;20;2;3;0,17%;0,57%;30,00%;Rp221,79
HEALTH SUPPLEMENT;Enervon;Enervon-C;Consideration;Jul-26;TikTok;Micro;Chacha Peregrin;Lifestyle;https://www.tiktok.com/@nia.knia1/video/7657926932469697800?is_from_webapp=1&sender_device=pc;22.300;Rp971.429;2.200;4.367;123;31;52;0,92%;4,72%;19,58%;Rp222,45
HEALTH SUPPLEMENT;Enervon;Enervon-C;Consideration;Jul-26;TikTok;Micro;Santos Prakoso;Lifestyle;https://www.tiktok.com/@oktavianac/video/7654837520248671495?utm_campaign=tt4d_open_api&utm_source=awtsed5i9xzgi8ph;1.700.000;Rp971.429;3.600;4.319;149;27;26;0,01%;4,68%;0,25%;Rp224,92
HEALTH SUPPLEMENT;Enervon;Enervon-C;Consideration;Jul-26;TikTok;Micro;Safira Majid;Lifestyle;https://www.tiktok.com/@agnezkristi/video/7657097645957188884?_r=1&_t=ZS-97daW9NdGqa;12.100;Rp971.429;3.700;4.164;56;0;4;0,50%;1,44%;34,41%;Rp233,29
HEALTH SUPPLEMENT;Enervon;Enervon-C;Consideration;Jul-26;TikTok;Micro;Naila Bilbina;Lifestyle;https://www.tiktok.com/@fifa.entertain/video/7657006477671959829?is_from_webapp=1&sender_device=pc;48.800;Rp971.429;645;4.130;290;46;104;0,90%;10,65%;8,46%;Rp235,21
HEALTH SUPPLEMENT;Enervon;Enervon-C;Consideration;Jul-26;TikTok;Micro;Rizky Rahmat Hidayat;Lifestyle;https://www.tiktok.com/@mommynaesa/video/7658655271060786453?is_from_webapp=1&sender_device=pc;19.800;Rp971.429;3.700;4.119;18;18;68;0,53%;2,52%;20,80%;Rp235,84
HEALTH SUPPLEMENT;Enervon;Enervon-C;Consideration;Jul-26;TikTok;Micro;Novanka;Lifestyle;https://www.tiktok.com/@rizkyrahmat200/video/7659043362942635272?utm_campaign=tt4d_open_api&utm_source=awtsed5i9xzgi8ph;13.700;Rp971.429;3.967;3.967;12;2;2;0,12%;0,40%;28,96%;Rp244,88
HEALTH SUPPLEMENT;Enervon;Enervon-C;Consideration;Jul-26;TikTok;Nano;Ratna Wati Mandasari;Lifestyle;https://www.tiktok.com/@pwddaily/video/7660445887201660180?utm_campaign=tt4d_open_api&utm_source=awtsed5i9xzgi8ph;20.700;Rp971.429;3.600;3.755;15;3;6;0,12%;0,64%;18,14%;Rp258,70
HEALTH SUPPLEMENT;Enervon;Enervon-C;Consideration;Jul-26;TikTok;Nano;Nickito Permata;Lifestyle;https://www.tiktok.com/@sh.leviana/video/7657434207614012690?is_from_webapp=1&sender_device=pc;17.500;Rp971.429;4.554;3.300;45;31;8;0,48%;2,55%;18,86%;Rp294,37
HEALTH SUPPLEMENT;Enervon;Enervon-C;Consideration;Jul-26;TikTok;Nano;Nonik Nur M;Lifestyle;https://www.tiktok.com/@rikariaf/video/7660137293965167892?utm_campaign=tt4d_open_api&utm_source=awtsed5i9xzgi8ph;12.000;Rp971.429;1.900;2.807;206;85;7;2,48%;10,62%;23,39%;Rp346,07
HEALTH SUPPLEMENT;Enervon;Enervon-C;Consideration;Jul-26;TikTok;Nano;elsaayunisaeri;Lifestyle;https://www.tiktok.com/@fanindra.17/video/7658534945849216277?_r=1&_t=ZS-97kDYOI0vGi;15.200;Rp971.429;2.500;2.593;27;38;21;0,57%;3,32%;17,06%;Rp374,64
HEALTH SUPPLEMENT;Enervon;Enervon-C;Consideration;Jul-26;TikTok;Nano;Elma Liana;Lifestyle;https://www.tiktok.com/@mishbahrahmayani/video/7660512670772415765?is_from_webapp=1&sender_device=pc;13.100;Rp971.429;1.600;2.570;8;2;4;0,11%;0,54%;19,62%;Rp377,99
HEALTH SUPPLEMENT;Enervon;Enervon-C;Consideration;Jul-26;TikTok;Nano;Erna Apriyanti;Lifestyle;https://www.tiktok.com/@elsaayunisaeri/video/7658528038644141320?is_from_webapp=1&sender_device=pc;27.200;Rp971.429;1.800;2.414;65;40;3;0,40%;4,47%;8,88%;Rp402,41
HEALTH SUPPLEMENT;Enervon;Enervon-C;Consideration;Jul-26;TikTok;Nano;Ratna Puspitasari;Lifestyle;https://www.tiktok.com/@riskisafira27/video/7660314791398870293?is_from_webapp=1&sender_device=pc;10.200;Rp971.429;1.300;2.313;43;0;9;0,51%;2,25%;22,68%;Rp419,99
HEALTH SUPPLEMENT;Enervon;Enervon-C;Consideration;Jul-26;TikTok;Nano;Reychal Putri;Lifestyle;https://www.tiktok.com/@nita.angginia/video/7657137826382925074?is_from_webapp=1&sender_device=pc;14.000;Rp971.429;195;1.741;96;14;19;0,92%;7,41%;12,44%;Rp557,97
HEALTH SUPPLEMENT;Enervon;Enervon-C;Consideration;Jul-26;TikTok;Nano;Hanifia;Lifestyle;https://www.tiktok.com/@rizkaamalia33750/video/7657856835709308178?_r=1&_t=ZS-97h4JJ9CC9a;106.100;Rp971.429;15.000;1.713;153;61;80;0,28%;17,16%;1,61%;Rp567,09
HEALTH SUPPLEMENT;Enervon;Enervon-C;Consideration;Jul-26;TikTok;Nano;SELVY PUTRI;Lifestyle;https://www.tiktok.com/@mommydita2/video/7659101077555449108?_r=1&_t=ZS-97mnzDl2wbZ;11.700;Rp971.429;1.300;1.674;5;0;1;0,05%;0,36%;14,31%;Rp580,30
HEALTH SUPPLEMENT;Enervon;Enervon-C;Consideration;Jul-26;TikTok;Nano;Patricia;Lifestyle;https://www.tiktok.com/@cyntiayoga/video/7658535573719698709?_r=1&_t=ZS-97kBbHtU6WS;102.400;Rp971.429;854;1.558;3;2;0;0,00%;0,32%;1,52%;Rp623,51
HEALTH SUPPLEMENT;Enervon;Enervon-C;Consideration;Jul-26;TikTok;Nano;nathaniella debrina;Lifestyle;https://www.tiktok.com/@taris908/video/7657387403623042311?is_from_webapp=1&sender_device=pc;29.400;Rp971.429;380;1.458;18;15;13;0,16%;3,16%;4,96%;Rp666,28
HEALTH SUPPLEMENT;Enervon;Enervon-C;Consideration;Jul-26;TikTok;Nano;Elvira Fransisca;Lifestyle;https://www.tiktok.com/@agusluk_/video/7657468469662846229?is_from_webapp=1&sender_device=pc;10.600;Rp971.429;1.200;1.278;65;24;4;0,88%;7,28%;12,06%;Rp760,12
HEALTH SUPPLEMENT;Enervon;Enervon-C;Consideration;Jul-26;TikTok;Nano;Rico;Lifestyle;https://www.tiktok.com/@geminigurlll050/video/7660061461837892885?is_from_webapp=1&sender_device=pc;15.600;Rp971.429;16;1.099;102;9;1;0,72%;10,19%;7,04%;Rp883,92
HEALTH SUPPLEMENT;Enervon;Enervon-C;Consideration;Jul-26;TikTok;Nano;Nia Yonita;Lifestyle;https://www.tiktok.com/@albertnotrobet/video/7660394134083259655?is_from_webapp=1&sender_device=pc;10.700;Rp971.429;1.000;1.042;38;5;0;0,40%;4,13%;9,74%;Rp932,27
HEALTH SUPPLEMENT;Enervon;Enervon-C;Consideration;Jul-26;TikTok;Nano;Mela Amelia;Lifestyle;https://www.tiktok.com/@nadiaoktaviiaa/video/7659783334305860884?is_from_webapp=1&sender_device=pc;13.300;Rp971.429;80;901;10;0;0;0,08%;1,11%;6,77%;Rp1.078,17
HEALTH SUPPLEMENT;Enervon;Enervon-C;Consideration;Jul-26;TikTok;Nano;Dita Utami Sari;Lifestyle;https://www.tiktok.com/@mommydita2/video/7659101077555449108?is_from_webapp=1&sender_device=pc;13.200;Rp971.429;90;869;28;16;3;0,36%;5,41%;6,58%;Rp1.117,87
HEALTH SUPPLEMENT;Enervon;Enervon-C;Consideration;Jul-26;TikTok;Nano;Rizka Amalia;Lifestyle;https://www.tiktok.com/@naniyaaw/video/7658443003559742740?is_from_webapp=1&sender_device=pc;15.800;Rp971.429;324;758;26;2;6;0,22%;4,49%;4,80%;Rp1.281,57
HEALTH SUPPLEMENT;Enervon;Enervon-C;Consideration;Jul-26;TikTok;Nano;Nia Kurniasih;Lifestyle;https://www.tiktok.com/@8yourtropicalbaby/video/7657594523765329173?is_from_webapp=1&sender_device=pc;35.200;Rp971.429;368;739;225;12;12;0,71%;33,69%;2,10%;Rp1.314,52
HEALTH SUPPLEMENT;Enervon;Enervon-C;Consideration;Jul-26;TikTok;Nano;Tyas;Lifestyle;https://www.tiktok.com/@rslmydln/video/7659831977167637778;22.400;Rp971.429;336;590;130;2;4;0,61%;23,05%;2,63%;Rp1.646,49
HEALTH SUPPLEMENT;Enervon;Enervon-C;Consideration;Jul-26;TikTok;Nano;Meika Deby;Lifestyle;https://www.tiktok.com/@awwalanii/video/7658598645280918805?is_from_webapp=1&sender_device=pc;12.800;Rp971.429;59;427;9;0;0;0,07%;2,11%;3,34%;Rp2.275,01
HEALTH SUPPLEMENT;Enervon;Enervon-C;Consideration;Jul-26;TikTok;Nano;Nita angginia;Lifestyle;https://www.tiktok.com/@reychal_putri/video/7658531221512670471?_r=1&_t=ZS-97k9W1v4fN2;18.300;Rp971.429;211;339;90;0;3;0,51%;27,43%;1,85%;Rp2.865,57
HEALTH SUPPLEMENT;Enervon;Enervon-C;Consideration;Jul-26;TikTok;Nano;Della mutia sari;Lifestyle;https://www.tiktok.com/@babiucu/video/7658922119312542997?_r=1&_t=ZS-97n9vN6j3DA;10.600;Rp971.429;213;264;7;0;1;0,08%;3,03%;2,49%;Rp3.679,66
HEALTH SUPPLEMENT;Enervon;Enervon-C;Consideration;Jul-26;TikTok;Nano;Agnes kristi;Lifestyle;https://www.tiktok.com/@selvyk/video/7657916635134594325?_r=1&_t=ZS-97i9cma7mU8;12.200;Rp971.429;205;235;31;24;12;0,55%;28,51%;1,93%;Rp4.133,74
HEALTH SUPPLEMENT;Enervon;Enervon-C;Consideration;Jul-26;TikTok;Nano;Ayu oktaviani;Lifestyle;https://www.tiktok.com/@spillspacebyicha/video/7659037276852292884?is_from_webapp=1&sender_device=pc;25.600;Rp971.429;219;185;6;0;1;0,03%;3,78%;0,72%;Rp5.250,97
HEALTH SUPPLEMENT;Enervon;Enervon-C;Consideration;Jul-26;TikTok;Nano;Pradita cyntiawati;Lifestyle;https://www.tiktok.com/@rcznotfound/video/7658545199437663509?_r=1&_t=ZS-97kvENIjvsn;19.600;Rp971.429;142;177;8;0;0;0,04%;4,52%;0,90%;Rp5.488,30
HEALTH SUPPLEMENT;Enervon;Enervon-C;Consideration;Jul-26;TikTok;Nano;Siti fitriyani;Lifestyle;https://www.tiktok.com/@serein.raine/video/7657385641453374740?is_from_webapp=1&sender_device=pc;21.100;Rp971.429;115;168;15;8;5;0,13%;16,67%;0,80%;Rp5.782,32
HEALTH SUPPLEMENT;Enervon;Enervon-C;Consideration;Jul-26;TikTok;Nano;Yurinta;Lifestyle;https://www.tiktok.com/@rnispta06_/video/7660090437717347605?is_from_webapp=1&sender_device=pc;14.600;Rp971.429;41;110;6;0;1;0,05%;6,36%;0,75%;Rp8.831,17
HEALTH SUPPLEMENT;Enervon;Enervon-C;Consideration;Jul-26;TikTok;Nano;Lukman;Lifestyle;https://www.tiktok.com/@melaamelyaa2/video/7658642255728659719?is_from_webapp=1&sender_device=pc;108.400;Rp971.429;74;95;4;0;8;0,01%;12,63%;0,09%;Rp10.225,57
HEALTH SUPPLEMENT;Enervon;Enervon-C;Consideration;Jul-26;TikTok;Nano;shella leviana;Lifestyle;https://www.tiktok.com/@nabillaaa17/video/7659720780183244053?utm_campaign=tt4d_open_api&utm_source=awtsed5i9xzgi8ph;11.200;Rp971.429;83;92;5;4;2;0,10%;11,96%;0,82%;Rp10.559,01
HEALTH SUPPLEMENT;Enervon;Enervon-C;Consideration;Jul-26;TikTok;Nano;Tarisa desty;Lifestyle;https://www.tiktok.com/@michellajanice/video/7658718078955539732?is_from_webapp=1&sender_device=pc;10.500;Rp971.429;92;92;4;0;0;0,04%;4,35%;0,88%;Rp10.559,01
HEALTH SUPPLEMENT;Enervon;Enervon-C;Consideration;Jul-26;TikTok;Nano;Kirania aqila p;Lifestyle;https://www.tiktok.com/@diaryreviewku/video/7660101368044342548?is_from_webapp=1&sender_device=pc;17.400;Rp971.429;32;78;9;2;0;0,06%;14,10%;0,45%;Rp12.454,22
HEALTH SUPPLEMENT;Enervon;Enervon-C;Consideration;Jul-26;TikTok;Nano;Awwalani;Lifestyle;https://www.tiktok.com/@faisalary/video/7659039484343749908?utm_campaign=tt4d_open_api&utm_source=awtsed5i9xzgi8ph;36.600;Rp971.429;65;65;2;0;0;0,01%;3,08%;0,18%;Rp14.945,06
HEALTH SUPPLEMENT;Enervon;Enervon-C;Consideration;Jul-26;TikTok;Nano;Michella Janice;Lifestyle;https://www.tiktok.com/@dhitaoktaputri/video/7659709122887044359?is_from_webapp=1&sender_device=pc;10.700;Rp971.429;27;40;5;0;0;0,05%;12,50%;0,37%;Rp24.285,73
HEALTH SUPPLEMENT;Enervon;Enervon Gold;Consideration;Jul-26;TikTok;Micro;chacha peregerin;Lifestyle;https://www.tiktok.com/@oktavianac/video/7668292866896186632;22.284;Rp951.400;205;205;8;1;0;0,04%;4,39%;0,92%;Rp4.640,98
HEALTH SUPPLEMENT;Enervon;Enervon Gold;Consideration;Jul-26;TikTok;Nano;Utari oktavia;Lifestyle;https://www.tiktok.com/@tarioktaviia/video/7668252703566466324;5.204;Rp951.400;157;157;6;2;1;0,17%;5,73%;3,02%;Rp6.059,87
HEALTH SUPPLEMENT;Enervon;Enervon Gold;Consideration;Jul-26;TikTok;Nano;Intan Yang;Lifestyle;https://www.tiktok.com/@andramelvino/video/7668311689263172885;9.594;Rp951.400;7.200;9.594;450;15;8;4,93%;4,93%;100,00%;Rp99,17
HEALTH SUPPLEMENT;Enervon;Enervon Gold;Consideration;Jul-26;TikTok;Micro;Dhindi Dicadia;Lifestyle;https://www.tiktok.com/@deendraa/video/7668351012842802453;15.632;Rp951.400;1.912;1.912;336;0;0;2,15%;17,57%;12,23%;Rp497,59
HEALTH SUPPLEMENT;Enervon;Enervon Gold;Consideration;Jul-26;TikTok;Nano;Jauzaa;Lifestyle;https://vt.tiktok.com/ZS4YCCsbm/;1.438;Rp951.400;197;197;7;1;6;0,97%;7,11%;13,70%;Rp4.829,44
HEALTH SUPPLEMENT;Enervon;Enervon Kids Chewtab;Consideration;Jul-26;TikTok;Micro;ghinalwi;Family;https://vt.tiktok.com/ZSQanNM66/;69.500;Rp11.880.000;207.500;419.500;1.136;17;9;1,67%;0,28%;603,60%;Rp28,32
HEALTH SUPPLEMENT;Enervon;Enervon Kids Chewtab;Consideration;Jul-26;TikTok;Micro;bukanasikapau;Parenting;https://vt.tiktok.com/ZSQEeH3rR/;44.900;Rp3.960.000;4.200;4.700;68;4;1;0,16%;1,55%;10,47%;Rp842,55
HEALTH SUPPLEMENT;Enervon;Enervon Kids Chewtab;Consideration;Jul-26;TikTok;Micro;elvira.clairine;Family;https://vt.tiktok.com/ZSCLMWBPm/;60.000;Rp7.920.000;59.000;66.000;1.016;17;375;2,35%;2,13%;110,00%;Rp120,00
HEALTH SUPPLEMENT;Enervon;Enervon Kids Chewtab;Consideration;Jul-26;TikTok;Micro;Anggunmiad;Parenting;https://www.tiktok.com/@anggunmiad/video/7659364133271407880?is_from_webapp=1&sender_device=pc&web_id=7550200412235122177;58.700;Rp9.240.000;2.600.000;4.100.000;12.000;133;1.361;22,99%;0,33%;6984,67%;Rp2,25
HEALTH SUPPLEMENT;Enervon;Enervon Kids Chewtab;Consideration;Jul-26;TikTok;Macro;Keluarga Adji;Family;https://vt.tiktok.com/ZSCvPMND6/;124.600;Rp13.200.000;1.400.000;2.100.000;5.038;115;2.832;6,41%;0,38%;1685,39%;Rp6,29
HEALTH SUPPLEMENT;Enervon;Enervon Kids Chewtab;Consideration;Jul-26;TikTok;Macro;veroniamelia;Family;https://vt.tiktok.com/ZSX76ymK1/;240.200;Rp15.840.000;6.800;10.200;197;95;126;0,17%;4,10%;4,25%;Rp1.552,94
HEALTH SUPPLEMENT;Enervon;Enervon Active;Consideration;Jul-26;Meta;Macro;Dipha Barus;Sports;https://www.instagram.com/p/Da0Dj4sy7tG/?hl=en;162.000;Rp43.750.000;10.820;15.858;554;40;123;0,44%;4,52%;9,79%;Rp2.758,86
HEALTH SUPPLEMENT;Enervon;Enervon Active;Consideration;Jul-26;TikTok;Macro;Andri Senopati;Sports;https://vt.tiktok.com/ZSXwn4w2q/;166.800;Rp31.350.000;18.100;18.100;1.147;10;103;0,76%;6,96%;10,85%;Rp1.732,04
HEALTH SUPPLEMENT;Enervon;Enervon Active;Consideration;Jul-26;TikTok;Micro;Agestyani;Sports;https://vt.tiktok.com/ZSXApb7ck/;75.800;Rp8.250.000;38.300;38.300;80;3;2;0,11%;0,22%;50,53%;Rp215,40
HEALTH SUPPLEMENT;Enervon;Enervon Active;Consideration;Jul-26;TikTok;Macro;Amandadiella;Sports;https://www.tiktok.com/@amandadiella/video/7665335405742542100?lang=en;107.700;Rp3.500.000;801;801;24;0;4;0,03%;3,50%;0,74%;Rp4.369,54
HEALTH SUPPLEMENT;Enervon;Enervon Active;Consideration;Jul-26;TikTok;Micro;Jannatall;Sports;https://vt.tiktok.com/ZSXS6mPJQ/;23.600;Rp6.500.000;2.268;2.268;48;0;1;0,21%;2,16%;9,61%;Rp2.865,96
HEALTH SUPPLEMENT;Enervon;Enervon Active;Consideration;Jul-26;TikTok;Macro;Sabian;Sports;https://vt.tiktok.com/ZSXW7KBM2/;122.300;Rp24.300.000;6.510;6.510;137;3;6;0,12%;2,24%;5,32%;Rp3.732,72
HEALTH SUPPLEMENT;Enervon;Enervon Active;Consideration;Jul-26;TikTok;Micro;Fadly Hidayat;Sports;https://www.tiktok.com/@hidayatfd/video/7667507042566819092?is_from_webapp=1&sender_device=pc&web_id=7409935392189679112;20.700;Rp972.727;5.434;5.434;24;0;1;0,12%;0,46%;26,25%;Rp179,01
HEALTH SUPPLEMENT;Enervon;Enervon Active;Consideration;Jul-26;TikTok;Micro;Renaldo Sihombing;Sports;https://www.tiktok.com/@renaldosihombing/video/7668585589918240021?utm_campaign=tt4d_open_api&utm_source=awtsed5i9xzgi8ph;33.900;Rp972.727;953;953;33;2;2;0,11%;3,88%;2,81%;Rp1.020,70
HEALTH SUPPLEMENT;Enervon;Enervon Active;Consideration;Jul-26;TikTok;Nano;Fakhri Taqiyuddin;Sports;https://www.tiktok.com/@taqifakhri/video/7667522915205745940?utm_campaign=tt4d_open_api&utm_source=awtsed5i9xzgi8ph;4.833;Rp972.727;2.070;2.070;141;9;0;3,10%;7,25%;42,83%;Rp469,92
HEALTH SUPPLEMENT;Enervon;Enervon Active;Consideration;Jul-26;TikTok;Nano;Jauzaa;Sports;https://www.tiktok.com/@jauzaa.fathiyyah/video/7667520625774300437?utm_campaign=tt4d_open_api&utm_source=awtsed5i9xzgi8ph;1.464;Rp972.727;57;57;5;0;5;0,68%;17,54%;3,89%;Rp17.065,39
HEALTH SUPPLEMENT;Enervon;Enervon Active;Consideration;Jul-26;TikTok;Micro;Adim Miftah;Sports;https://www.tiktok.com/@adimmiftah/video/7669007101603122439?utm_campaign=tt4d_open_api&utm_source=awtsed5i9xzgi8ph;26.800;Rp972.727;82;82;1;0;1;0,01%;2,44%;0,31%;Rp11.862,52
HEALTH SUPPLEMENT;Enervon;Enervon Active;Consideration;Jul-26;TikTok;Nano;Claudia Kantania;Sports;https://www.tiktok.com/@170710190026cc/video/7668284555262151956?utm_campaign=tt4d_open_api&utm_source=awtsed5i9xzgi8ph;1.361;Rp972.727;861;861;47;11;1;4,34%;6,85%;63,26%;Rp1.129,76
HEALTH SUPPLEMENT;Enervon;Enervon Active;Consideration;Jul-26;TikTok;Nano;Daisy Hera;Sports;https://www.tiktok.com/@itsdaisyhera/video/7668337297603022098?utm_campaign=tt4d_open_api&utm_source=awtsed5i9xzgi8ph;1.932;Rp972.727;166;166;4;0;1;0,26%;3,01%;8,59%;Rp5.859,80
HEALTH SUPPLEMENT;Enervon;Enervon Active;Consideration;Jul-26;TikTok;Nano;Cut Salma;Sports;https://www.tiktok.com/@salmairhamnaa/video/7668357624236150034?utm_campaign=tt4d_open_api&utm_source=awtsed5i9xzgi8ph;3.472;Rp972.727;114;114;15;1;2;0,52%;15,79%;3,28%;Rp8.532,69
HEALTH SUPPLEMENT;Enervon;Enervon Active;Consideration;Jul-26;TikTok;Nano;Maolidda Auliyya;Sports;https://www.tiktok.com/@maoliddaauliya_/video/7668323556899507464?utm_campaign=tt4d_open_api&utm_source=awtsed5i9xzgi8ph;1.749;Rp972.727;267;267;23;28;3;3,09%;20,22%;15,27%;Rp3.643,17
HEALTH SUPPLEMENT;Enervon;Enervon Active;Consideration;Jul-26;TikTok;Nano;Saskia;Sports;https://www.tiktok.com/@sassypeachy__/video/7668240300497718548?utm_campaign=tt4d_open_api&utm_source=awtsed5i9xzgi8ph;1.441;Rp972.727;1.520;1.520;575;5;5;40,60%;38,49%;105,48%;Rp639,95
HEALTH SUPPLEMENT;Enervon;Enervon Active;Consideration;Jul-26;TikTok;Nano;Anisa Savira;Sports;https://www.tiktok.com/@_svraa/video/7668522893092900103?utm_campaign=tt4d_open_api&utm_source=awtsed5i9xzgi8ph;3.131;Rp972.727;97;97;5;1;0;0,19%;6,19%;3,10%;Rp10.028,11
HEALTH SUPPLEMENT;Enervon;Enervon Active;Consideration;Jul-26;TikTok;Nano;Febycia Eprillie;Sports;https://www.tiktok.com/@adoeh3x/video/7668515081344306452?utm_campaign=tt4d_open_api&utm_source=awtsed5i9xzgi8ph;3.064;Rp972.727;334;334;18;2;0;0,65%;5,99%;10,90%;Rp2.912,36
HEALTH SUPPLEMENT;Enervon;Enervon Active;Consideration;Jul-26;TikTok;Micro;Aguswandi;Sports;https://www.tiktok.com/@heyaguswandi/video/7668237164114758919?utm_campaign=tt4d_open_api&utm_source=awtsed5i9xzgi8ph;62.900;Rp972.727;549;549;22;3;3;0,04%;5,10%;0,87%;Rp1.771,82
HEALTH SUPPLEMENT;Enervon;Enervon Active;Consideration;Jul-26;TikTok;Nano;Aurel Millenia F;Sports;https://www.tiktok.com/@aureliaiueoo/video/7668261203143118101?is_from_webapp=1&sender_device=pc&web_id=7409935392189679112;2.347;Rp972.727;1.056;1.056;40;10;10;2,56%;5,68%;44,99%;Rp921,14
HEALTH SUPPLEMENT;Enervon;Enervon Active;Consideration;Jul-26;TikTok;Micro;Rakha Gandawa;Sports;https://www.tiktok.com/@rakhagandawa_/video/7668576394015706385?utm_campaign=tt4d_open_api&utm_source=awtsed5i9xzgi8ph;11.300;Rp972.727;834;834;8;0;0;0,07%;0,96%;7,38%;Rp1.166,34
HEALTH SUPPLEMENT;Enervon;Enervon Active;Consideration;Jul-26;TikTok;Nano;Salsabilla Arum P;Sports;https://www.tiktok.com/@xlsblrmyxgz/video/7668654013184920852?utm_campaign=tt4d_open_api&utm_source=awtsed5i9xzgi8ph;3.429;Rp972.727;181;181;13;0;0;0,38%;7,18%;5,28%;Rp5.374,18
HEALTH SUPPLEMENT;Enervon;Enervon Active;Consideration;Jul-26;TikTok;Nano;An.Jameshoran;Sports;https://www.tiktok.com/@an_jameshoran/video/7668540609065454869?utm_campaign=tt4d_open_api&utm_source=awtsed5i9xzgi8ph;1.616;Rp972.727;92;92;10;2;0;0,74%;13,04%;5,69%;Rp10.573,12
HEALTH SUPPLEMENT;Enervon;Enervon Active;Consideration;Jul-26;TikTok;Nano;Rahmat Jeffrey Saputra;Sports;https://www.tiktok.com/@jeffreysptra/video/7668624173794888980?utm_campaign=tt4d_open_api&utm_source=awtsed5i9xzgi8ph;2.435;Rp972.727;251;251;15;1;0;0,66%;6,37%;10,31%;Rp3.875,41
HEALTH SUPPLEMENT;Enervon;Enervon Active;Consideration;Jul-26;TikTok;Nano;Aji Permana;Sports;https://www.tiktok.com/@aji_pr/video/7668575853801934087?utm_campaign=tt4d_open_api&utm_source=awtsed5i9xzgi8ph;3.998;Rp972.727;241;241;11;5;1;0,43%;7,05%;6,03%;Rp4.036,21
HEALTH SUPPLEMENT;Enervon;Enervon Active;Consideration;Jul-26;TikTok;Micro;Alvin Stevanus;Sports;https://www.tiktok.com/@yunggjenn/video/7668609115899448594?utm_campaign=tt4d_open_api&utm_source=awtsed5i9xzgi8ph;11.800;Rp972.727;5.048;5.048;6;0;0;0,05%;0,12%;42,78%;Rp192,70
HEALTH SUPPLEMENT;Enervon;Enervon Active;Consideration;Jul-26;TikTok;Micro;Hebron Hammlech;Sports;https://www.tiktok.com/@hebronirham/video/7668666642376822034?utm_campaign=tt4d_open_api&utm_source=awtsed5i9xzgi8ph;51.900;Rp972.727;868;868;94;1;3;0,19%;11,29%;1,67%;Rp1.120,65
HEALTH SUPPLEMENT;Enervon;Enervon Active;Consideration;Jul-26;TikTok;Micro;Venessa Kresma;Sports;https://www.tiktok.com/@vnessakr/video/7668592373126974741?utm_campaign=tt4d_open_api&utm_source=awtsed5i9xzgi8ph;19.600;Rp972.727;1.823;1.823;4;0;0;0,02%;0,22%;9,30%;Rp533,59
HEALTH SUPPLEMENT;Vicee;Vicee Gummy;Consideration;Jul-26;TikTok;Nano;devinaputri241212;Family;https://vt.tiktok.com/ZS4dkHq7e/;8.328;Rp1.050.000;66;110;2;1;0;0,04%;2,73%;1,32%;Rp9.545,45
HEALTH SUPPLEMENT;Vicee;Vicee Gummy;Consideration;Jul-26;TikTok;Micro;Opi Fitriani;Parenting;https://vt.tiktok.com/ZSXpkyQPh/;12.100;Rp1.050.000;156;260;8;4;5;0,14%;6,54%;2,15%;Rp4.038,46
HEALTH SUPPLEMENT;Vicee;Vicee Gummy;Consideration;Jul-26;TikTok;Nano;Mbakdayu.ariestya;Family;https://vt.tiktok.com/ZSX7xRAPK/;6.652;Rp1.050.000;64;107;2;0;0;0,03%;1,87%;1,61%;Rp9.813,08
HEALTH SUPPLEMENT;Vicee;Vicee Gummy;Consideration;Jul-26;TikTok;Nano;Duhita Imanastuti;Family;https://vt.tiktok.com/ZSXg13mv4/;3.072;Rp1.050.000;1.063;1.771;39;17;3;1,92%;3,33%;57,65%;Rp592,89
HEALTH SUPPLEMENT;Vicee;Vicee Gummy;Consideration;Jul-26;TikTok;Micro;chela;Parenting;https://vt.tiktok.com/ZSXsVm6ah/;16.300;Rp1.050.000;58;97;2;0;0;0,01%;2,06%;0,60%;Rp10.824,74
HEALTH SUPPLEMENT;Vicee;Vicee Gummy;Consideration;Jul-26;TikTok;Nano;Gustika;Parenting;https://vt.tiktok.com/ZSXgk17PR/;1.134;Rp1.050.000;997;1.661;2;0;0;0,18%;0,12%;146,47%;Rp632,15
HEALTH SUPPLEMENT;Vicee;Vicee Gummy;Consideration;Jul-26;TikTok;Nano;Iklila;Parenting;https://vt.tiktok.com/ZSXpdURSv/;2.393;Rp1.050.000;86;144;9;0;3;0,50%;8,33%;6,02%;Rp7.291,67
HEALTH SUPPLEMENT;Vicee;Vicee Gummy;Consideration;Jul-26;TikTok;Nano;Hanida ayu;Parenting;https://vt.tiktok.com/ZSXgkY6RQ/;4.045;Rp1.050.000;334;556;4;0;0;0,10%;0,72%;13,75%;Rp1.888,49
HEALTH SUPPLEMENT;Vicee;Vicee Gummy;Consideration;Jul-26;TikTok;Micro;eka_pujiati;Parenting;https://vt.tiktok.com/ZSXp1xQGe/;13.000;Rp1.050.000;733;1.222;117;14;41;1,32%;14,08%;9,40%;Rp859,25
HEALTH SUPPLEMENT;Vicee;Vicee Gummy;Consideration;Jul-26;TikTok;Micro;Norma Mustika;Parenting;https://vt.tiktok.com/ZSXga6Bbs/;11.600;Rp1.050.000;29;49;8;3;29;0,34%;81,63%;0,42%;Rp21.428,57
HEALTH SUPPLEMENT;Vicee;Vicee Gummy;Consideration;Jul-26;TikTok;Nano;Annisa Rida Pratiwi;Parenting;https://vt.tiktok.com/ZS4dpUdbe/;1.733;Rp793.000;137;137;4;0;0;0,23%;2,92%;7,91%;Rp5.788,32
HEALTH SUPPLEMENT;Vicee;Vicee Gummy;Consideration;Jul-26;TikTok;Nano;Fitri Fauziah;Family;https://vt.tiktok.com/ZS4dKk2rJ/;4.800;Rp793.000;116;116;8;1;13;0,46%;18,97%;2,42%;Rp6.836,21
HEALTH SUPPLEMENT;Vicee;Vicee Gummy;Consideration;Jul-26;TikTok;Nano;aksara;Parenting;https://vt.tiktok.com/ZS4eKKtXH/;2.080;Rp793.000;1.044;1.044;98;16;44;7,60%;15,13%;50,19%;Rp759,58
HEALTH SUPPLEMENT;Vicee;Vicee Gummy;Consideration;Jul-26;TikTok;Nano;Eireen Naura;Parenting;https://vt.tiktok.com/ZS4L62FG4/;3.600;Rp793.000;1.584;1.584;153;20;5;4,94%;11,24%;44,00%;Rp500,63
HEALTH SUPPLEMENT;Vicee;Vicee Gummy;Consideration;Jul-26;TikTok;Micro;Tengku Ulya;Parenting;https://vt.tiktok.com/ZS4M9c8nE/;11.830;Rp793.000;1.270;1.270;3;0;0;0,03%;0,24%;10,74%;Rp624,41
HEALTH SUPPLEMENT;Vicee;Vicee Sweetlets;Consideration;Jul-26;TikTok;Nano;suffibulan;Lifestyle;https://vt.tiktok.com/ZS4Y2aeNH/;1.693;Rp822.222;136;226;16;1;0;1,00%;7,52%;13,35%;Rp3.638,15
HEALTH SUPPLEMENT;Vicee;Vicee Sweetlets;Consideration;Jul-26;TikTok;Nano;Vayaaa1010;Lifestyle;https://www.tiktok.com/@vayaaa1010/video/7670774233315757320?_r=1&_t=ZS-98eIKI0x7fL;2.615;Rp822.222;7;12;2;0;0;0,08%;16,67%;0,46%;Rp68.518,50
HEALTH SUPPLEMENT;Vicee;Vicee Sweetlets;Consideration;Jul-26;TikTok;Nano;Chaaa_mfs;Lifestyle;https://vt.tiktok.com/ZSXotetsK/;10.700;Rp822.222;190;317;18;0;0;0,17%;5,68%;2,96%;Rp2.593,76
HEALTH SUPPLEMENT;Vicee;Vicee Sweetlets;Consideration;Jul-26;TikTok;Nano;urthe_one;Lifestyle;https://vt.tiktok.com/ZSXgedLEL/;24.100;Rp822.222;649;1.081;15;0;2;0,07%;1,57%;4,49%;Rp760,61
HEALTH SUPPLEMENT;Vicee;Vicee Sweetlets;Consideration;Jul-26;TikTok;Nano;Ladies lorencia wangsa;Lifestyle;https://vt.tiktok.com/ZSXo3CwGx/;1.072;Rp822.222;133;221;11;0;0;1,03%;4,98%;20,62%;Rp3.720,46
HEALTH SUPPLEMENT;Vicee;Vicee Sweetlets;Consideration;Jul-26;TikTok;Nano;Nesnesyu;Lifestyle;https://vt.tiktok.com/ZSXpJvTYk/;8.666;Rp822.222;1.793;2.988;5;2;1;0,09%;0,27%;34,48%;Rp275,17
HEALTH SUPPLEMENT;Vicee;Vicee Sweetlets;Consideration;Jul-26;TikTok;Nano;Inisial.ai19;Lifestyle;https://vt.tiktok.com/ZSXg3qnv9/;2.151;Rp822.222;68;113;3;0;1;0,19%;3,54%;5,25%;Rp7.276,30
HEALTH SUPPLEMENT;Vicee;Vicee Sweetlets;Consideration;Jul-26;TikTok;Micro;panda;Lifestyle;https://vt.tiktok.com/ZS4u146cA/;13.500;Rp822.222;146;243;9;0;0;0,07%;3,70%;1,80%;Rp3.383,63
HEALTH SUPPLEMENT;Vicee;Vicee Sweetlets;Consideration;Jul-26;TikTok;Nano;diah ayu;Lifestyle;https://vt.tiktok.com/ZS41uu1jA/;1.967;Rp822.222;68;114;13;10;9;1,63%;28,07%;5,80%;Rp7.212,47
HEALTH SUPPLEMENT;Vicee;Vicee Sweetlets;Consideration;Jul-26;TikTok;Micro;Ika;Lifestyle;https://vt.tiktok.com/ZSXTNsCDt/);68.000;Rp822.222;314;524;35;0;18;0,08%;10,11%;0,77%;Rp1.569,13
HEALTH SUPPLEMENT;Vicee;Vicee Sweetlets;Consideration;Jul-26;TikTok;Nano;aross;Lifestyle;https://vt.tiktok.com/ZSX7MryLJ/;1.528;Rp822.222;236;394;19;2;0;1,37%;5,33%;25,79%;Rp2.086,86
HEALTH SUPPLEMENT;Vicee;Vicee Sweetlets;Consideration;Jul-26;TikTok;Nano;afinda.nanda;Lifestyle;https://vt.tiktok.com/ZSXGk7g6j/;3.426;Rp822.222;472;787;216;0;4;6,42%;27,95%;22,97%;Rp1.044,75
HEALTH SUPPLEMENT;Vicee;Vicee Sweetlets;Consideration;Jul-26;TikTok;Nano;Kiran;Lifestyle;https://vt.tiktok.com/ZS4eLYwwm/;1.204;Rp822.222;195;325;47;40;7;7,81%;28,92%;26,99%;Rp2.529,91
HEALTH SUPPLEMENT;Vicee;Vicee Sweetlets;Consideration;Jul-26;TikTok;Micro;Della Havilah;Lifestyle;https://vt.tiktok.com/ZSXscomBK/;2.965;Rp822.222;139;232;15;1;0;0,54%;6,90%;7,82%;Rp3.544,06
HEALTH SUPPLEMENT;Vicee;Vicee Sweetlets;Consideration;Jul-26;TikTok;Nano;FpandF;Lifestyle;https://www.tiktok.com/@asriwruwu/video/7670792282068569352?_r=1&_t=ZS-98SPH2KSPJs;2.221;Rp822.222;181;302;5;2;1;0,36%;2,65%;13,60%;Rp2.722,59
HEALTH SUPPLEMENT;Vicee;Vicee Sweetlets;Consideration;Jul-26;TikTok;Nano;Mulia Sari;Lifestyle;https://vt.tiktok.com/ZS4yxX5kd/;6.010;Rp802.900;4.558;4.558;100;42;38;3,00%;3,95%;75,84%;Rp176,15
HEALTH SUPPLEMENT;Vicee;Vicee Sweetlets;Consideration;Jul-26;TikTok;Nano;Jihan Nabila;Lifestyle;https://vt.tiktok.com/ZS4fY6pFo/;3.900;Rp802.900;249;249;6;0;2;0,21%;3,21%;6,38%;Rp3.224,50
HEALTH SUPPLEMENT;Vicee;Vicee Sweetlets;Consideration;Jul-26;TikTok;Nano;Tasya Pramiswari;Lifestyle;https://vt.tiktok.com/ZS4fYWPtd/;4.004;Rp802.900;148;148;13;0;2;0,37%;10,14%;3,70%;Rp5.425,00
HEALTH SUPPLEMENT;Vicee;Vicee Sweetlets;Consideration;Jul-26;TikTok;Nano;Galuh Elok S;Lifestyle;https://vt.tiktok.com/ZS45gNuhn/;5.318;Rp802.900;231;231;4;0;1;0,09%;2,16%;4,34%;Rp3.475,76
HEALTH SUPPLEMENT;Vicee;Vicee Sweetlets;Consideration;Jul-26;TikTok;Nano;Berlian Syahlatun C;Lifestyle;https://vt.tiktok.com/ZS45v7UHq/;10.998;Rp802.900;22;22;5;0;0;0,05%;22,73%;0,20%;Rp36.495,45
HEALTH SUPPLEMENT;Vicee;Vicee Sweetlets;Consideration;Jul-26;TikTok;Nano;Mitha Paradina;Lifestyle;https://vt.tiktok.com/ZS456r44p/;2.930;Rp802.900;46;46;19;19;3;1,40%;89,13%;1,57%;Rp17.454,35
HEALTH SUPPLEMENT;Vicee;Vicee Sweetlets;Consideration;Jul-26;TikTok;Nano;Mutia;Lifestyle;https://vt.tiktok.com/ZS4mHfv9U/;10.221;Rp802.900;55;55;3;0;0;0,03%;5,45%;0,54%;Rp14.598,18
HEALTH SUPPLEMENT;Vicee;Vicee Sweetlets;Consideration;Jul-26;TikTok;Nano;cellonita farida putri;Lifestyle;https://vt.tiktok.com/ZS4mUeEKR/;4.700;Rp802.900;533;533;16;1;0;0,36%;3,19%;11,34%;Rp1.506,38
HEALTH SUPPLEMENT;Vicee;Vicee Sweetlets;Consideration;Jul-26;TikTok;Nano;Berlian Nurlaila Fadhilah;Lifestyle;https://vt.tiktok.com/ZS4xkLht4/;4.500;Rp802.900;29;29;3;0;0;0,07%;10,34%;0,64%;Rp27.686,21
HEALTH SUPPLEMENT;Vicee;Vicee Sweetlets;Consideration;Jul-26;TikTok;Nano;vindy putra;Lifestyle;https://vt.tiktok.com/ZS4QBaJXY/;3.820;Rp802.900;229;229;16;0;8;0,63%;10,48%;5,99%;Rp3.506,11
HEALTH SUPPLEMENT;Vicee;Vicee Sweetlets;Consideration;Jul-26;TikTok;Nano;Rezky Iskandar;Lifestyle;https://vt.tiktok.com/ZS4YoqPD7/;13.000;Rp802.900;166;166;19;0;5;0,18%;14,46%;1,28%;Rp4.836,75
HEALTH SUPPLEMENT;Vicee;Vicee Sweetlets;Consideration;Jul-26;TikTok;Nano;Susi Oktaviani;Lifestyle;https://vt.tiktok.com/ZS4Y2Kfcc/;5.360;Rp802.900;79;79;7;0;0;0,13%;8,86%;1,47%;Rp10.163,29
HEALTH SUPPLEMENT;Vicee;Vicee Sweetlets;Consideration;Jul-26;TikTok;Micro;Muh. Gelfing;Lifestyle;https://vt.tiktok.com/ZS4YLFqnm/;6.100;Rp802.900;282;282;93;19;37;2,44%;52,84%;4,62%;Rp2.847,16
HEALTH SUPPLEMENT;Vicee;Vicee Sweetlets;Consideration;Jul-26;TikTok;Nano;Annisa Risky;Lifestyle;https://vt.tiktok.com/ZS42VLkEk/;1.070;Rp802.900;77;77;9;0;0;0,84%;11,69%;7,20%;Rp10.427,27
HEALTH SUPPLEMENT;Vicee;Vicee Sweetlets;Consideration;Jul-26;TikTok;Nano;Fudoli;Lifestyle;https://vt.tiktok.com/ZS4YyAfEa/;1.200;Rp802.900;0;0;0;0;0;0,00%;#DIV/0!;0,00%;#DIV/0!
HEALTH SUPPLEMENT;Vicee;Vicee Sweetlets;Consideration;Jul-26;TikTok;Nano;Novia dwi cahyanti;Lifestyle;https://vt.tiktok.com/ZS42H7Eob/;1.250;Rp802.900;65;65;7;0;0;0,56%;10,77%;5,20%;Rp12.352,31
HEALTH SUPPLEMENT;Vicee;Vicee Sweetlets;Consideration;Jul-26;TikTok;Nano;Raihan Eka Putra;Lifestyle;https://vt.tiktok.com/ZS42hsuUL/;1.280;Rp802.900;445;445;16;0;2;1,41%;4,04%;34,77%;Rp1.804,27
HEALTH SUPPLEMENT;Vicee;Vicee Sweetlets;Consideration;Jul-26;TikTok;Nano;Desty setiawati;Lifestyle;https://vt.tiktok.com/ZS4YjUKpA/;1.997;Rp802.900;1.949;1.949;51;3;0;2,70%;2,77%;97,60%;Rp411,95
HEALTH SUPPLEMENT;Vicee;Vicee Sweetlets;Consideration;Jul-26;TikTok;Nano;Nindy;Lifestyle;https://vt.tiktok.com/ZS4Yv4e5M/;2.050;Rp802.900;77;77;25;16;5;2,24%;59,74%;3,76%;Rp10.427,27
HEALTH SUPPLEMENT;Vicee;Vicee Sweetlets;Consideration;Jul-26;TikTok;Nano;Afifa Ramadhania;Lifestyle;https://vt.tiktok.com/ZS42pLQUS/;2.071;Rp802.900;30;30;5;0;2;0,34%;23,33%;1,45%;Rp26.763,33
HEALTH SUPPLEMENT;Vicee;Vicee Sweetlets;Consideration;Jul-26;TikTok;Nano;Indah Sulyana;Lifestyle;https://vt.tiktok.com/ZS42XKJEe/;2.143;Rp802.900;56;56;5;0;0;0,23%;8,93%;2,61%;Rp14.337,50
HEALTH SUPPLEMENT;Vicee;Vicee Sweetlets;Consideration;Jul-26;TikTok;Nano;Riski rossa;Lifestyle;https://vt.tiktok.com/ZS42xsQTt/;2.340;Rp802.900;665;665;35;0;2;1,58%;5,56%;28,42%;Rp1.207,37
HEALTH SUPPLEMENT;Vicee;Vicee Sweetlets;Consideration;Jul-26;TikTok;Nano;Adam Yolanda;Lifestyle;https://vt.tiktok.com/ZS4jxpJYK/;2.754;Rp802.900;35;35;3;0;4;0,25%;20,00%;1,27%;Rp22.940,00
HEALTH SUPPLEMENT;Vicee;Vicee Sweetlets;Consideration;Jul-26;TikTok;Nano;Damayanti;Lifestyle;https://vt.tiktok.com/ZS4YFkRJH/;3.176;Rp802.900;240;240;5;0;0;0,16%;2,08%;7,56%;Rp3.345,42
HEALTH SUPPLEMENT;Vicee;Vicee Sweetlets;Consideration;Jul-26;TikTok;Micro;zahra alika;Lifestyle;https://vt.tiktok.com/ZS4jTLDv6/;35.000;Rp802.900;81;81;9;0;1;0,03%;12,35%;0,23%;Rp9.912,35
HEALTH SUPPLEMENT;Enervon;Enervon Fizz;Consideration;Aug-26;TikTok;Nano;Berlian Feby;Lifestyle;https://www.tiktok.com/@.bererer/video/7669666404223683858?utm_campaign=tt4d_open_api&utm_source=awtsed5i9xzgi8ph;2.265;Rp844.500;988;1.020;12;2;1;0,66%;1,47%;45,03%;Rp827,94
HEALTH SUPPLEMENT;Enervon;Enervon Fizz;Consideration;Aug-26;TikTok;Nano;Nurman Sidik;Lifestyle;https://www.tiktok.com/@reviewbymanz/video/7670120087591865618?utm_campaign=tt4d_open_api&utm_source=awtsed5i9xzgi8ph;1.200;Rp844.500;3.971;4.528;10;4;20;2,83%;0,75%;377,33%;Rp186,51
HEALTH SUPPLEMENT;Enervon;Enervon Fizz;Consideration;Aug-26;TikTok;Nano;Tasya Pramiswari;Lifestyle;https://www.tiktok.com/@tasyapramiswari/video/7669758611366759700?utm_campaign=tt4d_open_api&utm_source=awtsed5i9xzgi8ph;3.320;Rp844.500;199;240;41;24;3;2,05%;28,33%;7,23%;Rp3.518,75
HEALTH SUPPLEMENT;Enervon;Enervon Fizz;Consideration;Aug-26;TikTok;Nano;Nabilla Putri;Lifestyle;https://www.tiktok.com/@nabillaptrr3/video/7669792887839722759?utm_campaign=tt4d_open_api&utm_source=awtsed5i9xzgi8ph;3.402;Rp844.500;17;39;3;0;0;0,09%;7,69%;1,15%;Rp21.653,85
HEALTH SUPPLEMENT;Enervon;Enervon Fizz;Consideration;Aug-26;TikTok;Micro;Abim;Lifestyle;https://www.tiktok.com/@abim_ra/video/7670479449577606407?utm_campaign=tt4d_open_api&utm_source=awtsed5i9xzgi8ph;17.000;Rp844.500;98;197;13;4;1;0,11%;9,14%;1,16%;Rp4.286,80
HEALTH SUPPLEMENT;Enervon;Enervon Fizz;Consideration;Aug-26;TikTok;Micro;Rizky Rahmat H;Lifestyle;https://www.tiktok.com/@rizkyrahmat200/video/7670574037210287367?utm_campaign=tt4d_open_api&utm_source=awtsed5i9xzgi8ph;19.000;Rp844.500;100;131;12;1;1;0,07%;10,69%;0,69%;Rp6.446,56
HEALTH SUPPLEMENT;Enervon;Enervon Fizz;Consideration;Aug-26;TikTok;Nano;Nurrahmah Juniar;Lifestyle;https://www.tiktok.com/@meisjune/video/7670578037909409045?utm_campaign=tt4d_open_api&utm_source=awtsed5i9xzgi8ph;1.116;Rp844.500;107;212;16;3;0;1,70%;8,96%;19,00%;Rp3.983,49
HEALTH SUPPLEMENT;Enervon;Enervon Fizz;Consideration;Aug-26;TikTok;Nano;Kinanti;Lifestyle;https://www.tiktok.com/@alulafrzna0/video/7670785397626014996;2.160;Rp844.500;68;72;3;0;0;0,14%;4,17%;3,33%;Rp11.729,17
HEALTH SUPPLEMENT;Enervon;Enervon Fizz;Consideration;Aug-26;TikTok;Nano;Rizki BJ;Lifestyle;https://www.tiktok.com/@haikiw/video/7671154262155480340?utm_campaign=tt4d_open_api&utm_source=awtsed5i9xzgi8ph;2.561;Rp844.500;101;120;6;1;0;0,27%;5,83%;4,69%;Rp7.037,50
HEALTH SUPPLEMENT;Enervon;Enervon Fizz;Consideration;Aug-26;TikTok;Micro;Novia Ningrum;Lifestyle;https://www.tiktok.com/@vivianovia_/video/7671138589710765330?utm_campaign=tt4d_open_api&utm_source=awtsed5i9xzgi8ph;15.000;Rp844.500;5.881;6.524;50;0;3;0,35%;0,81%;43,49%;Rp129,45
HEALTH SUPPLEMENT;Enervon;Enervon Fizz;Consideration;Aug-26;TikTok;Nano;Angel B;Lifestyle;https://www.tiktok.com/@shutupngel/video/7670148971842587924?utm_campaign=tt4d_open_api&utm_source=awtsed5i9xzgi8ph;3.696;Rp844.500;119;191;17;3;3;0,62%;12,04%;5,17%;Rp4.421,47
HEALTH SUPPLEMENT;Enervon;Enervon Fizz;Consideration;Aug-26;TikTok;Nano;Yosia Syela;Lifestyle;https://www.tiktok.com/@yossyela/video/7671205921510427925?utm_campaign=tt4d_open_api&utm_source=awtsed5i9xzgi8ph;1.282;Rp844.500;322;433;4;0;0;0,31%;0,92%;33,78%;Rp1.950,35
HEALTH SUPPLEMENT;Enervon;Enervon Fizz;Consideration;Aug-26;TikTok;Micro;Rahmadilla Putri;Lifestyle;https://www.tiktok.com/@b.eerly/video/7669130383211973896?utm_campaign=tt4d_open_api&utm_source=awtsed5i9xzgi8ph;12.000;Rp844.500;1.991;2.532;88;0;4;0,77%;3,63%;21,10%;Rp333,53
HEALTH SUPPLEMENT;Enervon;Enervon Fizz;Consideration;Aug-26;TikTok;Micro;Shyva Tita Nia;Lifestyle;https://www.tiktok.com/@stitania/video/7671268473611406600;30.000;Rp844.500;100;119;5;0;0;0,02%;4,20%;0,40%;Rp7.096,64
HEALTH SUPPLEMENT;Enervon;Enervon Fizz;Consideration;Aug-26;TikTok;Nano;Nada Bilqisa;Lifestyle;https://www.tiktok.com/@kejubulan/video/7669360593060515090;6.180;Rp844.500;2.981;3.205;200;30;19;4,03%;7,77%;51,86%;Rp263,49
HEALTH SUPPLEMENT;Enervon;Enervon Fizz;Consideration;Aug-26;TikTok;Nano;Qanita Cahya;Lifestyle;https://www.tiktok.com/@a.bonnnn/video/7671279293116321032;1.028;Rp844.500;190;197;29;7;5;3,99%;20,81%;19,16%;Rp4.286,80
HEALTH SUPPLEMENT;Enervon;Enervon Fizz;Consideration;Aug-26;TikTok;Nano;Vira Maulida;Lifestyle;https://www.tiktok.com/@viramaulida_/video/7671211802985860359?utm_campaign=tt4d_open_api&utm_source=awtsed5i9xzgi8ph;5.881;Rp844.500;78;97;7;0;2;0,15%;9,28%;1,65%;Rp8.706,19
HEALTH SUPPLEMENT;Enervon;Enervon Fizz;Consideration;Aug-26;TikTok;Nano;Nabilah Ghaisani;Lifestyle;https://www.tiktok.com/@bilahghaisani/video/7669358589659729173?utm_campaign=tt4d_open_api&utm_source=awtsed5i9xzgi8ph;1.341;Rp844.500;129;149;20;6;2;2,09%;18,79%;11,11%;Rp5.667,79
HEALTH SUPPLEMENT;Enervon;Enervon Fizz;Consideration;Aug-26;TikTok;Nano;Salma Fitri;Lifestyle;https://www.tiktok.com/@salmaureola/video/7676381120791170325?utm_campaign=tt4d_open_api&utm_source=awtsed5i9xzgi8ph;6.071;Rp844.500;107;121;37;31;9;1,27%;63,64%;1,99%;Rp6.979,34
HEALTH SUPPLEMENT;Enervon;Enervon Fizz;Consideration;Aug-26;TikTok;Micro;Rischa;Lifestyle;https://www.tiktok.com/@riscashb/video/7676534593826114837?utm_campaign=tt4d_open_api&utm_source=awtsed5i9xzgi8ph;10.000;Rp844.500;56;89;1;0;0;0,01%;1,12%;0,89%;Rp9.488,76
HEALTH SUPPLEMENT;Enervon;Enervon Fizz;Consideration;Aug-26;TikTok;Nano;Naura Ikbari;Lifestyle;https://www.tiktok.com/@ondnd.mod/video/7676348274747428104;1.294;Rp844.500;178;204;9;0;1;0,77%;4,90%;15,77%;Rp4.139,71
HEALTH SUPPLEMENT;Enervon;Enervon Fizz;Consideration;Aug-26;TikTok;Nano;Grace Felicia;Lifestyle;https://www.tiktok.com/@gracefeliciaaa/video/7677240074613869842;1.418;Rp844.500;156;187;5;0;1;0,42%;3,21%;13,19%;Rp4.516,04
HEALTH SUPPLEMENT;Enervon;Enervon Fizz;Consideration;Aug-26;TikTok;Nano;Dinda Tsal;Lifestyle;https://www.tiktok.com/@dtsalisaa/video/7676494887327517973?utm_campaign=tt4d_open_api&utm_source=awtsed5i9xzgi8ph;3.067;Rp844.500;3.811;4.884;14;0;9;0,75%;0,47%;159,24%;Rp172,91
HEALTH SUPPLEMENT;Enervon;Enervon Fizz;Consideration;Aug-26;TikTok;Micro;Virginia Janet;Lifestyle;https://www.tiktok.com/@virginiajanet98/video/7677092441152867591;10.200;Rp844.500;98;123;15;5;1;0,21%;17,07%;1,21%;Rp6.865,85
HEALTH SUPPLEMENT;Enervon;Enervon Fizz;Consideration;Aug-26;TikTok;Nano;Vidya Via Nursekha;Lifestyle;https://www.tiktok.com/@vdysekha/video/7678357032025476360?utm_campaign=tt4d_open_api&utm_source=awtsed5i9xzgi8ph;9.959;Rp844.500;32;68;1;0;0;0,01%;1,47%;0,68%;Rp12.419,12
HEALTH SUPPLEMENT;Enervon;Enervon Fizz;Consideration;Aug-26;TikTok;Nano;Clara Laurencia;Lifestyle;https://www.tiktok.com/@clauliem/video/7676388830936845589?utm_campaign=tt4d_open_api&utm_source=awtsed5i9xzgi8ph;5.698;Rp844.500;551;615;7;2;6;0,26%;2,44%;10,79%;Rp1.373,17
HEALTH SUPPLEMENT;Enervon;Enervon Fizz;Consideration;Aug-26;TikTok;Micro;Nadika Safira;Lifestyle;https://www.tiktok.com/@thewomenkentang/video/7678212367372668178?utm_campaign=tt4d_open_api&utm_source=awtsed5i9xzgi8ph;10.300;Rp844.500;21;64;5;0;1;0,06%;9,38%;0,62%;Rp13.195,31
HEALTH SUPPLEMENT;Enervon;Enervon Fizz;Consideration;Aug-26;TikTok;Nano;Shahnaz Raisa;Lifestyle;https://www.tiktok.com/@shahnazraisyaa/video/7678200224950603015?utm_campaign=tt4d_open_api&utm_source=awtsed5i9xzgi8ph;1.503;Rp844.500;187;291;29;6;0;2,33%;12,03%;19,36%;Rp2.902,06
HEALTH SUPPLEMENT;Enervon;Enervon Fizz;Consideration;Aug-26;TikTok;Nano;Novarina;Lifestyle;https://www.tiktok.com/@novarinaaisha_/video/7677950477295799559?utm_campaign=tt4d_open_api&utm_source=awtsed5i9xzgi8ph;4.371;Rp844.500;90;106;12;2;0;0,32%;13,21%;2,43%;Rp7.966,98
HEALTH SUPPLEMENT;Enervon;Enervon Fizz;Consideration;Aug-26;TikTok;Nano;Conspinancy;Lifestyle;https://www.tiktok.com/@gumsbreakfast/video/7678015673427086612?utm_campaign=tt4d_open_api&utm_source=awtsed5i9xzgi8ph;4.995;Rp844.500;431;523;4;0;1;0,10%;0,96%;10,47%;Rp1.614,72
HEALTH SUPPLEMENT;Enervon;Enervon Fizz;Consideration;Aug-26;TikTok;Nano;Dimas;Lifestyle;https://vt.tiktok.com/ZSVf24Uq9/;5.446;Rp844.500;127;159;2;0;0;0,04%;1,26%;2,92%;Rp5.311,32
HEALTH SUPPLEMENT;Enervon;Enervon Fizz;Consideration;Aug-26;TikTok;Nano;Kamila Shafa;Lifestyle;https://www.tiktok.com/@kamilashaff/video/7676750431191715092?utm_campaign=tt4d_open_api&utm_source=awtsed5i9xzgi8ph;4.144;Rp844.500;192;250;14;0;0;0,34%;5,60%;6,03%;Rp3.378,00
HEALTH SUPPLEMENT;Enervon;Enervon Fizz;Consideration;Aug-26;TikTok;Nano;Faricheese;Lifestyle;https://www.tiktok.com/@faricheese/video/7678205200850504981;3.658;Rp844.500;3.291;4.294;10;3;3;0,44%;0,37%;117,39%;Rp196,67
HEALTH SUPPLEMENT;Enervon;Enervon Fizz;Consideration;Aug-26;TikTok;Nano;Andri;Lifestyle;https://www.tiktok.com/@andriiwinanda/video/7677252975139540244?utm_campaign=tt4d_open_api&utm_source=awtsed5i9xzgi8ph;5.155;Rp844.500;130;157;5;0;1;0,12%;3,82%;3,05%;Rp5.378,98
HEALTH SUPPLEMENT;Enervon;Enervon Fizz;Consideration;Aug-26;TikTok;Nano;Anisa Savira;Lifestyle;https://www.tiktok.com/@_svraa/video/7676725505831341319?utm_campaign=tt4d_open_api&utm_source=awtsed5i9xzgi8ph;3.137;Rp844.500;48;77;9;0;0;0,29%;11,69%;2,45%;Rp10.967,53
HEALTH SUPPLEMENT;Enervon;Enervon Fizz;Consideration;Aug-26;TikTok;Micro;Rafa Ersa;Lifestyle;https://www.tiktok.com/@erswaldorf/video/7676402626577124626?utm_campaign=tt4d_open_api&utm_source=awtsed5i9xzgi8ph;23.600;Rp844.500;544;676;12;0;1;0,06%;1,92%;2,86%;Rp1.249,26
HEALTH SUPPLEMENT;Enervon;Enervon Fizz;Consideration;Aug-26;TikTok;Nano;Anindya Prasista;Lifestyle;https://www.tiktok.com/@aprasista/video/7678323976287898901?utm_campaign=tt4d_open_api&utm_source=awtsed5i9xzgi8ph;3.010;Rp844.500;99;104;33;29;1;2,09%;60,58%;3,46%;Rp8.120,19
HEALTH SUPPLEMENT;Enervon;Enervon Fizz;Consideration;Aug-26;TikTok;Micro;Alphyliya;Lifestyle;https://www.tiktok.com/@phylia.18/video/7676765737234484500;17.400;Rp844.500;3.810;4.459;3;0;0;0,02%;0,07%;25,63%;Rp189,39
HEALTH SUPPLEMENT;Enervon;Enervon Fizz;Consideration;Aug-26;TikTok;Micro;amandadiella;Lifestyle;https://www.tiktok.com/@amandadiella/video/7678694984790543636?is_from_webapp=1&sender_device=pc;10.300;Rp844.500;1.096;1.176;57;0;4;0,59%;5,19%;11,42%;Rp718,11
HEALTH SUPPLEMENT;Enervon;Enervon Fizz;Consideration;Aug-26;Meta;Macro;ayuwirautami;Lifestyle;https://www.instagram.com/reel/DchmwxwPtCh/?utm_source=ig_web_copy_link&igsi=MzRlODBiNWFlZA==;101.000;Rp19.375.000;19.320;25.535;1.155;37;4;1,18%;4,68%;25,28%;Rp758,76
HEALTH SUPPLEMENT;Enervon;Enervon Fizz;Consideration;Aug-26;Meta;Macro;ismiaisyah20;Lifestyle;https://www.instagram.com/reel/Dcla76HpzaY/?utm_source=ig_web_copy_link&igsi=MzRlODBiNWFlZA==;420.000;Rp27.500.000;85.409;92.145;1.640;6;16;0,40%;1,80%;21,94%;Rp298,44
HEALTH SUPPLEMENT;Enervon;Enervon Fizz;Consideration;Aug-26;Meta;Macro;rizkyheryanto;Lifestyle;https://www.instagram.com/reel/DciqxoxysYU/?utm_source=ig_web_copy_link&igsi=MzRlODBiNWFlZA==;124.000;Rp21.875.000;11.850;26.390;2.411;92;22;2,04%;9,57%;21,28%;Rp828,91
HEALTH SUPPLEMENT;Enervon;Enervon Fizz;Consideration;Aug-26;Meta;Micro;4diarta_;Lifestyle;https://www.instagram.com/reel/Dcliu6kzhzu/?igsi=Y3hxdXJxazh2Z3Jn;18.200;Rp0;1.919;3.208;179;7;2;1,03%;5,86%;17,63%;Rp0,00
HEALTH SUPPLEMENT;Enervon;Enervon Fizz;Consideration;Aug-26;TikTok;Micro;Tamara;Lifestyle;https://vt.tiktok.com/ZSVb3pwwv/;13.500;Rp0;6.200;7.100;476;8;30;3,81%;7,24%;52,59%;Rp0,00
HEALTH SUPPLEMENT;Enervon;Enervon Fizz;Consideration;Aug-26;Meta;Micro;Tamara;Lifestyle;https://www.instagram.com/reel/DciWRplKOno/?igsi=MTVoMnk3bHI0NnY0dA==;10.000;Rp0;8.399;14.114;772;38;33;8,43%;5,97%;141,14%;Rp0,00
HEALTH SUPPLEMENT;Enervon;Enervon Fizz;Consideration;Aug-26;TikTok;Micro;rickoverary_;Lifestyle;https://www.tiktok.com/@masmu._/video/7677927919825521940?is_from_webapp=1&sender_device=pc;72.000;Rp0;6.300;7.521;441;3;13;0,63%;6,08%;10,45%;Rp0,00
HEALTH SUPPLEMENT;Enervon;Enervon Fizz;Consideration;Aug-26;Meta;Micro;rickoverary_;Lifestyle;https://www.instagram.com/reel/Dcdnxr6Nsm-/?igsi=N21rZTh5aXZ3YThp;72.000;Rp0;7.219;11.418;504;12;17;0,74%;4,67%;15,86%;Rp0,00
HEALTH SUPPLEMENT;Enervon;Enervon Fizz;Consideration;Aug-26;TikTok;Micro;sisskadewii;Lifestyle;https://vt.tiktok.com/ZSVXNsN4R/;23.000;Rp0;958;1.098;32;0;0;0,14%;2,91%;4,77%;Rp0,00
HEALTH SUPPLEMENT;Enervon;Enervon Fizz;Consideration;Aug-26;Meta;Micro;sisskadewii;Lifestyle;https://www.instagram.com/reel/Dcdf-eOsdb1/?utm_source=ig_web_copy_link&igsi=MzRlODBiNWFlZA==;23.000;Rp0;4.492;8.208;243;8;3;1,10%;3,09%;35,69%;Rp0,00
HEALTH SUPPLEMENT;Enervon;Enervon Fizz;Consideration;Aug-26;TikTok;Micro;nicky.riyant;Lifestyle;https://www.tiktok.com/@nicky.riyant/video/7682054481932012821;47.000;Rp0;1.900;10.000;112;10;5;0,27%;1,27%;21,28%;Rp0,00
HEALTH SUPPLEMENT;Enervon;Enervon Fizz;Consideration;Aug-26;Meta;Micro;nicky.riyant;Lifestyle;https://www.instagram.com/reel/Dci3Pa1AbPb/?igsi=MW51bXd1OWppbjhzaw==;30.000;Rp0;14.434;15.900;1.138;24;1;3,88%;7,31%;53,00%;Rp0,00
HEALTH SUPPLEMENT;Enervon;Enervon Fizz;Consideration;Aug-26;Meta;Nano;aga.angga;Lifestyle;https://www.instagram.com/aga.angga/;9.349;Rp0;573;993;44;14;1;0,63%;5,94%;10,62%;Rp0,00
HEALTH SUPPLEMENT;Enervon;Enervon Fizz;Consideration;Aug-26;Meta;Macro;ayuwirautami;Lifestyle;"https://www.instagram.com/stories/ayuwirautami/3969386404291368325
 https://www.instagram.com/stories/ayuwirautami/3968259972068791529";101.000;Rp0;4.059;5.113;25;0;13;0,04%;0,74%;5,06%;Rp0,00
HEALTH SUPPLEMENT;Enervon;Enervon Fizz;Consideration;Aug-26;Meta;Macro;ismiaisyah20;Lifestyle;https://www.instagram.com/stories/ismiaisyah20/;420.000;Rp0;6.171;18.959;276;14;35;0,08%;1,71%;4,51%;Rp0,00
HEALTH SUPPLEMENT;Enervon;Enervon Fizz;Consideration;Aug-26;Meta;Macro;rizkyheryanto;Lifestyle;"https://www.instagram.com/stories/rizkyheryanto/3967920429570003429
https://www.instagram.com/stories/rizkyheryanto/3969363556609167041
https://www.instagram.com/stories/rizkyheryanto/3969779150965857705";124.000;Rp0;17.098;18.867;120;12;158;0,23%;1,54%;15,22%;Rp0,00
HEALTH SUPPLEMENT;Enervon;Enervon Fizz;Consideration;Aug-26;Meta;Micro;amandadiella;Lifestyle;"?https://www.instagram.com/stories/amandadiella/3967690771352654761utm_source=ig_story_item_share&igsh=MXVhZjF5OGM5Y3F5bg== 
?https://www.instagram.com/stories/amandadiella/3967692034152143948utm_source=ig_story_item_share&igsh=OXUzaHRsNHNieGFj";10.300;Rp0;;4.845;;;0;0,00%;0,00%;47,04%;Rp0,00
HEALTH SUPPLEMENT;Enervon;Enervon Fizz;Consideration;Aug-26;Meta;Micro;4diarta_;Lifestyle;"https://www.instagram.com/stories/4diarta_/
 https://www.instagram.com/stories/4diarta_/3969722489668606565
 https://www.instagram.com/stories/4diarta_/3969601187695804177";18.200;Rp0;1.301;9.195;119;1;74;1,07%;2,11%;50,52%;Rp0,00
HEALTH SUPPLEMENT;Enervon;Enervon Fizz;Consideration;Aug-26;Meta;Micro;rickoverary_;Lifestyle;"https://www.instagram.com/stories/rickoverary_/3967111384634512510
https://www.instagram.com/stories/rickoverary_/3969584454897500156
https://www.instagram.com/stories/rickoverary_/3967111384634512512 (URL as displayed on slide - possible source typo)
https://www.instagram.com/stories/rickoverary_/3969367046219372029
https://www.instagram.com/stories/rickoverary_/3969598770983687455
https://www.instagram.com/stories/rickoverary_/3969815628802525801
https://www.instagram.com/stories/rickoverary_/3969910767532552416";72.000;Rp0;24.475;31.086;722;32;889;2,28%;5,29%;43,18%;Rp0,00
HEALTH SUPPLEMENT;Enervon;Enervon Fizz;Consideration;Aug-26;Meta;Micro;sisskadewii;Lifestyle;"https://www.instagram.com/stories/sisskadewii/3968640496627406374
https://www.instagram.com/stories/sisskadewii/3969329626890032820
https://www.instagram.com/stories/sisskadewii/3969992402693618780
https://www.instagram.com/stories/sisskadewii/3969993374295770177
https://www.instagram.com/stories/sisskadewii/3969993987201010548";23.000;Rp0;1.152;5.516;61;5;12;0,34%;1,41%;23,98%;Rp0,00
HEALTH SUPPLEMENT;Enervon;Enervon Fizz;Consideration;Aug-26;Meta;Micro;nicky.riyant;Lifestyle;https://www.instagram.com/stories/nickyriyant/3967210193997057791utm_source=ig_story_item_share&igsh=eHQ1YjBpNzhydnM=;30.000;Rp0;1.177;1.264;30;6;2;0,13%;3,01%;4,21%;Rp0,00
HEALTH SUPPLEMENT;Enervon;Enervon Fizz;Consideration;Aug-26;Meta;Nano;aga.angga;Lifestyle;"https://www.instagram.com/stories/aga.angga/3969323742136512401?utm_source=ig_story_item_share&igsi=MWUyenZvaXI1cGdqYQ== 
https://www.instagram.com/stories/aga.angga/3969323742136512401?utm_source=ig_story_item_share&igsi=MWUyenZvaXI1cGdqYQ==";9.349;Rp0;2.889;3.131;9;10;30;0,52%;1,56%;33,49%;Rp0,00
HEALTH SUPPLEMENT;Enervon;Enervon-C;Consideration;Aug-26;TikTok;Micro;Sindy Septiani;Lifestyle;https://vt.tiktok.com/ZSVgkEMcN/;11.127;Rp1.100.000;5.000;5.945;4;0;2;0,05%;0,10%;53,43%;Rp185,03
HEALTH SUPPLEMENT;Enervon;Enervon-C;Consideration;Aug-26;TikTok;Micro;Dewi Ayu Utami;Lifestyle;https://vt.tiktok.com/ZSVbP9pmt/;11.300;Rp1.100.000;415;1.105;3;0;0;0,03%;0,27%;9,78%;Rp995,48
HEALTH SUPPLEMENT;Enervon;Enervon-C;Consideration;Aug-26;TikTok;Micro;Rizka Annisa;Lifestyle;https://vt.tiktok.com/ZSVgqgAff/;11.783;Rp1.100.000;38;56;16;14;21;0,43%;91,07%;0,48%;Rp19.642,86
HEALTH SUPPLEMENT;Enervon;Enervon-C;Consideration;Aug-26;TikTok;Micro;Mulia Sari;Lifestyle;https://vt.tiktok.com/ZSVgBHgaw/;16.600;Rp1.100.000;4.100;5.300;183;97;160;2,65%;8,30%;31,93%;Rp207,55
HEALTH SUPPLEMENT;Enervon;Enervon-C;Consideration;Aug-26;TikTok;Micro;Citra;Lifestyle;https://vt.tiktok.com/ZSVgfmXVx/;17.000;Rp1.100.000;5.900;8.007;30;0;10;0,24%;0,50%;47,10%;Rp137,38
HEALTH SUPPLEMENT;Enervon;Enervon-C;Consideration;Aug-26;TikTok;Micro;Marcel;Lifestyle;https://vt.tiktok.com/ZSVbfEwLY/;18.900;Rp1.100.000;70;597;14;2;5;0,11%;3,52%;3,16%;Rp1.842,55
HEALTH SUPPLEMENT;Enervon;Enervon-C;Consideration;Aug-26;TikTok;Macro;Tegar bayu;Lifestyle;https://vt.tiktok.com/ZSVgU1a1T/;146.200;Rp1.100.000;388;439;25;1;2;0,02%;6,38%;0,30%;Rp2.505,69
HEALTH SUPPLEMENT;Enervon;Enervon-C;Consideration;Aug-26;TikTok;Macro;dina;Lifestyle;https://vt.tiktok.com/ZSVgPbtXg/;169.000;Rp1.100.000;20;23;1;0;2;0,00%;13,04%;0,01%;Rp47.826,09
HEALTH SUPPLEMENT;Enervon;Enervon-C;Consideration;Aug-26;TikTok;Micro;Yunita;Lifestyle;https://vt.tiktok.com/ZSVgVub8c/;10.300;Rp1.100.000;70;75;2;0;0;0,02%;2,67%;0,73%;Rp14.666,67
HEALTH SUPPLEMENT;Enervon;Enervon-C;Consideration;Aug-26;TikTok;Macro;didi;Lifestyle;https://vt.tiktok.com/ZSVgF6VNA/;142.000;Rp1.100.000;10.900;11.200;256;0;6;0,18%;2,34%;7,89%;Rp98,21
HEALTH SUPPLEMENT;Enervon;Enervon-C;Consideration;Aug-26;TikTok;Micro;Loewy Ananda;Lifestyle;https://vt.tiktok.com/ZSVgUxL2C/;14.290;Rp1.100.000;66;73;5;1;2;0,06%;10,96%;0,51%;Rp15.068,49
HEALTH SUPPLEMENT;Enervon;Enervon-C;Consideration;Aug-26;TikTok;Micro;Aprianti;Lifestyle;https://vt.tiktok.com/ZSVgyd6LC;31.015;Rp1.100.000;4.000;4.714;22;27;35;0,27%;1,78%;15,20%;Rp233,35
HEALTH SUPPLEMENT;Enervon;Enervon-C;Consideration;Aug-26;TikTok;Macro;SITIMAS;Lifestyle;https://vt.tiktok.com/ZSVbTQquy/;112.600;Rp1.100.000;824;6.266;7;1;4;0,01%;0,19%;5,56%;Rp175,55
HEALTH SUPPLEMENT;Enervon;Enervon-C;Consideration;Aug-26;TikTok;Micro;Merinda Desmiati;Lifestyle;https://vt.tiktok.com/ZSVbg5FJU/;24.700;Rp1.100.000;3.900;4.273;28;5;7;0,16%;0,94%;17,30%;Rp257,43
HEALTH SUPPLEMENT;Enervon;Enervon-C;Consideration;Aug-26;TikTok;Micro;lailiasah;Lifestyle;https://vt.tiktok.com/ZSVbaoau9/;15.600;Rp1.100.000;43;124;4;0;0;0,03%;3,23%;0,79%;Rp8.870,97
HEALTH SUPPLEMENT;Enervon;Enervon-C;Consideration;Aug-26;TikTok;Micro;Martha Junita Doodoh;Lifestyle;https://vt.tiktok.com/ZSVb363SE/;16.000;Rp1.100.000;3.100;4.177;19;17;5;0,26%;0,98%;26,11%;Rp263,35
HEALTH SUPPLEMENT;Enervon;Enervon-C;Consideration;Aug-26;TikTok;Macro;stella;Lifestyle;https://vt.tiktok.com/ZSVbTvfWg/;301.000;Rp1.100.000;134;243;1;0;1;0,00%;0,82%;0,08%;Rp4.526,75
HEALTH SUPPLEMENT;Enervon;Enervon-C;Consideration;Aug-26;TikTok;Micro;Marcis;Lifestyle;https://vt.tiktok.com/ZSVbXr6Xq/;21.000;Rp1.100.000;1.100;1.122;3;3;6;0,06%;1,07%;5,34%;Rp980,39
HEALTH SUPPLEMENT;Enervon;Enervon-C;Consideration;Aug-26;TikTok;Micro;Milla;Lifestyle;https://vt.tiktok.com/ZSVg1Gm3Y/;15.000;Rp1.100.000;334;1.102;48;0;0;0,32%;4,36%;7,35%;Rp998,19
HEALTH SUPPLEMENT;Enervon;Enervon-C;Consideration;Aug-26;TikTok;Micro;Yusnita birohmah;Lifestyle;https://vt.tiktok.com/ZSVgLh4qA/;44.500;Rp1.100.000;1.100;2.573;31;0;18;0,11%;1,90%;5,78%;Rp427,52
HEALTH SUPPLEMENT;Enervon;Enervon Kids Chewtab;Consideration;Aug-26;TikTok;Micro;Almiranti Fira;Family;https://vt.tiktok.com/ZSVvK5SG6/;94.200;Rp21.500.000;11.800;14.000;1.594;17;47;1,76%;11,84%;14,86%;Rp1.535,71
HEALTH SUPPLEMENT;Enervon;Enervon Kids Chewtab;Consideration;Aug-26;TikTok;Micro;Sabrina;Family;https://vt.tiktok.com/ZSVxxg3Mp/;14.300;Rp1.360.000;5.900;6.393;240;57;258;3,88%;8,68%;44,71%;Rp212,73
HEALTH SUPPLEMENT;Enervon;Enervon Kids Chewtab;Consideration;Aug-26;TikTok;Micro;Winda;Family;https://vt.tiktok.com/ZSV4QguUs/;10.100;Rp1.360.000;24;554;5;2;4;0,11%;1,99%;5,49%;Rp2.454,87
HEALTH SUPPLEMENT;Enervon;Enervon Kids Chewtab;Consideration;Aug-26;TikTok;Micro;Ivanur;Parenting;https://vt.tiktok.com/ZSVqVoeWn/;30.900;Rp1.360.000;58;319;3;0;4;0,02%;2,19%;1,03%;Rp4.263,32
HEALTH SUPPLEMENT;Enervon;Enervon Kids Chewtab;Consideration;Aug-26;TikTok;Micro;Rika Ria;Family;https://vt.tiktok.com/ZSVVtedxb/;28.600;Rp1.360.000;694;1.330;211;133;9;1,23%;26,54%;4,65%;Rp1.022,56
HEALTH SUPPLEMENT;Enervon;Enervon Kids Chewtab;Consideration;Aug-26;TikTok;Micro;Ilma Fara;Family;https://vt.tiktok.com/ZSVV5Eh1w/;19.300;Rp1.360.000;3.900;4.451;18;8;8;0,18%;0,76%;23,06%;Rp305,55
HEALTH SUPPLEMENT;Enervon;Enervon Kids Chewtab;Consideration;Aug-26;TikTok;Micro;Rusnah Mursalim;Family;https://vt.tiktok.com/ZSVVtxuSy/;16.900;Rp1.360.000;67;90;3;0;2;0,03%;5,56%;0,53%;Rp15.111,11
HEALTH SUPPLEMENT;Enervon;Enervon Kids Chewtab;Consideration;Aug-26;TikTok;Micro;Muchlisa Marifatin;Parenting;https://vt.tiktok.com/ZSVVd9Ayy/;10.100;Rp1.360.000;3.700;3.824;17;0;10;0,27%;0,71%;37,86%;Rp355,65
HEALTH SUPPLEMENT;Enervon;Enervon Kids Chewtab;Consideration;Aug-26;TikTok;Micro;undananas;Family;https://vt.tiktok.com/ZSVbmHU5v/;22.300;Rp1.360.000;1.300;31;0;0;0;0,00%;0,00%;0,14%;Rp43.870,97
HEALTH SUPPLEMENT;Enervon;Enervon Kids Chewtab;Consideration;Aug-26;TikTok;Micro;Meliana Febri Yuslinda;Family;https://vt.tiktok.com/ZSVbgmYG1/;10.000;Rp1.360.000;60;402;38;36;3;0,77%;19,15%;4,02%;Rp3.383,08
HEALTH SUPPLEMENT;Enervon;Enervon Kids Chewtab;Consideration;Aug-26;TikTok;Micro;Sazkhia Michika Claudia;Family;https://vt.tiktok.com/ZSVVL7DAt/;10.300;Rp1.360.000;1.100;1.056;8;0;6;0,14%;1,33%;10,25%;Rp1.287,88
HEALTH SUPPLEMENT;Enervon;Enervon Kids Chewtab;Consideration;Aug-26;TikTok;Micro;Siswati;Family;https://vt.tiktok.com/ZSVbgWk3p/;11.300;Rp1.360.000;51;163;8;4;9;0,19%;12,88%;1,44%;Rp8.343,56
HEALTH SUPPLEMENT;Enervon;Enervon Kids Chewtab;Consideration;Aug-26;TikTok;Micro;Nindia Elsera;Family;https://vt.tiktok.com/ZSVVLj9KU/;11.700;Rp1.360.000;1.700;2.360;84;28;119;1,97%;9,79%;20,17%;Rp576,27
HEALTH SUPPLEMENT;Enervon;Enervon Kids Chewtab;Consideration;Aug-26;TikTok;Micro;Neng fitri;Family;https://vt.tiktok.com/ZSVggfrbY/;13.500;Rp1.360.000;4.700;4.743;6;0;7;0,10%;0,27%;35,13%;Rp286,74
HEALTH SUPPLEMENT;Enervon;Enervon Kids Chewtab;Consideration;Aug-26;TikTok;Micro;PUPUT TRISNAWATI;Family;https://vt.tiktok.com/ZSVbutTja/;13.800;Rp1.360.000;33;1.087;17;15;19;0,37%;4,69%;7,88%;Rp1.251,15
HEALTH SUPPLEMENT;Enervon;Enervon Kids Chewtab;Consideration;Aug-26;TikTok;Micro;Sifa Nurul H;Parenting;https://vt.tiktok.com/ZSVqEJKjq/;13.400;Rp1.360.000;68;90;58;0;0;0,43%;64,44%;0,67%;Rp15.111,11
HEALTH SUPPLEMENT;Enervon;Enervon Kids Chewtab;Consideration;Aug-26;TikTok;Micro;Cindy Natalia;Parenting;https://vt.tiktok.com/ZSVbPJRgw/;11.200;Rp1.360.000;1.798;1.793;13;24;28;0,58%;3,63%;16,01%;Rp758,51
HEALTH SUPPLEMENT;Enervon;Enervon Kids Chewtab;Consideration;Aug-26;TikTok;Micro;Rahmawati;Family;https://vt.tiktok.com/ZSVG6NyU9/;11.500;Rp1.360.000;2.200;2.924;8;1;0;0,08%;0,31%;25,43%;Rp465,12
HEALTH SUPPLEMENT;Enervon;Enervon Kids Chewtab;Consideration;Aug-26;TikTok;Micro;Anita Mustopa;Family;https://vt.tiktok.com/ZSVsoE1gw/;13.300;Rp1.360.000;4.500;5.909;48;32;4;0,63%;1,42%;44,43%;Rp230,16
HEALTH SUPPLEMENT;Enervon;Enervon Kids Chewtab;Consideration;Aug-26;TikTok;Micro;Atika Rahmayanti;Family;https://vt.tiktok.com/ZSVcFkHDa/;12.700;Rp1.360.000;9.900;10.300;294;111;533;7,39%;9,11%;81,10%;Rp132,04
HEALTH SUPPLEMENT;Enervon;Enervon Kids Chewtab;Consideration;Aug-26;TikTok;Micro;amelia citra;Parenting;https://vt.tiktok.com/ZSV7vkjFV/;42.400;Rp1.360.000;509;3.209;13;2;4;0,04%;0,59%;7,57%;Rp423,81
HEALTH SUPPLEMENT;Enervon;Enervon Gold;Consideration;Aug-26;TikTok;Micro;riri ratna;Lifestyle;https://vt.tiktok.com/ZS4UEJrjq/;17.900;Rp857.142;386;451;16;10;8;0,19%;7,54%;2,52%;Rp1.900,54
HEALTH SUPPLEMENT;Enervon;Enervon Gold;Consideration;Aug-26;TikTok;Micro;Rika Ria;Lifestyle;https://www.tiktok.com/@rikariaf/video/7670040700800552213;28.500;Rp857.142;5.400;6.800;318;110;27;1,60%;6,69%;23,86%;Rp126,05
HEALTH SUPPLEMENT;Enervon;Enervon Gold;Consideration;Aug-26;TikTok;Macro;Retta Sinambela;Lifestyle;https://www.tiktok.com/@ibunyajessy/video/7670132050799873300;103.800;Rp857.142;91.600;110.100;1.397;156;2.236;3,65%;3,44%;106,07%;Rp7,79
HEALTH SUPPLEMENT;Enervon;Enervon Gold;Consideration;Aug-26;TikTok;Nano;Ndri;Lifestyle;https://www.tiktok.com/@andriiwinanda/video/7669725981321596181;5.365;Rp857.142;416;477;13;0;2;0,28%;3,14%;8,89%;Rp1.796,94
HEALTH SUPPLEMENT;Enervon;Enervon Gold;Consideration;Aug-26;TikTok;Micro;Feby Asriani;Lifestyle;https://www.tiktok.com/@febyasr_/video/7670036441241521429;21.800;Rp857.142;739;808;207;2;4;0,98%;26,36%;3,71%;Rp1.060,82
HEALTH SUPPLEMENT;Enervon;Enervon Gold;Consideration;Aug-26;TikTok;Micro;Adinda Ramadhanty Salsabila;Lifestyle;https://vt.tiktok.com/ZS4HYaQcm/;14.100;Rp857.142;127;156;54;42;4;0,71%;64,10%;1,11%;Rp5.494,50
HEALTH SUPPLEMENT;Enervon;Enervon Gold;Consideration;Aug-26;TikTok;Micro;Ayu Fitri Lestari;Lifestyle;https://www.tiktok.com/@ayufitri_73/video/7670417093870783765;12.400;Rp857.142;5.100;5.469;182;0;322;4,06%;9,22%;44,10%;Rp156,73
HEALTH SUPPLEMENT;Enervon;Enervon Gold;Consideration;Aug-26;TikTok;Nano;Nana Lutfiana;Lifestyle;https://www.tiktok.com/@nanalutfiana7/video/7670177877698071815;8.536;Rp857.142;132;149;32;44;110;2,18%;124,83%;1,75%;Rp5.752,63
HEALTH SUPPLEMENT;Enervon;Enervon Gold;Consideration;Aug-26;TikTok;Micro;Novitry Wahyu Siptyansyah Gani;Lifestyle;https://vt.tiktok.com/ZS4HuyaMo/;13.900;Rp857.142;5.800;5.812;171;21;56;1,78%;4,27%;41,81%;Rp147,48
HEALTH SUPPLEMENT;Enervon;Enervon Gold;Consideration;Aug-26;TikTok;Micro;Erina Dytha;Lifestyle;https://www.tiktok.com/@khaylasunny/video/7670093047530654997;12.100;Rp857.142;5.000;5.054;47;24;9;0,66%;1,58%;41,77%;Rp169,60
HEALTH SUPPLEMENT;Enervon;Enervon Gold;Consideration;Aug-26;TikTok;Nano;Yolanda Augusta Yandy;Lifestyle;https://vt.tiktok.com/ZS4Hh8mRU/;8.957;Rp857.142;151;254;112;15;8;1,51%;53,15%;2,84%;Rp3.374,57
HEALTH SUPPLEMENT;Enervon;Enervon Gold;Consideration;Aug-26;TikTok;Nano;Cut Salma Irhamna C;Lifestyle;https://www.tiktok.com/@salmairhamnaa/video/7671243457687571730;3.486;Rp857.142;4.700;5.575;48;12;6;1,89%;1,18%;159,93%;Rp153,75
HEALTH SUPPLEMENT;Enervon;Enervon Gold;Consideration;Aug-26;TikTok;Micro;patrine vianca;Lifestyle;https://www.tiktok.com/@patrinevianca/video/7670440754719771911;23.400;Rp857.142;4.800;5.110;75;1;15;0,39%;1,78%;21,84%;Rp167,74
HEALTH SUPPLEMENT;Enervon;Enervon Gold;Consideration;Aug-26;TikTok;Micro;Destri Lestari;Lifestyle;https://www.tiktok.com/@des3lestari/video/7671194549192051988;13.300;Rp857.142;339;11.000;57;29;246;2,50%;3,02%;82,71%;Rp77,92
HEALTH SUPPLEMENT;Enervon;Enervon Gold;Consideration;Aug-26;TikTok;Micro;Abim;Lifestyle;https://www.tiktok.com/@abim_ra/video/7670861333063322888;17.000;Rp857.142;177;213;14;0;2;0,09%;7,51%;1,25%;Rp4.024,14
HEALTH SUPPLEMENT;Enervon;Enervon Gold;Consideration;Aug-26;TikTok;Nano;Santi Ayu Arizki;Lifestyle;https://www.tiktok.com/@santiayuarizki2/video/7670793191498714375;1.696;Rp857.142;347;380;13;2;12;1,59%;7,11%;22,41%;Rp2.255,64
HEALTH SUPPLEMENT;Enervon;Enervon Gold;Consideration;Aug-26;TikTok;Micro;siskaseptika;Lifestyle;https://vt.tiktok.com/ZS449rDFJ/;10.800;Rp857.142;208;240;33;61;87;1,68%;75,42%;2,22%;Rp3.571,43
HEALTH SUPPLEMENT;Enervon;Enervon Gold;Consideration;Aug-26;TikTok;Micro;Novia Ningrum;Lifestyle;https://www.tiktok.com/@vivianovia_/video/7670186621714648328;15.000;Rp857.142;79;165;74;6;17;0,65%;58,79%;1,10%;Rp5.194,80
HEALTH SUPPLEMENT;Enervon;Enervon Gold;Consideration;Aug-26;TikTok;Micro;Andi Ratna Maharani;Lifestyle;https://www.tiktok.com/@andiratnam/video/7670150795509452039;12.900;Rp857.142;4.600;5.671;133;25;42;1,55%;3,53%;43,96%;Rp151,14
HEALTH SUPPLEMENT;Enervon;Enervon Gold;Consideration;Aug-26;TikTok;Macro;Cut fajar;Lifestyle;https://www.tiktok.com/@ohhaisyah/video/7670533334212267284;186.400;Rp857.142;2.353;2.400;779;41;59;0,47%;36,63%;1,29%;Rp357,14
HEALTH SUPPLEMENT;Enervon;Enervon Gold;Consideration;Aug-26;TikTok;Micro;Adimiftah;Lifestyle;https://www.tiktok.com/@adimmiftah/video/7671312499135859986;26.800;Rp857.142;253;7.992;20;0;10;0,11%;0,38%;29,82%;Rp107,25
HEALTH SUPPLEMENT;Enervon;Enervon Gold;Consideration;Aug-26;TikTok;Micro;sisca;Lifestyle;https://www.tiktok.com/@siscazh/video/7670552820935855380;32.400;Rp857.142;3.000;10.700;161;42;179;1,18%;3,57%;33,02%;Rp80,11
HEALTH SUPPLEMENT;Enervon;Enervon Gold;Consideration;Aug-26;TikTok;Micro;Pipit Nisa;Lifestyle;https://vt.tiktok.com/ZS4xWY1Cr/;10.100;Rp857.142;5.000;5.184;192;21;22;2,33%;4,53%;51,33%;Rp165,34
HEALTH SUPPLEMENT;Enervon;Enervon Gold;Consideration;Aug-26;TikTok;Nano;Fadhilah Isnaini;Lifestyle;https://www.tiktok.com/@mandacchiato/video/7670411248047099154;4.979;Rp857.142;4.700;4.978;83;30;34;2,95%;2,95%;99,98%;Rp172,19
HEALTH SUPPLEMENT;Enervon;Enervon Gold;Consideration;Aug-26;TikTok;Micro;Rizky Rahmat Hidayat;Lifestyle;https://www.tiktok.com/@rizkyrahmat200/video/7670436977455484178;19.800;Rp857.142;4.300;4.597;17;1;0;0,09%;0,39%;23,22%;Rp186,46
HEALTH SUPPLEMENT;Enervon;Enervon Gold;Consideration;Aug-26;TikTok;Micro;Nur hidayah;Lifestyle;https://www.tiktok.com/@havika_rizhan/video/7671240889481579797;13.900;Rp857.142;3.700;4.149;463;26;28;3,72%;12,46%;29,85%;Rp206,59
HEALTH SUPPLEMENT;Enervon;Enervon Gold;Consideration;Aug-26;TikTok;Micro;Febryanti Elfrida;Lifestyle;https://vt.tiktok.com/ZS44MXR7m/;11.100;Rp857.142;5.400;5.400;23;15;20;0,52%;1,07%;48,65%;Rp158,73
HEALTH SUPPLEMENT;Enervon;Enervon Gold;Consideration;Aug-26;TikTok;Micro;Lisa M;Lifestyle;https://www.tiktok.com/@lisamlusiana/video/7670578778187304210;10.500;Rp857.142;140;1.011;99;2;5;1,01%;10,48%;9,63%;Rp847,82
HEALTH SUPPLEMENT;Enervon;Enervon Gold;Consideration;Aug-26;TikTok;Nano;Annisa Meiliana MS;Lifestyle;https://www.tiktok.com/@anmeymeychan;8.248;Rp857.142;8.200;8.467;66;36;51;1,85%;1,81%;102,66%;Rp101,23
HEALTH SUPPLEMENT;Enervon;Enervon Gold;Consideration;Aug-26;TikTok;Micro;patriceviancaa;Lifestyle;https://www.tiktok.com/@patricevianca;21.900;Rp857.142;8.900;11.200;24;0;2;0,12%;0,23%;51,14%;Rp76,53
HEALTH SUPPLEMENT;Enervon;Enervon Active;Consideration;Aug-26;TikTok;Micro;MICELOR26;Sports;https://vt.tiktok.com/ZSVxNTkYg/;20.700;Rp1.242.000;4.313;4.694;33;2;6;0,20%;0,87%;22,68%;Rp264,59
HEALTH SUPPLEMENT;Enervon;Enervon Active;Consideration;Aug-26;TikTok;Micro;rakha gandawa kusuma;Sports;https://www.tiktok.com/@rakhagandawa_/video/7677547633723936001;11.300;Rp1.242.000;133;140;9;0;1;0,09%;7,14%;1,24%;Rp8.871,43
HEALTH SUPPLEMENT;Enervon;Enervon Active;Consideration;Aug-26;TikTok;Micro;Agung Tommy;Sports;https://www.tiktok.com/@fevereating/video/7677762530604764436;17.800;Rp1.242.000;1.326;1.426;191;2;20;1,20%;14,94%;8,01%;Rp870,97
HEALTH SUPPLEMENT;Enervon;Enervon Active;Consideration;Aug-26;TikTok;Micro;Lovaa;Sports;https://www.tiktok.com/@chocolattelova/video/7677498381752700180;11.500;Rp1.242.000;5.751;6.276;20;3;10;0,29%;0,53%;54,57%;Rp197,90
HEALTH SUPPLEMENT;Enervon;Enervon Active;Consideration;Aug-26;TikTok;Micro;chacha peregerin;Sports;https://www.tiktok.com/@oktavianac/video/7677514589629697298;22.500;Rp1.242.000;240;254;3;3;2;0,04%;3,15%;1,13%;Rp4.889,76
HEALTH SUPPLEMENT;Enervon;Enervon Active;Consideration;Aug-26;TikTok;Micro;Feby Asriani;Sports;https://www.tiktok.com/@febyasr_/video/7677947220993281301;21.800;Rp1.242.000;1.994;2.153;516;3;25;2,50%;25,27%;9,88%;Rp576,87
HEALTH SUPPLEMENT;Enervon;Enervon Active;Consideration;Aug-26;TikTok;Micro;Gandhies fitriah damayanti;Sports;https://vt.tiktok.com/ZSVghsa4d/;73.500;Rp1.242.000;1.338;1.439;26;2;5;0,04%;2,29%;1,96%;Rp863,10
HEALTH SUPPLEMENT;Enervon;Enervon Active;Consideration;Aug-26;TikTok;Micro;Anisa Aryant;Sports;https://www.tiktok.com/@anisaaryant/video/7677546759471582471;14.600;Rp1.242.000;12.275;13.500;177;47;43;1,83%;1,98%;92,47%;Rp92,00
HEALTH SUPPLEMENT;Enervon;Enervon Active;Consideration;Aug-26;TikTok;Macro;Angela Rossari;Sports;https://www.tiktok.com/@angelarossari/video/7677571434960391431;193.700;Rp1.242.000;1.689;1.821;14;0;1;0,01%;0,82%;0,94%;Rp682,04
HEALTH SUPPLEMENT;Enervon;Enervon Active;Consideration;Aug-26;TikTok;Micro;Aguswandi;Sports;https://vt.tiktok.com/ZSV4DRx81/;62.900;Rp1.242.000;425;452;32;0;6;0,06%;8,41%;0,72%;Rp2.747,79
HEALTH SUPPLEMENT;Enervon;Enervon Active;Consideration;Aug-26;TikTok;Micro;Vennessa Krisma;Sports;https://www.tiktok.com/@vnessakr/video/7677630088027950357;19.900;Rp1.242.000;1.481;1.594;8;0;15;0,12%;1,44%;8,01%;Rp779,17
HEALTH SUPPLEMENT;Enervon;Enervon Active;Consideration;Aug-26;TikTok;Micro;Renaldo Sihombing;Sports;https://www.tiktok.com/@renaldosihombing/video/7677547768122051861;33.800;Rp1.242.000;319;338;17;0;0;0,05%;5,03%;1,00%;Rp3.674,56
HEALTH SUPPLEMENT;Enervon;Enervon Active;Consideration;Aug-26;TikTok;Micro;riris;Sports;https://www.tiktok.com/@ririsvinaa/video/7677500917960281352;20.000;Rp1.242.000;680;726;22;0;0;0,11%;3,03%;3,63%;Rp1.710,74
HEALTH SUPPLEMENT;Enervon;Enervon Active;Consideration;Aug-26;TikTok;Micro;tasya.caa;Sports;https://vt.tiktok.com/ZSVQnyjxu/;32.000;Rp1.242.000;399;424;106;1;11;0,37%;27,83%;1,33%;Rp2.929,25
HEALTH SUPPLEMENT;Enervon;Enervon Active;Consideration;Aug-26;TikTok;Micro;alvin stevanus;Sports;https://vt.tiktok.com/ZSVV8Ht9Q/;11.800;Rp1.242.000;71;74;5;0;0;0,04%;6,76%;0,63%;Rp16.783,78
HEALTH SUPPLEMENT;Enervon;Enervon Active;Consideration;Aug-26;TikTok;Micro;Adimiftah;Sports;https://www.tiktok.com/@adimmiftah/video/7678637221909368072;26.800;Rp1.242.000;646;690;216;0;11;0,85%;32,90%;2,57%;Rp1.800,00
HEALTH SUPPLEMENT;Enervon;Enervon Active;Consideration;Aug-26;TikTok;Micro;Faisal Arya;Sports;https://www.tiktok.com/@faisalary/video/7677590888863894804;18.400;Rp1.242.000;164;173;6;3;7;0,09%;9,25%;0,94%;Rp7.179,19
HEALTH SUPPLEMENT;Enervon;Enervon Active;Consideration;Aug-26;TikTok;Micro;?rnít? gíntíng suk?;Sports;https://www.tiktok.com/@ernitagst/video/7679458002281303314;22.600;Rp1.242.000;7.997;8.757;22;4;10;0,16%;0,41%;38,75%;Rp141,83
HEALTH SUPPLEMENT;Enervon;Enervon Active;Consideration;Aug-26;TikTok;Micro;Naila Billbina;Sports;https://www.tiktok.com/@causeyoulose/video/7677621148619787541;48.700;Rp1.242.000;4.689;5.107;17;4;1;0,05%;0,43%;10,49%;Rp243,20
HEALTH SUPPLEMENT;Enervon;Enervon Active;Consideration;Aug-26;TikTok;Micro;jeje??;Sports;https://www.tiktok.com/@jijancokkk/video/7678596443812154645;76.200;Rp1.242.000;1.331;1.431;32;1;17;0,07%;3,49%;1,88%;Rp867,92
HEALTH SUPPLEMENT;Enervon;Enervon Active;Consideration;Aug-26;TikTok;Micro;femiy;Sports;https://www.tiktok.com/@bukanpem/video/7678299550032858386;10.900;Rp1.242.000;1.044;1.120;11;0;3;0,13%;1,25%;10,28%;Rp1.108,93
HEALTH SUPPLEMENT;Enervon;Enervon Active;Consideration;Aug-26;TikTok;Micro;Kinanti Novinka;Sports;https://www.tiktok.com/@chaoticri0t/video/7678691859874516245;16.300;Rp1.242.000;71;74;8;0;1;0,06%;12,16%;0,45%;Rp16.783,78
HEALTH SUPPLEMENT;Enervon;Enervon Active;Consideration;Aug-26;TikTok;Micro;Divia Andito;Sports;https://www.tiktok.com/@divia.andito/video/7678699734348958983;20.700;Rp1.242.000;4.041;4.395;19;3;18;0,19%;0,91%;21,23%;Rp282,59
HEALTH SUPPLEMENT;Enervon;Enervon Active;Consideration;Aug-26;TikTok;Micro;Laksmi;Sports;https://vt.tiktok.com/ZSVWNWAEW/;24.800;Rp1.242.000;2.443;2.643;38;26;6;0,28%;2,65%;10,66%;Rp469,92
HEALTH SUPPLEMENT;Vicee;Vicee Gummy;Consideration;Aug-26;TikTok;Nano;Annisa Rida Pratiwi;Family;https://vt.tiktok.com/ZS4dpUdbe/;1.733;Rp775.555;127;666;60;2;13;4,33%;11,26%;38,43%;Rp1.164,50
HEALTH SUPPLEMENT;Vicee;Vicee Gummy;Consideration;Aug-26;TikTok;Nano;Eireen Naura;Family;https://vt.tiktok.com/ZS4L62FG4/;3.600;Rp775.555;538;2.216;157;20;31;5,78%;9,39%;61,56%;Rp349,98
HEALTH SUPPLEMENT;Vicee;Vicee Gummy;Consideration;Aug-26;TikTok;Nano;Fitri Fauziah;Family;https://vt.tiktok.com/ZS4dKk2rJ/;4.800;Rp775.555;108;164;46;1;17;1,33%;39,02%;3,42%;Rp4.728,99
HEALTH SUPPLEMENT;Vicee;Vicee Gummy;Consideration;Aug-26;TikTok;Nano;aksara;Family;https://vt.tiktok.com/ZS4eKKtXH/;2.080;Rp775.555;928;1.100;99;17;55;8,22%;15,55%;52,88%;Rp705,05
HEALTH SUPPLEMENT;Vicee;Vicee Gummy;Consideration;Aug-26;TikTok;Nano;Desi Atika Putri;Family;https://vt.tiktok.com/ZS4oy5nVW/;7.765;Rp775.555;134;145;33;1;65;1,27%;68,28%;1,87%;Rp5.348,66
HEALTH SUPPLEMENT;Vicee;Vicee Gummy;Consideration;Aug-26;TikTok;Micro;sella ayu;Family;https://vt.tiktok.com/ZS4xmmyNg/;14.200;Rp775.555;822;1.500;273;14;18;2,15%;20,33%;10,56%;Rp517,04
HEALTH SUPPLEMENT;Vicee;Vicee Gummy;Consideration;Aug-26;TikTok;Micro;Evita wahyu;Parenting;https://vt.tiktok.com/ZS4T9LqJn/;11.800;Rp775.555;121;129;18;4;20;0,36%;32,56%;1,09%;Rp6.012,05
HEALTH SUPPLEMENT;Vicee;Vicee Gummy;Consideration;Aug-26;TikTok;Micro;Rina Kurniasih;Parenting;https://vt.tiktok.com/ZS4UJN2Df/;12.700;Rp775.555;102;110;32;21;5;0,46%;52,73%;0,87%;Rp7.050,50
HEALTH SUPPLEMENT;Vicee;Vicee Gummy;Consideration;Aug-26;TikTok;Micro;irna nurul kamila;Family;https://vt.tiktok.com/ZS4kVJQNt/;19.600;Rp775.555;162;195;22;13;20;0,28%;28,21%;0,99%;Rp3.977,21
HEALTH SUPPLEMENT;Vicee;Vicee Gummy;Consideration;Aug-26;TikTok;Micro;Intan agustin;Family;https://vt.tiktok.com/ZS4sPNDNm/;11.700;Rp775.555;132;152;34;20;28;0,70%;53,95%;1,30%;Rp5.102,34
HEALTH SUPPLEMENT;Vicee;Vicee Gummy;Consideration;Aug-26;TikTok;Micro;Riska Dwi Deviana;Family;https://vt.tiktok.com/ZS4pG8jtV/;10.600;Rp775.555;118;1.200;125;14;15;1,45%;12,83%;11,32%;Rp646,30
HEALTH SUPPLEMENT;Vicee;Vicee Gummy;Consideration;Aug-26;TikTok;Micro;Istiqomah Gayatri;Family;https://vt.tiktok.com/ZS4HLXWYS/;14.800;Rp775.555;3.500;3.600;19;0;2;0,14%;0,58%;24,32%;Rp215,43
HEALTH SUPPLEMENT;Vicee;Vicee Gummy;Consideration;Aug-26;TikTok;Micro;Lusi Kristina;Family;https://vt.tiktok.com/ZS4SJ6YAG/;10.400;Rp775.555;364;426;100;56;31;1,80%;43,90%;4,10%;Rp1.820,55
HEALTH SUPPLEMENT;Vicee;Vicee Gummy;Consideration;Aug-26;TikTok;Micro;Aura Adellia Fiqri Heryanto;Family;https://vt.tiktok.com/ZS4PBxaAD/;10.500;Rp775.555;1.800;1.800;51;14;23;0,84%;4,89%;17,14%;Rp430,86
HEALTH SUPPLEMENT;Vicee;Vicee Gummy;Consideration;Aug-26;TikTok;Nano;Ririn;Family;https://vt.tiktok.com/ZS4X8dujr/;2.517;Rp775.555;1.945;2.100;3;14;247;10,49%;12,57%;83,43%;Rp369,31
HEALTH SUPPLEMENT;Vicee;Vicee Gummy;Consideration;Aug-26;TikTok;Nano;Anisa Ayu Widiyanty;Family;https://www.tiktok.com/@anisaayuwidii/video/7673024686636190997?is_from_webapp=1&sender_device=pc&web_id=7652959071130289665;1.937;Rp775.555;87;99;4;1;2;0,36%;7,07%;5,11%;Rp7.833,89
HEALTH SUPPLEMENT;Vicee;Vicee Gummy;Consideration;Aug-26;TikTok;Nano;Riza Sinulingga;Family;https://vt.tiktok.com/ZSV1k9Y4s/;5.643;Rp775.555;817;831;26;10;10;0,82%;5,54%;14,73%;Rp933,28
HEALTH SUPPLEMENT;Vicee;Vicee Gummy;Consideration;Aug-26;TikTok;Nano;Febri Eka;Family;https://vt.tiktok.com/ZS4nRB16p/;1.180;Rp775.555;110;132;14;9;10;2,80%;25,00%;11,19%;Rp5.875,42
HEALTH SUPPLEMENT;Vicee;Vicee Gummy;Consideration;Aug-26;TikTok;Micro;aulia noor;Family;https://vt.tiktok.com/ZS4nbCYxp/;35.400;Rp892.857;124;145;7;0;4;0,03%;7,59%;0,41%;Rp6.157,63
HEALTH SUPPLEMENT;Vicee;Vicee Gummy;Consideration;Aug-26;TikTok;Nano;Rany Rosalia;Family;https://vt.tiktok.com/ZS4cJB9FD/;6.994;Rp892.857;235;276;84;60;7;2,16%;54,71%;3,95%;Rp3.234,99
HEALTH SUPPLEMENT;Vicee;Vicee Gummy;Consideration;Aug-26;TikTok;Nano;Tiaranuansa;Family;https://vt.tiktok.com/ZS4nn3c76/;3.326;Rp892.857;99;106;6;0;1;0,21%;6,60%;3,19%;Rp8.423,18
HEALTH SUPPLEMENT;Vicee;Vicee Gummy;Consideration;Aug-26;TikTok;Micro;Nur hidayah;Family;https://vt.tiktok.com/ZS4h7Qfnr/;13.900;Rp892.857;3.900;4.300;31;14;39;0,60%;1,95%;30,94%;Rp207,64
HEALTH SUPPLEMENT;Vicee;Vicee Gummy;Consideration;Aug-26;TikTok;Nano;Sisca malinda;Family;https://vt.tiktok.com/ZS4kuMbj5/;6.311;Rp892.857;163;1.300;6;2;4;0,19%;0,92%;20,60%;Rp686,81
HEALTH SUPPLEMENT;Vicee;Vicee Gummy;Consideration;Aug-26;TikTok;Micro;Dian Ayu Ratnasari;Family;https://vt.tiktok.com/ZS4nkDHwS/;25.500;Rp892.857;4.400;4.500;32;7;49;0,35%;1,96%;17,65%;Rp198,41
HEALTH SUPPLEMENT;Vicee;Vicee Gummy;Consideration;Aug-26;TikTok;Micro;Tengku Ulya;Family;https://vt.tiktok.com/ZS4M9c8nE/;11.830;Rp892.857;985;1.300;5;0;2;0,06%;0,54%;10,99%;Rp686,81
HEALTH SUPPLEMENT;Vicee;Vicee Gummy;Consideration;Aug-26;TikTok;Micro;Navy;Family;https://vt.tiktok.com/ZS4hogWfa/;13.900;Rp892.857;785;1.300;21;8;10;0,28%;3,00%;9,35%;Rp686,81
HEALTH SUPPLEMENT;Vicee;Vicee Gummy;Consideration;Aug-26;TikTok;Nano;Siti Fajariyah;Family;https://vt.tiktok.com/ZS4HrEHgP/;2.845;Rp892.857;824;2.200;32;27;36;3,34%;4,32%;77,33%;Rp405,84
HEALTH SUPPLEMENT;Vicee;Vicee Gummy;Consideration;Aug-26;TikTok;Nano;yuni ariani m;Parenting;https://vt.tiktok.com/ZS4uwjgjW/;3.068;Rp892.857;160;186;7;0;1;0,26%;4,30%;6,06%;Rp4.800,31
HEALTH SUPPLEMENT;Vicee;Vicee Gummy;Consideration;Aug-26;TikTok;Nano;Dian Hardianti;Family;https://vt.tiktok.com/ZS4HrQ3xf/;2.100;Rp892.857;1.118;1.200;266;-;461;34,62%;60,58%;57,14%;Rp744,05
HEALTH SUPPLEMENT;Vicee;Vicee Gummy;Consideration;Aug-26;TikTok;Micro;Farah Adelia Puspita;Family;https://vt.tiktok.com/ZS4BEwseT/;13.800;Rp892.857;4.900;5.500;65;24;25;0,83%;2,07%;39,86%;Rp162,34
HEALTH SUPPLEMENT;Vicee;Vicee Gummy;Consideration;Aug-26;TikTok;Micro;Dipa;Family;https://vt.tiktok.com/ZS4x4UTY5/;10.900;Rp892.857;350;727;32;16;33;0,74%;11,14%;6,67%;Rp1.228,14
HEALTH SUPPLEMENT;Vicee;Vicee Gummy;Consideration;Aug-26;TikTok;Micro;Tama Ela;Family;https://vt.tiktok.com/ZS4nFcaKS/;14.900;Rp892.857;594;5.600;235;66;303;4,05%;10,79%;37,58%;Rp159,44
HEALTH SUPPLEMENT;Vicee;Vicee Gummy;Consideration;Aug-26;TikTok;Nano;Azka Odvilia;Family;https://www.tiktok.com/@azkacrut_/video/7669254320495480071;1.200;Rp833.333;114;131;2;0;1;0,25%;2,29%;10,92%;Rp6.361,32
HEALTH SUPPLEMENT;Vicee;Vicee Gummy;Consideration;Aug-26;TikTok;Nano;Wildannisa Nashyha Sakina;Family;https://vt.tiktok.com/ZS4Sk9h2g/;7.551;Rp833.333;145;217;24;16;22;0,82%;28,57%;2,87%;Rp3.840,24
HEALTH SUPPLEMENT;Vicee;Vicee Gummy;Consideration;Aug-26;TikTok;Micro;Dwi Dayanti;Family;https://vt.tiktok.com/ZS4xa44dT/;11.697;Rp833.333;4.400;4.900;15;8;15;0,32%;0,78%;41,89%;Rp170,07
HEALTH SUPPLEMENT;Vicee;Vicee Gummy;Consideration;Aug-26;TikTok;Micro;Rahmawati;Parenting;https://vt.tiktok.com/ZS4XLAbNn/;11.422;Rp833.333;3.300;4.800;12;3;6;0,18%;0,44%;42,02%;Rp173,61
HEALTH SUPPLEMENT;Vicee;Vicee Gummy;Consideration;Aug-26;TikTok;Nano;Aditya Putri;Family;https://vt.tiktok.com/ZS4Q1Nc8S/;3.500;Rp833.333;116;236;67;35;52;4,40%;65,25%;6,74%;Rp3.531,07
HEALTH SUPPLEMENT;Vicee;Vicee Gummy;Consideration;Aug-26;TikTok;Micro;May Apriliandi;Family;https://vt.tiktok.com/ZS4sQxJ6D/;10.200;Rp833.333;4.300;4.400;15;0;4;0,19%;0,43%;43,14%;Rp189,39
HEALTH SUPPLEMENT;Vicee;Vicee Gummy;Consideration;Aug-26;TikTok;Nano;Rizcka Ayu Wulandari;Family;https://vt.tiktok.com/ZS4UevmJF/;3.620;Rp833.333;2.100;4.100;15;3;255;7,54%;6,66%;113,26%;Rp203,25
HEALTH SUPPLEMENT;Vicee;Vicee Gummy;Consideration;Aug-26;TikTok;Nano;Diah Ayu Prajna Paramita;Family;https://vt.tiktok.com/ZS4swkyTt/;4.226;Rp833.333;126;174;15;3;10;0,66%;16,09%;4,12%;Rp4.789,27
HEALTH SUPPLEMENT;Vicee;Vicee Gummy;Consideration;Aug-26;TikTok;Micro;Ceceh;Family;https://vt.tiktok.com/ZS4X29s8Q/;17.800;Rp833.333;2.100;5.900;233;33;247;2,88%;8,69%;33,15%;Rp141,24
HEALTH SUPPLEMENT;Vicee;Vicee Gummy;Consideration;Aug-26;TikTok;Micro;Nur Zubaidah;Family;https://vt.tiktok.com/ZS4qadvEL/;13.000;Rp833.333;5.300;5.300;31;21;17;0,53%;1,30%;40,77%;Rp157,23
HEALTH SUPPLEMENT;Vicee;Vicee Gummy;Consideration;Aug-26;TikTok;Micro;Widya Pujiastuti;Parenting;https://vt.tiktok.com/ZS4ywHKgF/;22.400;Rp833.333;630;1.200;49;45;34;0,57%;10,67%;5,36%;Rp694,44
HEALTH SUPPLEMENT;Vicee;Vicee Gummy;Consideration;Aug-26;TikTok;Micro;Dwi Ayu Febriyani;Family;https://vt.tiktok.com/ZS4bnrcBH/;20.100;Rp833.333;2.200;2.800;29;24;73;0,63%;4,50%;13,93%;Rp297,62
HEALTH SUPPLEMENT;Vicee;Vicee Gummy;Consideration;Aug-26;TikTok;Nano;Ike oktaviyati;Family;https://vt.tiktok.com/ZS4yahR2C/;9.150;Rp833.333;849;1.600;283;57;55;4,32%;24,69%;17,49%;Rp520,83
HEALTH SUPPLEMENT;Vicee;Vicee Gummy;Consideration;Aug-26;TikTok;Nano;Ica Laora Frebiana;Family;https://vt.tiktok.com/ZS4PsLQts/;4.185;Rp833.333;41;42;5;0;1;0,14%;14,29%;1,00%;Rp19.841,26
HEALTH SUPPLEMENT;Vicee;Vicee Gummy;Consideration;Aug-26;TikTok;Nano;Mellia Purnama Sari;Family;https://vt.tiktok.com/ZS4b3U59g/;2.120;Rp833.333;4.900;5.000;6;0;10;0,75%;0,32%;235,85%;Rp166,67
HEALTH SUPPLEMENT;Vicee;Vicee Gummy;Consideration;Aug-26;TikTok;Nano;Istifany Farida;Family;https://vt.tiktok.com/ZS45hEP6u/;5.875;Rp833.333;121;226;63;11;112;3,17%;82,30%;3,85%;Rp3.687,31
HEALTH SUPPLEMENT;Vicee;Vicee Gummy;Consideration;Aug-26;TikTok;Micro;Winda purnamasari;Family;https://vt.tiktok.com/ZS4qmjE24/;24.500;Rp833.333;4.400;4.500;10;0;4;0,06%;0,31%;18,37%;Rp185,19
HEALTH SUPPLEMENT;Vicee;Vicee Gummy;Consideration;Aug-26;TikTok;Micro;Putri Septia Anggraini;Family;https://vt.tiktok.com/ZS4trPkoA/;20.900;Rp833.333;167;2.300;285;22;310;2,95%;26,83%;11,00%;Rp362,32
HEALTH SUPPLEMENT;Vicee;Vicee Gummy;Consideration;Aug-26;TikTok;Micro;Resty Aditya Utami;Family;https://vt.tiktok.com/ZS4nwMajK/;13.800;Rp833.333;6.300;6.500;152;17;12;1,31%;2,78%;47,10%;Rp128,21
HEALTH SUPPLEMENT;Vicee;Vicee Gummy;Consideration;Aug-26;TikTok;Nano;Anissa Maegiya;Family;https://vt.tiktok.com/ZS4nxkgH3/;3.333;Rp833.333;4.400;4.400;7;2;1;0,30%;0,23%;132,01%;Rp189,39
HEALTH SUPPLEMENT;Vicee;Vicee Gummy;Consideration;Aug-26;TikTok;Micro;Restie Ananda Mirantie;Family;https://vt.tiktok.com/ZS4nJNa2A/;12.731;Rp833.333;163;200;8;2;6;0,13%;8,00%;1,57%;Rp4.166,67
HEALTH SUPPLEMENT;Vicee;Vicee Gummy;Consideration;Aug-26;TikTok;Nano;Rani Chandra;Family;https://vt.tiktok.com/ZS4tsNV7k/;3.080;Rp833.333;104;105;2;0;1;0,10%;2,86%;3,41%;Rp7.936,50
HEALTH SUPPLEMENT;Vicee;Vicee Gummy;Consideration;Aug-26;TikTok;Nano;Shena sheila adams;Parenting;https://vt.tiktok.com/ZS4vCabYY/;3.101;Rp833.333;4.200;5.500;28;11;22;1,97%;1,11%;177,36%;Rp151,52
HEALTH SUPPLEMENT;Vicee;Vicee Gummy;Consideration;Aug-26;TikTok;Nano;Fitri Anas;Parenting;https://vt.tiktok.com/ZS4cXd8ne/;1.790;Rp833.333;5.900;7.400;41;32;6;4,41%;1,07%;413,41%;Rp112,61
HEALTH SUPPLEMENT;Vicee;Vicee Gummy;Consideration;Aug-26;TikTok;Micro;Ranny indah;Parenting;https://vt.tiktok.com/ZS451TUDf/;10.300;Rp833.333;113;149;5;0;5;0,10%;6,71%;1,45%;Rp5.592,84
HEALTH SUPPLEMENT;Vicee;Vicee Gummy;Consideration;Aug-26;TikTok;Micro;Dian nur santi;Family;https://vt.tiktok.com/ZS4vcmXLG/;10.000;Rp833.333;4.300;4.700;46;2;6;0,54%;1,15%;47,00%;Rp177,30
HEALTH SUPPLEMENT;Vicee;Vicee Gummy;Consideration;Aug-26;TikTok;Nano;Annisa Nurhudayanti;Family;https://vt.tiktok.com/ZS4v4Rqag/;4.150;Rp833.333;107;131;22;0;5;0,65%;20,61%;3,16%;Rp6.361,32
HEALTH SUPPLEMENT;Vicee;Vicee Gummy;Consideration;Aug-26;TikTok;Micro;Belia Agustina;Family;https://vt.tiktok.com/ZS4vCeNf9/;12.200;Rp833.333;109;497;29;41;51;0,99%;24,35%;4,07%;Rp1.676,73
HEALTH SUPPLEMENT;Vicee;Vicee Gummy;Consideration;Aug-26;TikTok;Micro;Mutia Irvana Dewi;Family;https://vt.tiktok.com/ZS4vxeF8r/;15.400;Rp833.333;763;1.400;163;0;5;1,09%;12,00%;9,09%;Rp595,24
HEALTH SUPPLEMENT;Vicee;Vicee Gummy;Consideration;Aug-26;TikTok;Nano;Rina Ernawati;Family;https://vt.tiktok.com/ZS4KkrvPM/;7.000;Rp833.333;127;141;21;30;4;0,79%;39,01%;2,01%;Rp5.910,16
HEALTH SUPPLEMENT;Vicee;Vicee Gummy;Consideration;Aug-26;TikTok;Nano;Shela;Family;https://vt.tiktok.com/ZS4KSfuAU/;1.189;Rp833.333;363;363;2;0;2;0,34%;1,10%;30,53%;Rp2.295,68
HEALTH SUPPLEMENT;Vicee;Vicee Gummy;Consideration;Aug-26;TikTok;Nano;Ryana Dewj;Family;https://vt.tiktok.com/ZS4T7BTRA/;1.422;Rp833.333;156;180;10;9;11;2,11%;16,67%;12,66%;Rp4.629,63
HEALTH SUPPLEMENT;Vicee;Vicee Gummy;Consideration;Aug-26;TikTok;Nano;Wisnu Resty;Family;https://vt.tiktok.com/ZS4Khayhp/;2.500;Rp833.333;117;126;9;10;10;1,16%;23,02%;5,04%;Rp6.613,75
HEALTH SUPPLEMENT;Vicee;Vicee Gummy;Consideration;Aug-26;TikTok;Nano;Isti ramadini;Family;https://vt.tiktok.com/ZS4ox2wJU/;5.300;Rp833.333;35;35;1;0;0;0,02%;2,86%;0,66%;Rp23.809,51
HEALTH SUPPLEMENT;Vicee;Vicee Gummy;Consideration;Aug-26;TikTok;Micro;Fitriana DWI WULANDARI;Family;https://vt.tiktok.com/ZS4E3WLE9/;10.800;Rp833.333;117;144;37;26;73;1,26%;94,44%;1,33%;Rp5.787,03
HEALTH SUPPLEMENT;Vicee;Vicee Gummy;Consideration;Aug-26;TikTok;Nano;T. Widya;Family;https://vt.tiktok.com/ZS4oP7dCr/;3.900;Rp833.333;559;1.100;20;19;2;1,05%;3,73%;28,21%;Rp757,58
HEALTH SUPPLEMENT;Vicee;Vicee Gummy;Consideration;Aug-26;TikTok;Micro;Riski Maya Sari;Family;https://vt.tiktok.com/ZS4EE23E5/;11.500;Rp833.333;82;113;8;3;14;0,22%;22,12%;0,98%;Rp7.374,63
HEALTH SUPPLEMENT;Vicee;Vicee Gummy;Consideration;Aug-26;TikTok;Nano;Septria Utami;Family;https://vt.tiktok.com/ZS4EKavbU/;1.479;Rp833.333;168;172;11;8;9;1,89%;16,28%;11,63%;Rp4.844,96
HEALTH SUPPLEMENT;Vicee;Vicee Gummy;Consideration;Aug-26;TikTok;Nano;Utari oktavia delina;Parenting;https://vt.tiktok.com/ZSVypKaG2/;5.024;Rp833.333;349;505;5;1;6;0,24%;2,38%;10,05%;Rp1.650,16
HEALTH SUPPLEMENT;Vicee;Vicee Gummy;Consideration;Aug-26;TikTok;Nano;Anissa Maegiya;Family;https://vt.tiktok.com/ZSVyWJThc/;6.002;Rp833.333;4.800;5.472;16;2;2;0,33%;0,37%;91,17%;Rp152,29
HEALTH SUPPLEMENT;Vicee;Vicee Gummy;Consideration;Aug-26;TikTok;Nano;Febryanti Elfrida;Family;https://vt.tiktok.com/ZSVyv7dCn/;1.149;Rp833.333;6.200;9.044;26;9;19;4,70%;0,60%;787,12%;Rp92,14
HEALTH SUPPLEMENT;Vicee;Vicee Gummy;Consideration;Aug-26;TikTok;Nano;Ghina Caturyna Purnama;Family;https://vt.tiktok.com/ZSVyvv68a/;2.845;Rp833.333;4.000;7.040;9;2;2;0,46%;0,18%;247,45%;Rp118,37
HEALTH SUPPLEMENT;Vicee;Vicee Gummy;Consideration;Aug-26;TikTok;Nano;Widiya Yanti;Family;https://vt.tiktok.com/ZSVycCUwL/;6.791;Rp833.333;7.900;9.538;216;70;32;4,68%;3,33%;140,45%;Rp87,37
HEALTH SUPPLEMENT;Vicee;Vicee Gummy;Consideration;Aug-26;TikTok;Micro;Putri Hapsari;Family;https://vt.tiktok.com/ZSVy3RfU2/;13.500;Rp833.333;4.000;5.538;111;93;258;3,42%;8,34%;41,02%;Rp150,48
HEALTH SUPPLEMENT;Vicee;Vicee Gummy;Consideration;Aug-26;TikTok;Nano;Andi Ratna Maharani;Family;https://vt.tiktok.com/ZSVf1aV9k/;2.574;Rp833.333;3.600;5.031;41;20;26;3,38%;1,73%;195,45%;Rp165,64
HEALTH SUPPLEMENT;Vicee;Vicee Gummy;Consideration;Aug-26;TikTok;Micro;Lady Utami;Family;https://vt.tiktok.com/ZSVfepfxx/;13.257;Rp833.333;4.100;5.142;32;5;2;0,29%;0,76%;38,79%;Rp162,06
HEALTH SUPPLEMENT;Vicee;Vicee Gummy;Consideration;Aug-26;TikTok;Micro;Kusumq Ardinareswari;Family;https://vt.tiktok.com/ZSVfNnCGd/;11.143;Rp833.333;109;145;57;55;19;1,18%;90,34%;1,30%;Rp5.747,12
HEALTH SUPPLEMENT;Vicee;Vicee Gummy;Consideration;Aug-26;TikTok;Nano;Wira shilviana hanum;Family;https://vt.tiktok.com/ZSVyTvBmV/;5.878;Rp833.333;38;53;9;8;7;0,41%;45,28%;0,90%;Rp15.723,26
HEALTH SUPPLEMENT;Vicee;Vicee Gummy;Consideration;Aug-26;TikTok;Micro;Nada Ginanda;Parenting;https://vt.tiktok.com/ZSVf2nspt/;12.642;Rp833.333;104;104;20;10;18;0,38%;46,15%;0,82%;Rp8.012,82
HEALTH SUPPLEMENT;Vicee;Vicee Gummy;Consideration;Aug-26;TikTok;Nano;Istifany Farida;Family;https://vt.tiktok.com/ZSVfMMxfx/;3.350;Rp833.333;6.600;9.834;21;8;3;0,96%;0,33%;293,55%;Rp84,74
HEALTH SUPPLEMENT;Vicee;Vicee Gummy;Consideration;Aug-26;TikTok;Nano;Kelly;Family;https://vt.tiktok.com/ZSVfBWwU9/;7.205;Rp833.333;3.900;4.894;83;13;1;1,35%;1,98%;67,93%;Rp170,28
HEALTH SUPPLEMENT;Vicee;Vicee Gummy;Consideration;Aug-26;TikTok;Nano;Siti Ririn Nurlaela;Family;https://vt.tiktok.com/ZSVfxptjg/;1.466;Rp833.333;10;1.381;10;10;8;1,91%;2,03%;94,20%;Rp603,43
HEALTH SUPPLEMENT;Vicee;Vicee Gummy;Consideration;Aug-26;TikTok;Nano;Indah Noviyanti;Family;https://vt.tiktok.com/ZSVDTKm7u/;3.693;Rp833.333;586;685;64;41;8;3,06%;16,50%;18,55%;Rp1.216,54
HEALTH SUPPLEMENT;Vicee;Vicee Gummy;Consideration;Aug-26;TikTok;Nano;Resha Rizky Awalia;Family;https://vt.tiktok.com/ZSVyUMppA/;1.240;Rp833.333;173;216;5;4;1;0,81%;4,63%;17,42%;Rp3.858,02
HEALTH SUPPLEMENT;Vicee;Vicee Gummy;Consideration;Aug-26;TikTok;Nano;wistaria prikasih;Family;https://vt.tiktok.com/ZSVakYkKD/;1.440;Rp833.333;142;170;15;15;6;2,50%;21,18%;11,81%;Rp4.901,96
HEALTH SUPPLEMENT;Vicee;Vicee Gummy;Consideration;Aug-26;TikTok;Micro;Deri liana;Family;https://vt.tiktok.com/ZSVDeKtKq/;13.600;Rp833.333;6.100;6.600;225;2;371;4,40%;9,06%;48,53%;Rp126,26
HEALTH SUPPLEMENT;Vicee;Vicee Gummy;Consideration;Aug-26;TikTok;Nano;Amalia Rosiana Putri;Family;https://vt.tiktok.com/ZSVxLp9uM/;5.948;Rp833.333;83;91;10;6;11;0,45%;29,67%;1,53%;Rp9.157,51
HEALTH SUPPLEMENT;Vicee;Vicee Gummy;Consideration;Aug-26;TikTok;Micro;Nimas Anggraini C;Family;https://vt.tiktok.com/ZSVu7ERwK/;17.600;Rp833.333;2.900;3.900;117;5;6;0,73%;3,28%;22,16%;Rp213,68
HEALTH SUPPLEMENT;Vicee;Vicee Gummy;Consideration;Aug-26;TikTok;Nano;Rifka Fathi Akbari;Family;https://vt.tiktok.com/ZSVaMmq9L/;1.135;Rp833.333;159;211;71;21;8;8,81%;47,39%;18,59%;Rp3.949,45
HEALTH SUPPLEMENT;Vicee;Vicee Gummy;Consideration;Aug-26;TikTok;Micro;Dita inriyani;Family;https://vt.tiktok.com/ZSV9cnF6r/;10.300;Rp833.333;27;33;4;0;3;0,07%;21,21%;0,32%;Rp25.252,52
HEALTH SUPPLEMENT;Vicee;Vicee Gummy;Consideration;Aug-26;TikTok;Nano;deliandita;Family;https://vt.tiktok.com/ZSV9RafUe/;5.486;Rp833.333;30;557;8;12;4;0,44%;4,31%;10,15%;Rp1.496,11
HEALTH SUPPLEMENT;Vicee;Vicee Gummy;Consideration;Aug-26;TikTok;Micro;Eva Dewi;Parenting;https://vt.tiktok.com/ZSVUa594c/;17.400;Rp833.333;5.700;6.000;38;26;54;0,68%;1,97%;34,48%;Rp138,89
HEALTH SUPPLEMENT;Vicee;Vicee Gummy;Consideration;Aug-26;TikTok;Micro;Nagina;Family;https://vt.tiktok.com/ZSVUybeLh/;21.000;Rp833.333;6.200;6.300;40;8;17;0,31%;1,03%;30,00%;Rp132,28
HEALTH SUPPLEMENT;Vicee;Vicee Gummy;Consideration;Aug-26;TikTok;Micro;Putri Riyanti;Family;https://vt.tiktok.com/ZSVfbp4xT/;11.900;Rp833.333;131;3.200;28;10;18;0,47%;1,75%;26,89%;Rp260,42
HEALTH SUPPLEMENT;Vicee;Vicee Gummy;Consideration;Aug-26;TikTok;Nano;Tri Ratna Ningtyas;Family;https://vt.tiktok.com/ZSV9A5wrn/;1.620;Rp833.333;486;648;72;14;23;6,73%;16,82%;40,00%;Rp1.286,01
HEALTH SUPPLEMENT;Vicee;Vicee Gummy;Consideration;Aug-26;TikTok;Nano;Erni Juningsih;Family;https://vt.tiktok.com/ZSVaNEhko/;8.150;Rp833.333;7.000;7.100;15;2;4;0,26%;0,30%;87,12%;Rp117,37
HEALTH SUPPLEMENT;Vicee;Vicee Gummy;Consideration;Aug-26;TikTok;Nano;Deuis fauziawati;Family;https://vt.tiktok.com/ZSVuoHp4L/;1.378;Rp833.333;86;114;5;0;3;0,58%;7,02%;8,27%;Rp7.309,94
HEALTH SUPPLEMENT;Vicee;Vicee Gummy;Consideration;Aug-26;TikTok;Micro;Della mutia sari;Family;https://vt.tiktok.com/ZSVfbD7CD/;10.600;Rp833.333;4.900;4.900;32;2;9;0,41%;0,88%;46,23%;Rp170,07
HEALTH SUPPLEMENT;Vicee;Vicee Gummy;Consideration;Aug-26;TikTok;Nano;Mitha Ismawanti;Parenting;https://vt.tiktok.com/ZSVH3ff99/;8.930;Rp833.333;123;318;2;2;6;0,11%;3,14%;3,56%;Rp2.620,54
HEALTH SUPPLEMENT;Vicee;Vicee Gummy;Consideration;Aug-26;TikTok;Micro;Lamtiur;Parenting;https://vt.tiktok.com/ZSVHYvL5Y/;22.500;Rp833.333;4.300;5.300;180;0;38;0,97%;4,11%;23,56%;Rp157,23
HEALTH SUPPLEMENT;Vicee;Vicee Gummy;Consideration;Aug-26;TikTok;Micro;Endah Lestari;Family;https://vt.tiktok.com/ZSV9CY73C/;19.100;Rp833.333;3.900;4.000;47;44;99;0,99%;4,75%;20,94%;Rp208,33
HEALTH SUPPLEMENT;Vicee;Vicee Gummy;Consideration;Aug-26;TikTok;Micro;Avila;Family;https://vt.tiktok.com/ZSVuGv1yb/;16.789;Rp833.333;59;69;17;12;4;0,20%;47,83%;0,41%;Rp12.077,29
HEALTH SUPPLEMENT;Vicee;Vicee Gummy;Consideration;Aug-26;TikTok;Macro;Ayu Putri Lestari;Family;https://vt.tiktok.com/ZSVxumju5/;105.000;Rp833.333;57;74;8;9;7;0,02%;32,43%;0,07%;Rp11.261,26
HEALTH SUPPLEMENT;Vicee;Vicee Gummy;Consideration;Aug-26;TikTok;Nano;Inayah Lutfiyah;Family;https://vt.tiktok.com/ZSV91mq6j/;1.200;Rp833.333;38;40;4;1;1;0,50%;15,00%;3,33%;Rp20.833,33
HEALTH SUPPLEMENT;Vicee;Vicee Gummy;Consideration;Aug-26;TikTok;Nano;Puspina nisti;Family;https://vt.tiktok.com/ZSVu7bSq5/;7.678;Rp833.333;61;78;26;25;4;0,72%;70,51%;1,02%;Rp10.683,76
HEALTH SUPPLEMENT;Vicee;Vicee Gummy;Consideration;Aug-26;TikTok;Micro;Agis;Family;https://vt.tiktok.com/ZSVuEHKut/;10.315;Rp833.333;5.500;7.100;15;0;6;0,20%;0,30%;68,83%;Rp117,37
HEALTH SUPPLEMENT;Vicee;Vicee Gummy;Consideration;Aug-26;TikTok;Nano;Elia Gustimona;Family;https://vt.tiktok.com/ZSVuvb7Uy/;2.445;Rp833.333;175;755;128;39;48;8,79%;28,48%;30,88%;Rp1.103,75
HEALTH SUPPLEMENT;Vicee;Vicee Gummy;Consideration;Aug-26;TikTok;Micro;winda yani;Parenting;https://vt.tiktok.com/ZSVaxL8tm/;10.100;Rp833.333;150;1.100;25;24;11;0,59%;5,45%;10,89%;Rp757,58
HEALTH SUPPLEMENT;Vicee;Vicee Gummy;Consideration;Aug-26;TikTok;Nano;Sarah Fauziah;Family;https://vt.tiktok.com/ZSV9Gq2PD/;4.220;Rp833.333;79;109;19;22;13;1,28%;49,54%;2,58%;Rp7.645,26
HEALTH SUPPLEMENT;Vicee;Vicee Gummy;Consideration;Aug-26;TikTok;Micro;Chintya Anesia;Family;https://vt.tiktok.com/ZSVuvSnco/;13.800;Rp833.333;6.900;8.900;66;10;11;0,63%;0,98%;64,49%;Rp93,63
HEALTH SUPPLEMENT;Vicee;Vicee Gummy;Consideration;Aug-26;TikTok;Nano;Mustika Anggraini;Family;https://vt.tiktok.com/ZSVU5BjfB/;2.498;Rp833.333;215;286;42;14;11;2,68%;23,43%;11,45%;Rp2.913,75
HEALTH SUPPLEMENT;Vicee;Vicee Gummy;Consideration;Aug-26;TikTok;Micro;Rosa dian pratama;Family;https://vt.tiktok.com/ZSVHN6p5E/;22.600;Rp833.333;6.500;6.900;19;6;9;0,15%;0,49%;30,53%;Rp120,77
HEALTH SUPPLEMENT;Vicee;Vicee Sweetlets;Consideration;Aug-26;TikTok;Nano;Fitriani;Lifestyle;https://vt.tiktok.com/ZSVaVoGta/;5.600;Rp723.333;23;33;6;2;2;0,18%;30,30%;0,59%;Rp21.919,18
HEALTH SUPPLEMENT;Vicee;Vicee Sweetlets;Consideration;Aug-26;TikTok;Nano;NURUL SAFNA;Lifestyle;https://vt.tiktok.com/ZSVSEeknq/;9.871;Rp723.333;48;38;5;0;4;0,09%;23,68%;0,38%;Rp19.035,08
HEALTH SUPPLEMENT;Vicee;Vicee Sweetlets;Consideration;Aug-26;TikTok;Nano;Devynissa;Lifestyle;https://vt.tiktok.com/ZSVSbTJtf/;1.620;Rp723.333;74;74;2;0;1;0,19%;4,05%;4,57%;Rp9.774,77
HEALTH SUPPLEMENT;Vicee;Vicee Sweetlets;Consideration;Aug-26;TikTok;Nano;Hana Rosa;Lifestyle;https://vt.tiktok.com/ZSVH8YLDc/;2.100;Rp723.333;6;25;8;0;3;0,52%;44,00%;1,19%;Rp28.933,32
HEALTH SUPPLEMENT;Vicee;Vicee Sweetlets;Consideration;Aug-26;TikTok;Nano;Suffi Bulan Rahmadhani;Lifestyle;https://vt.tiktok.com/ZSVDEKvKv/;2.576;Rp723.333;31;31;7;4;3;0,54%;45,16%;1,20%;Rp23.333,32
HEALTH SUPPLEMENT;Vicee;Vicee Sweetlets;Consideration;Aug-26;TikTok;Nano;Eva Elok;Lifestyle;https://vt.tiktok.com/ZSVxDrqCL/;3.080;Rp723.333;24;24;11;0;1;0,39%;50,00%;0,78%;Rp30.138,88
HEALTH SUPPLEMENT;Vicee;Vicee Sweetlets;Consideration;Aug-26;TikTok;Nano;shandi maulana;Lifestyle;https://vt.tiktok.com/ZSVH8HXoJ/;3.310;Rp723.333;85;65;13;0;8;0,63%;32,31%;1,96%;Rp11.128,20
HEALTH SUPPLEMENT;Vicee;Vicee Sweetlets;Consideration;Aug-26;TikTok;Nano;ninik triyas;Lifestyle;https://vt.tiktok.com/ZSV5ToNaR/;4.210;Rp723.333;182;52;17;0;1;0,43%;34,62%;1,24%;Rp13.910,25
HEALTH SUPPLEMENT;Vicee;Vicee Sweetlets;Consideration;Aug-26;TikTok;Nano;Nurjannah Anggun Permata;Lifestyle;https://vt.tiktok.com/ZSVDoFKYH/;6.250;Rp723.333;17;1;17;1;0;0,29%;1800,00%;0,02%;Rp723.333,00
HEALTH SUPPLEMENT;Vicee;Vicee Sweetlets;Consideration;Aug-26;TikTok;Micro;Siti Ayu Maysyahrani;Lifestyle;https://vt.tiktok.com/ZSVxTUyh5/;25.100;Rp723.333;10;4;3;0;2;0,02%;125,00%;0,02%;Rp180.833,25
HEALTH SUPPLEMENT;Vicee;Vicee Sweetlets;Consideration;Aug-26;TikTok;Nano;Yovintha Permata Ayu;Lifestyle;https://vt.tiktok.com/ZSVfqjyoa/;1.076;Rp723.333;97;59;20;3;1;2,23%;40,68%;5,48%;Rp12.259,88
HEALTH SUPPLEMENT;Vicee;Vicee Sweetlets;Consideration;Aug-26;TikTok;Nano;Anadya Ayuningtias;Lifestyle;https://vt.tiktok.com/ZSVxujtg9/;1.240;Rp723.333;238;94;6;0;0;0,48%;6,38%;7,58%;Rp7.695,03
HEALTH SUPPLEMENT;Vicee;Vicee Sweetlets;Consideration;Aug-26;TikTok;Nano;cindy adeth;Lifestyle;https://vt.tiktok.com/ZSV5oMnAA/;1.588;Rp723.333;138;94;18;1;3;1,39%;23,40%;5,92%;Rp7.695,03
HEALTH SUPPLEMENT;Vicee;Vicee Sweetlets;Consideration;Aug-26;TikTok;Nano;Suci cahyanti;Lifestyle;https://vt.tiktok.com/ZSV5nBN5b/;1.400;Rp723.333;39;19;9;0;10;1,36%;100,00%;1,36%;Rp38.070,16
HEALTH SUPPLEMENT;Vicee;Vicee Sweetlets;Consideration;Aug-26;TikTok;Micro;Tasia Dian Putri;Lifestyle;https://vt.tiktok.com/ZSVywRSEV/;10.500;Rp723.333;290;56;35;0;21;0,53%;100,00%;0,53%;Rp12.916,66
HEALTH SUPPLEMENT;Vicee;Vicee Sweetlets;Consideration;Aug-26;TikTok;Nano;Berlian Nurlaila Fadhilah;Lifestyle;https://vt.tiktok.com/ZS4xkLht4/;4.500;Rp723.333;3.900;3.924;9;1;0;0,22%;0,25%;87,20%;Rp184,34
HEALTH SUPPLEMENT;Vicee;Vicee Sweetlets;Consideration;Aug-26;TikTok;Nano;Galuh Elok S;Lifestyle;https://vt.tiktok.com/ZS45gNuhn/;5.318;Rp723.333;202;334;36;0;7;0,81%;12,87%;6,28%;Rp2.165,67
HEALTH SUPPLEMENT;Vicee;Vicee Sweetlets;Consideration;Aug-26;TikTok;Nano;Mulia Sari;Lifestyle;https://vt.tiktok.com/ZS4yxX5kd/;6.010;Rp723.333;4.400;4.700;157;84;144;6,41%;8,19%;78,20%;Rp153,90
HEALTH SUPPLEMENT;Vicee;Vicee Sweetlets;Consideration;Aug-26;TikTok;Nano;Anggi Putri;Lifestyle;https://vt.tiktok.com/ZS4AXUAP7/;8.100;Rp723.333;343;755;77;0;4;1,00%;10,73%;9,32%;Rp958,06
HEALTH SUPPLEMENT;Vicee;Vicee Sweetlets;Consideration;Aug-26;TikTok;Micro;Mutia;Lifestyle;https://vt.tiktok.com/ZS4mHfv9U/;10.221;Rp723.333;192;353;6;5;13;0,23%;6,80%;3,45%;Rp2.049,10
HEALTH SUPPLEMENT;Vicee;Vicee Sweetlets;Consideration;Aug-26;TikTok;Micro;Berlian Syahlatun C;Lifestyle;https://vt.tiktok.com/ZS45v7UHq/;10.998;Rp723.333;28;28;8;3;4;0,14%;53,57%;0,25%;Rp25.833,32
HEALTH SUPPLEMENT;Vicee;Vicee Sweetlets;Consideration;Aug-26;TikTok;Micro;olifvia;Lifestyle;https://vt.tiktok.com/ZS4VSkwgp/;11.100;Rp723.333;77;77;3;0;1;0,04%;5,19%;0,69%;Rp9.393,94
HEALTH SUPPLEMENT;Vicee;Vicee Sweetlets;Consideration;Aug-26;TikTok;Micro;arassila;Lifestyle;https://vt.tiktok.com/ZS4X5srCy/;12.100;Rp723.333;1.992;2.000;8;0;0;0,07%;0,40%;16,53%;Rp361,67
HEALTH SUPPLEMENT;Vicee;Vicee Sweetlets;Consideration;Aug-26;TikTok;Nano;cellonita farida putri;Lifestyle;https://vt.tiktok.com/ZS4mUeEKR/;4.700;Rp723.333;1.700;2.000;37;1;2;0,85%;2,00%;42,55%;Rp361,67
HEALTH SUPPLEMENT;Vicee;Vicee Sweetlets;Consideration;Aug-26;TikTok;Nano;viona agatha;Lifestyle;https://vt.tiktok.com/ZS4AKA7fS/;5.177;Rp723.333;165;588;16;3;11;0,58%;5,10%;11,36%;Rp1.230,16
HEALTH SUPPLEMENT;Vicee;Vicee Sweetlets;Consideration;Aug-26;TikTok;Nano;Jihan Nabila;Lifestyle;https://vt.tiktok.com/ZS4fY6pFo/;3.900;Rp723.333;252;321;7;0;7;0,36%;4,36%;8,23%;Rp2.253,37
HEALTH SUPPLEMENT;Vicee;Vicee Sweetlets;Consideration;Aug-26;TikTok;Nano;Mitha Paradina;Lifestyle;https://vt.tiktok.com/ZS456r44p/;2.930;Rp723.333;40;579;23;23;3;1,67%;8,46%;19,76%;Rp1.249,28
HEALTH SUPPLEMENT;Vicee;Vicee Sweetlets;Consideration;Aug-26;TikTok;Nano;Tasya Pramiswari;Lifestyle;https://vt.tiktok.com/ZS4fYWPtd/;4.004;Rp723.333;182;228;37;26;1;1,60%;28,07%;5,69%;Rp3.172,51
HEALTH SUPPLEMENT;Vicee;Vicee Sweetlets;Consideration;Aug-26;TikTok;Nano;vindy putra;Lifestyle;https://vt.tiktok.com/ZS4QBaJXY/;3.820;Rp723.333;233;270;20;0;23;1,13%;15,93%;7,07%;Rp2.679,01
HEALTH SUPPLEMENT;Vicee;Vicee Sweetlets;Consideration;Aug-26;TikTok;Micro;Zahira;Lifestyle;https://www.tiktok.com/@zahiraalaydrus9/video/7671179254062927125;10.400;Rp723.333;5.700;5.821;21;0;2;0,22%;0,40%;55,97%;Rp124,26
CC & HERBABLEND;Neozep;Neozep;Consideration;Jan-26;TikTok;Macro;saveera.o;Health;https://www.tiktok.com/@saveera.o/video/7575167175460162824;148.600;Rp5.000.000;4.718;7.863;155;6;9;0,11%;2,16%;5,29%;Rp635,89
CC & HERBABLEND;Neozep;Neozep;Consideration;Jan-26;TikTok;Micro;elyndd;Health;https://vt.tiktok.com/ZSf6vGtgf/;32.600;Rp2.000.000;449;749;29;1;25;0,17%;7,34%;2,30%;Rp2.670,23
CC & HERBABLEND;Neozep;Neozep;Consideration;Jan-26;TikTok;Micro;dokkcep;Health;https://www.tiktok.com/@dokkcep/video/7579230710939012373;25.500;Rp2.000.000;1.300;6.910;132;0;5;0,54%;1,98%;27,10%;Rp289,44
CC & HERBABLEND;Neozep;Neozep;Consideration;Jan-26;TikTok;Macro;rinaldinurofficial;Health;https://www.tiktok.com/@rinaldinurofficial/video/7582143662688161031?lang=en;722.300;Rp31.000.000;70.400;77.912;5.499;17;169;0,79%;7,30%;10,79%;Rp397,88
CC & HERBABLEND;Neozep;Neozep;Consideration;Jan-26;TikTok;Macro;_novilia;Health;https://vt.tiktok.com/ZSP6rkF8e/;506.900;Rp25.000.000;35.340;58.900;120;7;5;0,03%;0,22%;11,62%;Rp424,45
CC & HERBABLEND;Neozep;Neozep;Consideration;Jan-26;TikTok;Micro;dr.lonlim;Health;https://www.tiktok.com/@dr.lonlim/video/7583209864436927764;67.000;Rp5.000.000;6.180;10.300;178;3;22;0,30%;1,97%;15,37%;Rp485,44
CC & HERBABLEND;Neozep;Neozep;Consideration;Jan-26;TikTok;Macro;nafi_rizqi;Health;https://www.tiktok.com/@nafi_rizqi/video/7582845124850322709;108.400;Rp2.000.000;4.166;6.943;46;2;2;0,05%;0,72%;6,40%;Rp288,06
CC & HERBABLEND;Neozep;Neozep;Consideration;Jan-26;TikTok;Macro;dokterikadevisppd;Health;https://www.tiktok.com/@dokterikadevisppd/video/7587192330650701063;128.400;Rp5.000.000;5.001;8.335;225;7;69;0,23%;3,61%;6,49%;Rp599,88
CC & HERBABLEND;Neozep;Neozep;Consideration;Jan-26;TikTok;Micro;apotekerhack;Health;https://www.tiktok.com/@apotekerhack/video/7587397939903892744;34.000;Rp2.000.000;4.700;5.573;119;2;27;0,44%;2,66%;16,39%;Rp358,87
CC & HERBABLEND;Neozep;Neozep;Consideration;Jan-26;TikTok;Macro;susan.thian;Health;https://www.tiktok.com/@susan.thian/video/7589276128771050773;592.000;Rp17.000.000;4.400;44.034;83;3;3;0,02%;0,20%;7,44%;Rp386,07
CC & HERBABLEND;Neozep;Neozep;Consideration;Jan-26;TikTok;Macro;ceceapoteker;Health;https://www.tiktok.com/@ceceapoteker/video/7589506442051308808?_r=1&_t=ZS-92eGCIe2dLm;225.000;Rp2.000.000;831;10.539;24;1;6;0,01%;0,29%;4,68%;Rp189,77
CC & HERBABLEND;Neozep;Neozep;Consideration;Jan-26;TikTok;Micro;dr.nadd;Health;https://www.tiktok.com/@dr.nadd/video/7591118080097389831;15.000;Rp2.000.000;8.100;8.458;755;3;33;5,27%;9,35%;56,39%;Rp236,46
CC & HERBABLEND;Neozep;Neozep;Consideration;Jan-26;TikTok;Macro;nichosaputranugraha;Health;https://www.tiktok.com/@nichosaputranugraha/video/7592161889010928904;824.700;Rp23.000.000;15.000;82.180;2.838;14;22;0,35%;3,50%;9,96%;Rp279,87
CC & HERBABLEND;Neozep;Neozep;Consideration;Jan-26;TikTok;Micro;dr.iqbal17;Health;https://www.tiktok.com/@dr.iqbal17/video/7592188882804854037?_r=1&_t=ZS-92qJ45wfOlR;58.200;Rp2.000.000;714;6.126;45;9;19;0,13%;1,19%;10,53%;Rp326,48
CC & HERBABLEND;Neozep;Neozep;Consideration;Jan-26;TikTok;Macro;dr.sherren;Health;https://vt.tiktok.com/ZS59hNEEh/;167.700;Rp3.000.000;648;4.195;382;0;0;0,23%;9,11%;2,50%;Rp715,14
CC & HERBABLEND;Neozep;Neozep;Consideration;Jan-26;TikTok;Micro;apt.risnaperidone;Health;https://www.tiktok.com/@apt.risnaperidone/video/7593301308266892562?_r=1&_t=ZS-92vPOTOAJ2y;57.300;Rp5.000.000;5.900;7.554;168;0;26;0,34%;2,57%;13,18%;Rp661,90
CC & HERBABLEND;Neozep;Neozep;Consideration;Jan-26;TikTok;Micro;apt.sintaaprilianas;Health;https://www.tiktok.com/@apt.sintaaprilianas/video/7593189928046038279;40.000;Rp14.000.000;3.112;5.186;101;1;2;0,26%;2,01%;12,97%;Rp2.699,58
CC & HERBABLEND;Neozep;Neozep;Consideration;Jan-26;TikTok;Macro;dr.louisrianto;Health;https://www.tiktok.com/@dr.louisrianto/video/7601070197461519617;102.800;Rp5.000.000;11.340;18.900;31;5;2;0,04%;0,20%;18,39%;Rp264,55
CC & HERBABLEND;Neozep;Neozep;Consideration;Feb-26;TikTok;Macro;_ninitata_;Health;https://www.tiktok.com/@_ninitata_/video/7602171924847824135;102.000;Rp15.000.000;8.100;24.411;504;4;12;0,51%;2,13%;23,93%;Rp614,48
CC & HERBABLEND;Neozep;Neozep;Consideration;Feb-26;TikTok;Macro;itsdoktermuda;Health;https://www.tiktok.com/@itsdoktermuda/video/7612935938452229396;165.700;Rp8.000.000;27.800;33.768;496;6;21;0,32%;1,55%;20,38%;Rp236,91
CC & HERBABLEND;Neozep;Neozep;Consideration;Feb-26;TikTok;Mega;qonitcah;Health;https://vt.tiktok.com/ZSmUQ5LNB/;2.200.000;Rp19.000.000;38.800;43.488;330;8;10;0,02%;0,80%;1,98%;Rp436,90
CC & HERBABLEND;Neozep;Neozep;Consideration;Feb-26;TikTok;Macro;elainehanafi;Health;https://www.tiktok.com/@elainehanafi/video/7608496714000928021;375.400;Rp9.000.000;20.500;23.693;332;15;5;0,09%;1,49%;6,31%;Rp379,86
CC & HERBABLEND;Neozep;Neozep;Consideration;Feb-26;TikTok;Macro;dokter_atan;Health;https://www.tiktok.com/@dokter_atan/video/7610356742374952210;243.900;Rp5.000.000;32.200;36.908;1.812;18;19;0,76%;5,01%;15,13%;Rp135,47
CC & HERBABLEND;Neozep;Neozep;Consideration;Mar-26;TikTok;Micro;apt.ipul;Health;https://www.tiktok.com/@apt.ipul/video/7615168684092378388;10.800;Rp2.000.000;800;2.092;13;1;1;0,14%;0,72%;19,37%;Rp956,02
CC & HERBABLEND;Neozep;Neozep;Consideration;Mar-26;TikTok;Macro;dionharyadi;Health;https://www.tiktok.com/@dionharyadi/video/7621442850647018772?is_from_webapp=1&sender_device=pc&web_id=7350521985682490888;477.800;Rp15.000.000;24.200;52.111;1.400;71;144;0,34%;3,10%;10,91%;Rp287,85
CC & HERBABLEND;Neozep;Neozep;Consideration;Apr-26;TikTok;Micro;perfectfakee;Health;https://www.tiktok.com/@perfectfakee/video/7628522809936874773;70.100;Rp2.000.000;1.300;11.534;219;2;0;0,32%;1,92%;16,45%;Rp173,40
CC & HERBABLEND;Neozep;Neozep;Consideration;Apr-26;TikTok;Macro;masdoktel;Health;https://www.tiktok.com/@masdoktel/video/7628148428207361287;149.500;Rp6.000.000;6.749;11.249;166;2;10;0,12%;1,58%;7,52%;Rp533,38
CC & HERBABLEND;Neozep;Neozep;Consideration;Apr-26;TikTok;Macro;nursebono;Health;https://vt.tiktok.com/ZS9NUyjEP/;292.900;Rp5.000.000;9.793;16.321;47;3;0;0,02%;0,31%;5,57%;Rp306,35
CC & HERBABLEND;Neozep;Neozep;Consideration;May-26;TikTok;Macro;elis_nrhsnh13;Health;https://www.tiktok.com/@elis_nrhsnh13/video/7639293971008605447;162.600;Rp2.000.000;87.600;1.200.000;33;0;1;0,02%;0,00%;738,01%;Rp1,67
CC & HERBABLEND;Neozep;Neozep;Consideration;May-26;TikTok;Macro;benyrayen;Health;https://vt.tiktok.com/ZSxRFW1YM/;381.800;Rp2.000.000;26.209;43.682;1.751;76;67;0,50%;4,34%;11,44%;Rp45,79
CC & HERBABLEND;Neozep;Neozep;Consideration;May-26;TikTok;Micro;apt.elsagaotami;Health;https://vt.tiktok.com/ZSxPD6gSb/;11.100;Rp1.000.000;585;975;69;0;1;0,63%;7,18%;8,78%;Rp1.025,64
CC & HERBABLEND;Neozep;Neozep;Consideration;May-26;TikTok;Micro;nisawijayaa;Health;https://vt.tiktok.com/ZSxn7QEMr/;33.900;Rp2.000.000;19.682;32.803;1.916;59;36;5,93%;6,13%;96,76%;Rp60,97
CC & HERBABLEND;Neozep;Neozep;Consideration;Jun-26;TikTok;Micro;dr.fandanir;Health;https://vt.tiktok.com/ZSQMGBTCG/;50.700;Rp2.000.000;1.925;3.209;348;2;5;0,70%;11,06%;6,33%;Rp623,25
CC & HERBABLEND;Neozep;Neozep;Consideration;Jul-26;TikTok;Micro;aintyourlevel;Health;https://www.tiktok.com/@aintyourlevel/video/7657544993103449365;75.900;Rp2.500.000;9.895;16.492;51;1;0;0,07%;0,32%;21,73%;Rp151,59
CC & HERBABLEND;Decolgen;Decolgen In-Haler;Consideration;Jun-26;TikTok;Mega;Niky Putra;Comedy;https://www.tiktok.com/@nikyrputra/video/7655714466658553108;1.800.000;Rp71.600.000;108.900;133.700;9.695;94;633;0,58%;7,80%;7,43%;Rp535,53
CC & HERBABLEND;Decolgen;Decolgen In-Haler;Consideration;Jul-26;TikTok;Mega;Mario Caesar;Comedy;https://www.tiktok.com/@caesarmario/video/7655640629132807442?lang=en;1.200.000;Rp58.800.000;95.000;113.500;13.000;225;2.171;1,28%;13,56%;9,46%;Rp518,06
CC & HERBABLEND;Decolgen;Decolgen In-Haler;Consideration;Jul-26;TikTok;Micro;Fuddumps;Food & Beverage;https://www.tiktok.com/@fuddumps/video/7655686105790024980?q=Fuddumps&t=1782490208116;54.400;Rp4.000.000;32.100;33.800;510;3;10;0,96%;1,55%;62,13%;Rp118,34
CC & HERBABLEND;Decolgen;Decolgen In-Haler;Consideration;Jul-26;TikTok;Macro;Mysugarcoffee;Lifestyle;https://vt.tiktok.com/ZSCh5ctt4/;139.500;Rp6.000.000;3.900;8.032;215;3;46;0,19%;3,29%;5,76%;Rp747,01
CC & HERBABLEND;Decolgen;Decolgen In-Haler;Consideration;Jul-26;TikTok;Macro;Minggyuell;Lifestyle;https://vt.tiktok.com/ZSC6EGtLH/;260.500;Rp12.000.000;32.200;53.000;979;47;109;0,44%;2,14%;20,35%;Rp226,42
CC & HERBABLEND;Decolgen;Decolgen In-Haler;Consideration;Jul-26;TikTok;Macro;Haifasalwa;Lifestyle;https://vt.tiktok.com/ZSCvcK9Qd/;132.200;Rp6.000.000;29.700;29.900;130;14;34;0,13%;0,60%;22,62%;Rp200,67
CC & HERBABLEND;Decolgen;Decolgen In-Haler;Consideration;Jul-26;TikTok;Micro;Nareswari Tarisa;Lifestyle;https://www.tiktok.com/@kiriiana_/video/7659367848963312903;70.500;Rp8.000.000;43.900;62.500;5.321;120;99;7,86%;8,86%;88,65%;Rp128,00
CC & HERBABLEND;Decolgen;Decolgen In-Haler;Consideration;Jul-26;TikTok;Mega;Katanyadamkar;Comedy;https://www.tiktok.com/@katanyadamkar/video/7659657379994258696?_r=1&_t=ZS-97pJeYet8KL;1.300.000;Rp15.000.000;78.600;83.900;5.783;118;86;0,46%;7,14%;6,45%;Rp178,78
CC & HERBABLEND;Decolgen;Decolgen In-Haler;Consideration;Jul-26;Meta;Mega;Cretivox;Lifestyle;https://www.instagram.com/p/DaDF-GqkgZT/?igsh=Z3cxY3A2OHE2c29t;1.000.000;Rp63.000.000;244.128;525.093;11.000;41;93;1,11%;2,12%;52,51%;Rp119,98
CC & HERBABLEND;Decolgen;Decolgen In-Haler;Consideration;Jul-26;Meta;Mega;Jktinfo;Lifestyle;https://www.instagram.com/p/DaIY-Pvkz9Z/?img_index=1;3.900.000;Rp13.000.000;396.697;970.352;5.439;20;176;0,14%;0,58%;24,88%;Rp13,40
CC & HERBABLEND;Decolgen;Decolgen In-Haler;Consideration;Jul-26;Meta;Mega;Ohmeygatt;Lifestyle;https://www.instagram.com/p/DaFe-LHG1yr/?igsh=MTUzNXZwbHV6Mno1Zg==;2.000.000;Rp7.000.000;161.905;383.225;5.706;77;101;0,29%;1,54%;19,16%;Rp18,27
CC & HERBABLEND;Decolgen;Decolgen In-Haler;Consideration;Jul-26;Meta;Macro;Unikinfold;Lifestyle;https://www.instagram.com/p/DaFj3IgkoPI/?igsh=bWQyY29zOWFlc2g=;933.000;Rp7.000.000;65.962;131.815;1.248;2;7;0,13%;0,95%;14,13%;Rp53,10
CC & HERBABLEND;Decolgen;Decolgen In-Haler;Consideration;Jul-26;TikTok;Macro;Paulodibola;Sports;https://www.tiktok.com/@paulodibola/video/7664523599071448327?is_from_webapp=1;268.800;Rp9.000.000;1.200.000;1.200.000;31.000;143;670;11,84%;2,65%;446,43%;Rp7,50
CC & HERBABLEND;Decolgen;Decolgen In-Haler;Consideration;Jul-26;TikTok;Mega;Makanlurr;Food & Beverage;https://vt.tiktok.com/ZSCnJ9TXH/;1.800.000;Rp30.000.000;123.500;135.700;759;19;27;0,04%;0,59%;7,54%;Rp221,08
CC & HERBABLEND;Decolgen;Decolgen In-Haler;Consideration;Jul-26;TikTok;Macro;Gaby Saputra;Lifestyle;https://www.tiktok.com/@gabybsaputraa/video/7665597601932184839;249.400;Rp18.000.000;115.100;129.500;13.000;119;3.568;6,69%;12,89%;51,92%;Rp139,00
CC & HERBABLEND;Decolgen;Decolgen In-Haler;Consideration;Jul-26;TikTok;Mega;Katanyadamkar;Comedy;https://www.tiktok.com/@katanyadamkar/video/7659657379994258696?_r=1&_t=ZS-97pJeYet8KL;1.300.000;Rp15.000.000;78.600;83.900;5.783;118;86;0,46%;7,14%;6,45%;Rp178,78
CC & HERBABLEND;Decolgen;Decolgen In-Haler;Consideration;Jul-26;TikTok;Micro;Nareswari Tarisa;Lifestyle;https://www.tiktok.com/@kiriiana_/video/7659367848963312903;70.500;Rp8.000.000;43.900;62.500;5.321;120;99;7,86%;8,86%;88,65%;Rp128,00
CC & HERBABLEND;Decolgen;Decolgen In-Haler;Consideration;Jul-26;TikTok;Macro;Haifasalwa;Lifestyle;https://vt.tiktok.com/ZSCvcK9Qd/;132.200;Rp6.000.000;29.700;29.900;134;12;34;0,14%;0,60%;22,62%;Rp200,67
CC & HERBABLEND;Decolgen;Decolgen In-Haler;Consideration;Aug-26;TikTok;Macro;Femi Maringka;Comedy;https://www.tiktok.com/@femimaringka/video/7670100622435208455;111.000;Rp18.000.000;237.561;269.200;23.800;144;1.511;22,93%;9,46%;242,52%;Rp66,86
CC & HERBABLEND;Decolgen;Decolgen In-Haler;Consideration;Aug-26;TikTok;Micro;Shannie Tanaris;Lifestyle;https://www.tiktok.com/@shanntuyyy/video/7673375308757683463?is_from_webapp=1;23.200;Rp6.000.000;8.979;9.844;180;6;12;0,85%;2,01%;42,43%;Rp609,51
CC & HERBABLEND;Decolgen;Decolgen In-Haler;Consideration;Aug-26;TikTok;Macro;Mr. Deedee;Comedy;https://vt.tiktok.com/ZSV3GC7a5/;448.000;Rp21.000.000;136.837;154.200;8.357;65;816;2,06%;5,99%;34,42%;Rp136,19
CC & HERBABLEND;Decolgen;Decolgen In-Haler;Consideration;Aug-26;TikTok;Macro;Ade Tandra;Lifestyle;https://vt.tiktok.com/ZSVpwgbfu/;238.300;Rp3.000.000;308.751;350.800;37.200;102;3.063;16,94%;11,51%;147,21%;Rp8,55
CC & HERBABLEND;Decolgen;Decolgen In-Haler;Consideration;Aug-26;TikTok;Macro;Diganefr;Lifestyle;https://www.tiktok.com/@diganefr/video/7677225159308119314?_r=1&_t=ZS-997o0f7aPQr;276.500;Rp12.000.000;334.184;380.000;20.100;16;368;7,41%;5,39%;137,43%;Rp31,58
CC & HERBABLEND;Decolgen;Decolgen In-Haler;Consideration;Aug-26;TikTok;Macro;Wahyu Setiawan;Lifestyle;https://vt.tiktok.com/ZSVbg8HKp/;181.500;Rp23.000.000;90.890;102.000;656;11;42;0,39%;0,70%;56,20%;Rp225,49
CC & HERBABLEND;Decolgen;Decolgen In-Haler;Consideration;Aug-26;TikTok;Mega;Niky Putra;Comedy;https://www.tiktok.com/@nikyrputra/video/7676405018689539348?q=Niky%20putra&t=1787301327134;1.200.000;Rp61.600.000;87.713;98.400;4.470;74;267;0,40%;4,89%;8,20%;Rp626,02
CC & HERBABLEND;Decolgen;Decolgen In-Haler;Consideration;Aug-26;TikTok;Mega;Mario Caesar;Comedy;https://www.tiktok.com/@nikyrputra/video/7676405018689539348?q=Niky%20putra&t=1787301327134;1.800.000;Rp43.800.000;87.713;98.400;4.470;74;267;0,27%;4,89%;5,47%;Rp445,12
PHG;Imunped;Imunped;Consideration;Jan-26;Tiktok;Micro;Melysaha_;Family;https://vt.tiktok.com/ZSH2o6NL1/;13.200;Rp890.000;193;244;88;0;9;0,73%;39,75%;1,85%;Rp3.647,54
PHG;Imunped;Imunped;Consideration;Jan-26;Tiktok;Micro;asripadhilah;Family;https://vt.tiktok.com/ZSHjJe74U/;14.459;Rp890.000;2.700;3.242;311;55;54;2,90%;12,95%;22,42%;Rp274,52
PHG;Imunped;Imunped;Consideration;Jan-26;Tiktok;Micro;Nagi.shaq;Family;https://vt.tiktok.com/ZSHjJmL6w/;21.000;Rp890.000;2.400;2.482;123;14;9;0,70%;5,88%;11,82%;Rp358,58
PHG;Imunped;Imunped;Consideration;Jan-26;Tiktok;Micro;desyrtns;Family;https://vt.tiktok.com/ZSHjJdMVK/;16.900;Rp890.000;322;322;17;15;7;0,23%;12,11%;1,91%;Rp2.763,98
PHG;Imunped;Imunped;Consideration;Jan-26;Tiktok;Micro;ohohicaaa;Family;https://vt.tiktok.com/ZSHjJTqd1/;20.000;Rp890.000;2.100;2.187;146;0;1;0,74%;6,72%;10,94%;Rp406,95
PHG;Imunped;Imunped;Consideration;Jan-26;Tiktok;Micro;ditahandi_;Family;https://vt.tiktok.com/ZSHjJTkeU/;24.524;Rp890.000;12.300;12.587;274;29;36;1,38%;2,69%;51,33%;Rp70,71
PHG;Imunped;Imunped;Consideration;Jan-26;TikTok;Nano;Yamna_cutton;Family;https://vt.tiktok.com/ZSaastEWL/;9.200;Rp890.000;564;914;25;20;6;0,55%;5,58%;9,93%;Rp973,74
PHG;Imunped;Imunped;Consideration;Jan-26;TikTok;Nano;nindypramesty;Family;https://vt.tiktok.com/ZSaag8CFH/;1.467;Rp890.000;176;205;7;1;0;0,55%;3,90%;13,97%;Rp4.341,46
PHG;Imunped;Imunped;Consideration;Jan-26;TikTok;Nano;inizeby ;Family;https://vt.tiktok.com/ZSaa2erja/;6.200;Rp890.000;587;984;103;0;4;1,73%;10,87%;15,87%;Rp904,47
PHG;Imunped;Imunped;Consideration;Jan-26;TikTok;Nano;rarakayyisaaa;Family;https://vt.tiktok.com/ZSaatrYLs/;2.645;Rp890.000;1.362;1.200;69;52;5;4,76%;10,50%;45,37%;Rp741,67
PHG;Imunped;Imunped;Consideration;Jan-26;TikTok;Nano;rainbowruby1207;Family;https://vt.tiktok.com/ZSaavMq1Y/;5.701;Rp890.000;179;1.010;20;18;15;0,93%;5,25%;17,72%;Rp881,19
PHG;Imunped;Imunped;Consideration;Jan-26;Tiktok;Nano;najmahfariza;Family;https://vt.tiktok.com/ZSHj1cvtK/;7.627;Rp890.000;1.200;1.593;180;22;7;2,74%;13,12%;20,89%;Rp558,69
PHG;Imunped;Imunped;Consideration;Jan-26;Tiktok;Nano;maoliddaauliya_;Family;https://vt.tiktok.com/ZSHjeBHoY/;1.600;Rp890.000;600;600;36;5;4;2,81%;7,50%;37,50%;Rp1.483,33
PHG;Imunped;Imunped;Consideration;Jan-26;Tiktok;Micro;hany.purwadinata;Family;https://vt.tiktok.com/ZSHj1rwH6/;10.581;Rp890.000;644;914;24;16;15;0,52%;6,02%;8,64%;Rp973,74
PHG;Imunped;Imunped;Consideration;Jan-26;Tiktok;Micro;putrihpsari406;Family;https://vt.tiktok.com/ZSHj1VA1a/;13.600;Rp890.000;4.600;5.011;187;57;85;2,42%;6,57%;36,85%;Rp177,61
PHG;Imunped;Imunped;Consideration;Jan-26;Tiktok;Micro;wensf_;Family;https://vt.tiktok.com/ZSHjdbcpm/;34.300;Rp890.000;49.904;49.904;267;51;1.073;4,06%;2,79%;145,49%;Rp17,83
PHG;Imunped;Imunped;Consideration;Jan-26;TikTok;Nano;Mamaazzelalma ;Family;https://vt.tiktok.com/ZSauS184N/;1.193;Rp890.000;247;564;56;27;9;7,71%;16,31%;47,28%;Rp1.578,01
PHG;Imunped;Imunped;Consideration;Jan-26;Tiktok;Nano;hanyee210;Family;https://vt.tiktok.com/ZSHjJ89U1/;3.332;Rp890.000;220;151;69;24;2;2,85%;62,91%;4,53%;Rp5.894,04
PHG;Imunped;Imunped;Consideration;Jan-26;Tiktok;Nano;riiapra;Family;https://vt.tiktok.com/ZSHjdagao/;1.651;Rp890.000;708;1.061;21;24;30;4,54%;7,07%;64,26%;Rp838,83
PHG;Imunped;Imunped;Consideration;Jan-26;TikTok;Nano;rinismar23;Family;https://vt.tiktok.com/ZSaHLc1fc/;4.850;Rp890.000;354;589;74;30;5;2,25%;18,51%;12,14%;Rp1.511,04
PHG;Imunped;Imunped;Consideration;Jan-26;TikTok;Nano;Ykmlsr;Family;https://vt.tiktok.com/ZSau85CFU/;6.670;Rp890.000;478;772;115;0;;1,72%;14,90%;11,57%;Rp1.152,85
PHG;Imunped;Imunped;Consideration;Jan-26;Tiktok;Micro;mylosaurs;Family;https://vt.tiktok.com/ZSHjREuSa/;11.450;Rp890.000;636;1.560;158;1;3;1,41%;10,38%;13,62%;Rp570,51
PHG;Imunped;Imunped;Consideration;Jan-26;Tiktok;Nano;ummahaliyareview;Family;https://vt.tiktok.com/ZSHjdshd4/;3.000;Rp890.000;268;269;9;0;0;0,30%;3,35%;8,97%;Rp3.308,55
PHG;Imunped;Imunped;Consideration;Jan-26;Tiktok;Nano;lionelandlexiano;Family;https://vt.tiktok.com/ZSHjRagKv/;3.355;Rp890.000;4.003;4.753;235;84;58;11,24%;7,93%;141,67%;Rp187,25
PHG;Imunped;Imunped;Consideration;Jan-26;Tiktok;Micro;houseof_zya;Family;https://tiktok.com/@houseof_zya;21.600;Rp890.000;226;382;13;5;27;0,21%;11,78%;1,77%;Rp2.329,84
PHG;Imunped;Imunped;Consideration;Jan-26;Tiktok;Micro;meighayudyhs;Family;https://vt.tiktok.com/ZSHjLRAQy/;22.000;Rp890.000;196;3.452;45;33;3;0,37%;2,35%;15,69%;Rp257,82
PHG;Imunped;Imunped;Consideration;Jan-26;Tiktok;Micro;erinaalf;Family;https://vt.tiktok.com/ZSHj2rr5E/;10.800;Rp890.000;4.251;8.282;53;33;27;1,05%;1,36%;76,69%;Rp107,46
PHG;Imunped;Imunped;Consideration;Jan-26;Tiktok;Micro;andiratnam;Family;https://vt.tiktok.com/ZSHMSxDJf/;12.600;Rp890.000;6.600;7.072;398;27;45;3,73%;6,65%;56,13%;Rp125,85
PHG;Imunped;Imunped;Consideration;Jan-26;Tiktok;Micro;Rikariaf;Family;https://vt.tiktok.com/ZSHMDJJoA/;28.000;Rp890.000;1.300;2.364;171;64;4;0,85%;10,11%;8,44%;Rp376,48
PHG;Imunped;Imunped;Consideration;Jan-26;Tiktok;Micro;dwpuspitaaa;Family;https://www.tiktok.com/@dwpuspitaaa/video/7602597810755751188?is_from_webapp=1&sender_device=pc&web_id=7615843255053207060;12.500;Rp890.000;269;269;3;0;0;0,02%;1,12%;2,15%;Rp3.308,55
PHG;Imunped;Imunped;Consideration;Jan-26;Tiktok;Nano;yimaah ;Family;https://vt.tiktok.com/ZSHjdKyL6/;1.800;Rp890.000;2.500;2.834;141;25;6;9,56%;6,07%;157,44%;Rp314,04
PHG;Imunped;Imunped;Consideration;Jan-26;Tiktok;Nano;shellaanura;Family;https://vt.tiktok.com/ZSHjjLqMe/;1.699;Rp890.000;257;257;86;12;7;6,18%;40,86%;15,13%;Rp3.463,04
PHG;Imunped;Imunped;Consideration;Jan-26;Tiktok;Micro;fitriqueen.official;Family;https://vt.tiktok.com/ZSHje3Sr6/;24.000;Rp890.000;4.000;4.674;1.438;28;32;6,24%;32,05%;19,48%;Rp190,42
PHG;Imunped;Imunped;Consideration;Jan-26;Tiktok;Micro;utamirestya;Family;https://vt.tiktok.com/ZSHjRUqdA/;13.100;Rp890.000;2.900;4.074;174;14;6;1,48%;4,76%;31,10%;Rp218,46
PHG;Imunped;Imunped;Consideration;Jan-26;Tiktok;Micro;Ririsvinaa;Family;https://vt.tiktok.com/ZSHjNY54K/;20.300;Rp890.000;2.100;2.441;104;1;6;0,55%;4,55%;12,02%;Rp364,60
PHG;Imunped;Imunped;Consideration;Jan-26;Tiktok;Micro;endahlestari84;Family;https://vt.tiktok.com/ZSHjNgbJm/;18.800;Rp890.000;1.700;1.835;120;60;20;1,06%;10,90%;9,76%;Rp485,01
PHG;Imunped;Imunped;Consideration;Jan-26;Tiktok;Micro;Radenajengagustina;Family;https://www.tiktok.com/@radenajengagustina/video/7602299584106515720?is_from_webapp=1&sender_device=pc;14.800;Rp890.000;7.379;7.379;331;22;24;2,55%;5,11%;49,86%;Rp120,61
PHG;Imunped;Imunped;Consideration;Jan-26;Tiktok;Nano;diahnitab;Family;https://vt.tiktok.com/ZSHjRaa7E/;4.000;Rp890.000;3.200;3.241;224;48;19;7,28%;8,98%;81,03%;Rp274,61
PHG;Imunped;Imunped;Consideration;Jan-26;Tiktok;Nano;adeliadavillaz;Family;https://vt.tiktok.com/ZSHjR2oeX/;9.300;Rp890.000;1.500;1.902;70;6;16;0,99%;4,84%;20,45%;Rp467,93
PHG;Imunped;Imunped;Consideration;Jan-26;Tiktok;Nano;nanalutfiana7;Family;https://vt.tiktok.com/ZSHjF6QVj/;8.200;Rp890.000;2.300;3.269;218;63;75;4,34%;10,89%;39,87%;Rp272,25
PHG;Imunped;Imunped;Consideration;Feb-26;Tiktok;Micro;kamisatuatap;Family;https://vt.tiktok.com/ZSHjRCNBu/;23.000;Rp890.000;3.800;4.400;78;8;2;0,38%;2,00%;19,13%;Rp202,27
PHG;Imunped;Imunped;Consideration;Feb-26;Tiktok;Micro;pratiwidya_;Family;https://vt.tiktok.com/ZSHj8LMVe/;15.000;Rp890.000;3.500;3.807;228;29;4;1,74%;6,86%;25,38%;Rp233,78
PHG;Imunped;Imunped;Consideration;Feb-26;Tiktok;Micro;rizkapridhita ;Family;https://vt.tiktok.com/ZSHjLmuHY/;15.800;Rp890.000;100;188;3;0;0;0,02%;1,60%;1,19%;Rp4.734,04
PHG;Imunped;Imunped;Consideration;Feb-26;Tiktok;Micro;msvivie91;Family;https://vt.tiktok.com/ZSHjYrKYg/;16.000;Rp890.000;290;485;107;79;3;1,18%;38,97%;3,03%;Rp1.835,05
PHG;Imunped;Imunped;Consideration;Feb-26;Tiktok;Micro;Deasiyah19;Family;https://vt.tiktok.com/ZSHjYEqfj/;13.377;Rp890.000;3.193;3.193;12;0;1;0,10%;0,41%;23,87%;Rp278,73
PHG;Imunped;Imunped;Consideration;Feb-26;Tiktok;Nano;Tarioktaviia;Family;https://vt.tiktok.com/ZSHjjw6br/;5.212;Rp890.000;149;237;40;4;7;0,98%;21,52%;4,55%;Rp3.755,27
PHG;Imunped;Imunped;Consideration;Feb-26;Tiktok;Nano;hobibangetbelanja;Family;https://vt.tiktok.com/ZSHMA5eRJ/;2.089;Rp890.000;509;754;81;38;26;6,94%;19,23%;36,09%;Rp1.180,37
PHG;Imunped;Imunped;Consideration;Feb-26;Tiktok;Nano;Nadia_8816;Family;https://vt.tiktok.com/ZSHMf2BKA/;9.000;Rp890.000;49;68;30;18;4;0,58%;76,47%;0,76%;Rp13.088,24
PHG;Imunped;Imunped;Consideration;Feb-26;Tiktok;Nano;Siscazh;Family;https://www.tiktok.com/@siscazh/video/7602584465642245396?is_from_webapp=1&sender_device=pc;2.150;Rp890.000;13.700;13.700;119;27;79;10,47%;1,64%;637,21%;Rp64,96
PHG;Imunped;Imunped;Consideration;Feb-26;Tiktok;Nano;Jevlyn.Xavenna;Family;https://www.tiktok.com/@jevlyn.xaverina/video/7602107557070523669?is_from_webapp=1&sender_device=pc;7.562;Rp890.000;11.500;11.500;424;5;16;5,88%;3,87%;152,08%;Rp77,39
PHG;Imunped;Imunped;Consideration;Feb-26;Tiktok;Micro;megacempaka;Family;https://vt.tiktok.com/ZSHjUjbfc/;16.200;Rp890.000;412;624;54;43;5;0,63%;16,35%;3,85%;Rp1.426,28
PHG;Imunped;Imunped;Consideration;Feb-26;Tiktok;Micro;bschristy ;Family;https://vt.tiktok.com/ZSHjV3HY3/;17.400;Rp890.000;1.100;2.524;2.524;18;8;14,66%;101,03%;14,51%;Rp352,61
PHG;Imunped;Imunped;Consideration;Feb-26;Tiktok;Micro;ratih_putri0;Family;https://vt.tiktok.com/ZSHjbmb7y/;12.600;Rp890.000;10.400;12.510;192;15;12;1,74%;1,75%;99,29%;Rp71,14
PHG;Imunped;Imunped;Consideration;Feb-26;Tiktok;Micro;Betariasonata;Family;https://vt.tiktok.com/ZSHjEDS67/;10.500;Rp890.000;2.146;2.146;115;32;2;1,42%;6,94%;20,44%;Rp414,73
PHG;Imunped;Imunped;Consideration;Feb-26;Tiktok;Micro;Nadinastyan;Family;https://vt.tiktok.com/ZSH6abh4E/;21.900;Rp890.000;31.400;33.251;324;10;56;1,78%;1,17%;151,83%;Rp26,77
PHG;Imunped;Imunped;Consideration;Feb-26;Tiktok;Micro;gwynamira ;Family;https://vt.tiktok.com/ZSH6HQeqS/;15.600;Rp890.000;5.700;5.846;661;1;3;4,26%;11,38%;37,47%;Rp152,24
PHG;Imunped;Imunped;Consideration;Feb-26;Tiktok;Micro;ajengoctadira;Family;https://vt.tiktok.com/ZSH6q1Qpj/;10.000;Rp890.000;2.073;2.073;84;19;4;1,07%;5,16%;20,73%;Rp429,33
PHG;Imunped;Imunped;Consideration;Feb-26;Tiktok;Micro;dinacheira;Family;https://vt.tiktok.com/ZSHjdVeWb/;13.000;Rp890.000;88;1.447;17;14;7;0,29%;2,63%;11,13%;Rp615,07
PHG;Imunped;Imunped;Consideration;Feb-26;Tiktok;Micro;keluargapokcoy ;Family;https://vt.tiktok.com/ZSH675kdW/;12.500;Rp890.000;327;2.800;130;0;1;1,05%;4,68%;22,40%;Rp317,86
PHG;Imunped;Imunped;Consideration;Feb-26;Tiktok;Micro;nilalalamatsu92;Family;https://vt.tiktok.com/ZSH63YPpN/;14.400;Rp890.000;2.500;3.297;185;37;11;1,62%;7,07%;22,90%;Rp269,94
PHG;Imunped;Imunped;Consideration;Feb-26;Tiktok;Micro;khalasunny;Family;https://vt.tiktok.com/ZSHMPDP9N/;12.000;Rp890.000;892;1.112;140;39;7;1,55%;16,73%;9,27%;Rp800,36
PHG;Imunped;Imunped;Consideration;Feb-26;Tiktok;Micro;Hanarey30;Family;https://vt.tiktok.com/ZSHMamy1w/;13.100;Rp890.000;632;708;13;6;4;0,18%;3,25%;5,40%;Rp1.257,06
PHG;Imunped;Imunped;Consideration;Feb-26;Tiktok;Nano;wenilaa;Family;https://vt.tiktok.com/ZSHjA5cEn/;6.780;Rp890.000;434;434;85;16;7;1,59%;24,88%;6,40%;Rp2.050,69
PHG;Imunped;Imunped;Consideration;Feb-26;Tiktok;Nano;nadaaginanda;Family;https://vt.tiktok.com/ZSHjA3Ugd/;1.152;Rp890.000;181;262;11;8;10;2,52%;11,07%;22,74%;Rp3.396,95
PHG;Imunped;Imunped;Consideration;Feb-26;Tiktok;Nano;Junelzharikha;Family;https://vt.tiktok.com/ZSHj2oH2U/;2.324;Rp890.000;140;512;115;7;5;5,46%;24,80%;22,03%;Rp1.738,28
PHG;Imunped;Imunped;Consideration;Feb-26;Tiktok;Nano;wirahanumy;Family;https://vt.tiktok.com/ZSHjfoGA3/;1.143;Rp890.000;224;337;7;8;5;1,75%;5,93%;29,48%;Rp2.640,95
PHG;Imunped;Imunped;Consideration;Feb-26;Tiktok;Nano;annisanurami;Family;https://vt.tiktok.com/ZSH6fybeS/;3.545;Rp890.000;3.500;3.723;159;0;63;6,26%;5,96%;105,02%;Rp239,05
PHG;Imunped;Imunped;Consideration;Feb-26;Tiktok;Nano;Santiayuarizki2;Family;https://vt.tiktok.com/ZSH6bkjJv/;1.539;Rp890.000;218;289;10;3;3;1,04%;5,54%;18,78%;Rp3.079,58
PHG;Imunped;Imunped;Consideration;Feb-26;Tiktok;Nano;maryve903;Family;https://www.tiktok.com/@maryve903;4.900;Rp890.000;193;371;8;1;2;0,22%;2,96%;7,57%;Rp2.398,92
PHG;Imunped;Imunped;Consideration;Feb-26;Tiktok;Nano;Maegiyaa;Family;https://vt.tiktok.com/ZSHAy4tv7/;3.229;Rp890.000;2.160;2.223;134;2;1;4,24%;6,16%;68,84%;Rp400,36
PHG;Imunped;Imunped;Consideration;Feb-26;Tiktok;Micro;nellyharahap25_;Family;https://vt.tiktok.com/ZSH6EDjxF/;23.500;Rp890.000;12.000;12.352;185;33;25;1,03%;1,97%;52,56%;Rp72,05
PHG;Imunped;Imunped;Consideration;Feb-26;Tiktok;Micro;ramigabut00;Family;https://vt.tiktok.com/ZSHMFf91Q/;13.000;Rp890.000;262;1.645;120;14;0;1,03%;8,15%;12,65%;Rp541,03
PHG;Imunped;Imunped;Consideration;Feb-26;Tiktok;Nano;valentindian;Family;https://vt.tiktok.com/ZSHM11nv6/;5.300;Rp890.000;2.300;2.512;113;1;2;2,19%;4,62%;47,40%;Rp354,30
PHG;Imunped;Imunped;Consideration;Feb-26;TikTok;Nano;naniarf;Family;https://vt.tiktok.com/ZSm5y1jXK/;2.990;Rp890.000;407;833;64;19;20;3,44%;12,36%;27,86%;Rp1.068,43
PHG;Imunped;Imunped;Consideration;Feb-26;TikTok;Nano;momcha27;Family;https://vt.tiktok.com/ZSm5Uj16J/;1.351;Rp890.000;479;905;21;13;26;4,44%;6,63%;66,99%;Rp983,43
PHG;Imunped;Imunped;Consideration;Feb-26;TikTok;Nano;nfsyabani;Family;https://vt.tiktok.com/ZSm56o94N/;2.480;Rp890.000;372;654;147;6;23;7,10%;26,91%;26,37%;Rp1.360,86
PHG;Imunped;Imunped;Consideration;Feb-26;TikTok;Micro;zennita95;Family;https://vt.tiktok.com/ZSmCYj1HJ/;10.900;Rp890.000;162;1.042;23;15;15;0,49%;5,09%;9,56%;Rp854,13
PHG;Imunped;Imunped;Consideration;Feb-26;TikTok;Nano;melvianaamandaa;Family;https://vt.tiktok.com/ZSmCL6ehv/;1.650;Rp890.000;554;759;33;22;8;3,82%;8,30%;46,00%;Rp1.172,60
PHG;Imunped;Imunped;Consideration;Feb-26;TikTok;Macro;Lia_aranku;Family;https://vt.tiktok.com/ZSmXB3PMU/;115.900;Rp890.000;6.300;7.600;371;24;1;0,34%;5,21%;6,56%;Rp117,11
PHG;Imunped;Imunped;Consideration;Feb-26;TikTok;Micro;Liakartini99;Family;https://vt.tiktok.com/ZSmVxVtfu/;13.100;Rp890.000;164;861;33;30;4;0,51%;7,78%;6,57%;Rp1.033,68
PHG;Imunped;Imunped;Consideration;Feb-26;TikTok;Micro;niniknikninik;Family;https://vt.tiktok.com/ZSmXkek9p/;13.000;Rp890.000;2.100;3.100;99;44;6;1,15%;4,81%;23,85%;Rp287,10
PHG;Imunped;Imunped;Consideration;Feb-26;TikTok;Micro;baby_zyana;Family;https://vt.tiktok.com/ZSmCTPv1s/;11.300;Rp890.000;375;678;27;20;23;0,62%;10,32%;6,00%;Rp1.312,68
PHG;Imunped;Imunped;Consideration;Feb-26;TikTok;Micro;tengku_ulya;Family;https://vt.tiktok.com/ZSmCc4Bpd/;11.600;Rp890.000;530;811;35;17;2;0,47%;6,66%;6,99%;Rp1.097,41
PHG;Imunped;Imunped;Consideration;Feb-26;TikTok;Nano;Erstekleinodia51;Family;https://vt.tiktok.com/ZSmCGbTQr/;6.215;Rp890.000;725;829;65;16;38;1,91%;14,35%;13,34%;Rp1.073,58
PHG;Imunped;Imunped;Consideration;Feb-26;TikTok;Nano;ismayanti1584;Family;https://vt.tiktok.com/ZSmCp7bfM/;5.286;Rp890.000;159;251;10;0;0;0,19%;3,98%;4,75%;Rp3.545,82
PHG;Imunped;Imunped;Consideration;Feb-26;TikTok;Nano;imanasditta;Family;https://vt.tiktok.com/ZSmqY8wV6/;2.638;Rp890.000;378;562;75;20;9;3,94%;18,51%;21,30%;Rp1.583,63
PHG;Imunped;Imunped;Consideration;Feb-26;TikTok;Micro;Istiqomahga ;Family;https://vt.tiktok.com/ZSmVLpXF6/;14.800;Rp890.000;2.300;7.206;82;21;20;0,83%;1,71%;48,69%;Rp123,51
PHG;Imunped;Imunped;Consideration;Feb-26;TikTok;Micro;ivaradew;Family;https://vt.tiktok.com/ZSmqSjGkq/;10.700;Rp890.000;49;1.362;2;0;5;0,07%;0,51%;12,73%;Rp653,45
PHG;Imunped;Imunped;Consideration;Feb-26;TikTok;Nano;glazellacurry;Family; https://vt.tiktok.com/ZSmVSxyCQ/;4.338;Rp890.000;3.000;3.267;50;0;1;1,18%;1,56%;75,31%;Rp272,42
PHG;Imunped;Imunped;Consideration;Feb-26;TikTok;Nano;gnandriani ;Family;https://vt.tiktok.com/ZSm4TKMcR/;2.537;Rp890.000;277;560;213;69;18;11,82%;53,57%;22,07%;Rp1.589,29
PHG;Imunped;Imunped;Consideration;Feb-26;TikTok;Nano;lukiwidianita3;Family;https://vt.tiktok.com/ZSmgMqkPS/;2.993;Rp890.000;68;116;4;0;1;0,17%;4,31%;3,88%;Rp7.672,41
PHG;Imunped;Imunped;Consideration;Feb-26;TikTok;Nano;nfillhazzar;Family;https://vt.tiktok.com/ZSmqnFJaN/;5.488;Rp890.000;71;135;2;0;1;0,05%;2,22%;2,46%;Rp6.592,59
PHG;Imunped;Imunped;Consideration;Feb-26;TikTok;Micro;nov_gws;Family;https://vt.tiktok.com/ZSmpRopvU/;16.300;Rp890.000;181;266;21;17;12;0,31%;18,80%;1,63%;Rp3.345,86
PHG;Imunped;Imunped;Consideration;Feb-26;TikTok;Nano;momarsyad.yusuf;Family;https://vt.tiktok.com/ZSmgXyNjN/;3.900;Rp890.000;463;1.280;113;5;7;3,21%;9,77%;32,82%;Rp695,31
PHG;Imunped;Imunped;Consideration;Feb-26;TikTok;Nano;Aliaamira;Family;https://vt.tiktok.com/ZSmgDtP42/;2.000;Rp890.000;90;95;9;8;0;0,85%;17,89%;4,75%;Rp9.368,42
PHG;Imunped;Imunped;Consideration;Feb-26;TikTok;Nano;Irlinnads;Family;https://vt.tiktok.com/ZSmg5GYJE/;2.645;Rp890.000;195;394;43;18;6;2,53%;17,01%;14,90%;Rp2.258,88
PHG;Imunped;Imunped;Consideration;Feb-26;TikTok;Nano;honeylemonmanis;Family;https://vt.tiktok.com/ZSmGRq2su/;1.181;Rp890.000;184;280;1;0;1;0,17%;0,71%;23,71%;Rp3.178,57
PHG;Imunped;Imunped;Consideration;Feb-26;TikTok;Nano;ayyrahomee;Family;https://vt.tiktok.com/ZSmGFtEqV/;2.810;Rp890.000;398;643;16;0;0;0,57%;2,49%;22,88%;Rp1.384,14
PHG;Imunped;Imunped;Consideration;Feb-26;TikTok;Micro;amighonee;Family;https://vt.tiktok.com/ZSmswSQkF/;16.100;Rp890.000;2.100;2.295;107;10;69;1,16%;8,10%;14,25%;Rp387,80
PHG;Imunped;Imunped;Consideration;Feb-26;TikTok;Micro;tanita24_;Family;https://vt.tiktok.com/ZSmsw8Ydu/;12.600;Rp890.000;530;845;160;36;1;1,56%;23,31%;6,71%;Rp1.053,25
PHG;Imunped;Imunped;Consideration;Feb-26;TikTok;Micro;Ratih.diningsih;Family;https://vt.tiktok.com/ZSmsUcs7w/;10.600;Rp890.000;952;1.213;51;5;16;0,68%;5,94%;11,44%;Rp733,72
PHG;Imunped;Imunped;Consideration;Feb-26;TikTok;Micro;Riskisafira27;Family;https://vt.tiktok.com/ZSmGJmh3X/;22.300;Rp890.000;1.100;1.632;390;23;9;1,89%;25,86%;7,32%;Rp545,34
PHG;Imunped;Imunped;Consideration;Feb-26;TikTok;Nano;indaharsita4;Family;https://vt.tiktok.com/ZSmGdv7HW/;1.886;Rp890.000;149;149;9;3;1;0,69%;8,72%;7,90%;Rp5.973,15
PHG;Imunped;Imunped;Consideration;Feb-26;TikTok;Nano;r.candranurmalita;Family;https://vt.tiktok.com/ZSmsWHmKw/;2.700;Rp890.000;270;293;12;0;0;0,44%;4,10%;10,85%;Rp3.037,54
PHG;Imunped;Imunped;Consideration;Feb-26;TikTok;Nano;mardhamae_;Family;https://vt.tiktok.com/ZSmsgrJyh/;1.721;Rp890.000;90;131;57;21;2;4,65%;61,07%;7,61%;Rp6.793,89
PHG;Imunped;Imunped;Consideration;Feb-26;TikTok;Nano;Tanisha294;Family;https://vt.tiktok.com/ZSmGNCT1Y/;3.500;Rp890.000;142;255;30;25;12;1,91%;26,27%;7,29%;Rp3.490,20
PHG;Imunped;Imunped;Consideration;Feb-26;TikTok;Nano;naura_faeyza;Family;https://vt.tiktok.com/ZSmsKN5pq/;3.145;Rp890.000;111;2.369;423;36;225;21,75%;28,87%;75,33%;Rp375,69
PHG;Imunped;Imunped;Consideration;Feb-26;TikTok;Nano;momshireen_;Family;https://vt.tiktok.com/ZSmG8pgU5/;9.780;Rp890.000;41;52;2;0;0;0,02%;3,85%;0,53%;Rp17.115,38
PHG;Imunped;Imunped;Consideration;Feb-26;TikTok;Micro;Vellaping;Family;https://vt.tiktok.com/ZSmtK7ttD/;15.600;Rp890.000;38;71;1;0;0;0,01%;1,41%;0,46%;Rp12.535,21
PHG;Imunped;Imunped;Consideration;Feb-26;TikTok;Micro;Zavierammaralfatih ;Family;https://vt.tiktok.com/ZSmnxyPY3/;15.000;Rp890.000;164;246;256;0;95;2,34%;142,68%;1,64%;Rp3.617,89
PHG;Imunped;Imunped;Consideration;Feb-26;TikTok;Nano;aziellaa0 ;Family;https://vt.tiktok.com/ZSmnD5nSq/;1.125;Rp890.000;152;152;31;0;0;2,76%;20,39%;13,51%;Rp5.855,26
PHG;Imunped;Imunped;Consideration;Feb-26;TikTok;Nano;Wulansarii135;Family;https://vt.tiktok.com/ZSmnPvxAu/;5.424;Rp890.000;160;280;4;0;1;0,09%;1,79%;5,16%;Rp3.178,57
PHG;Imunped;Imunped;Consideration;Feb-26;TikTok;Micro;mimah.hanan;Family;https://vt.tiktok.com/ZSmnD7jVW/;12.500;Rp890.000;122;186;96;0;3;0,79%;53,23%;1,49%;Rp4.784,95
PHG;Imunped;Imunped;Consideration;Feb-26;TikTok;Micro;coraimawiwellsaka ;Family;https://vt.tiktok.com/ZSmWj2Fe5/;10.600;Rp890.000;177;246;30;25;9;0,60%;26,02%;2,32%;Rp3.617,89
PHG;Imunped;Imunped;Consideration;Feb-26;TikTok;Micro;Innereview;Family;https://vt.tiktok.com/ZSmWygGGB/;34.000;Rp890.000;161;303;21;21;11;0,16%;17,49%;0,89%;Rp2.937,29
PHG;Imunped;Imunped;Consideration;Feb-26;TikTok;Micro;aayuanjani9;Family;https://vt.tiktok.com/ZSmWMXLtt/;15.717;Rp890.000;1.800;2.447;99;2;0;0,64%;4,13%;15,57%;Rp363,71
PHG;Imunped;Imunped;Consideration;Feb-26;TikTok;Micro;Murnidwikartika8;Family;https://vt.tiktok.com/ZSmnc5bQc/;45.979;Rp890.000;1.077;1.077;24;33;34;0,20%;8,45%;2,34%;Rp826,37
PHG;Imunped;Imunped;Consideration;Feb-26;TikTok;Micro;nagi.shaq;Family;https://vt.tiktok.com/ZSmWjcjXy/;21.000;Rp890.000;1.700;2.125;91;18;17;0,60%;5,93%;10,12%;Rp418,82
PHG;Imunped;Imunped;Consideration;Feb-26;TikTok;Micro;Mvhiee_23;Family;https://vt.tiktok.com/ZSmtpMS5b/;10.809;Rp890.000;64;110;4;1;1;0,06%;5,45%;1,02%;Rp8.090,91
PHG;Imunped;Imunped;Consideration;Feb-26;TikTok;Micro;Pelitanadya ;Family;https://vt.tiktok.com/ZSmWksAaU/;18.592;Rp890.000;383;565;19;0;5;0,13%;4,25%;3,04%;Rp1.575,22
PHG;Imunped;Imunped;Consideration;Feb-26;TikTok;Micro;pujihidayatimahendra;Family;https://vt.tiktok.com/ZSmnaK2Su/;17.000;Rp890.000;8.300;12.676;438;13;12;2,72%;3,65%;74,56%;Rp70,21
PHG;Imunped;Imunped;Consideration;Feb-26;TikTok;Nano;diodanregan;Family;https://vt.tiktok.com/ZSmnX4CYU/;2.550;Rp890.000;78;147;6;0;0;0,24%;4,08%;5,76%;Rp6.054,42
PHG;Imunped;Imunped;Consideration;Feb-26;TikTok;Nano;diahayupp_ ;Family;https://vt.tiktok.com/ZSmWjJN2X/;4.100;Rp890.000;92;151;26;16;24;1,61%;43,71%;3,68%;Rp5.894,04
PHG;Imunped;Imunped;Consideration;Feb-26;TikTok;Nano;ci_lan;Family;https://vt.tiktok.com/ZSmWy8seL/;7.600;Rp890.000;202;307;21;16;7;0,58%;14,33%;4,04%;Rp2.899,02
PHG;Imunped;Imunped;Consideration;Feb-26;TikTok;Nano;geeyza06;Family;https://vt.tiktok.com/ZSmncDDft/;6.725;Rp890.000;315;526;14;0;0;0,21%;2,66%;7,82%;Rp1.692,02
PHG;Imunped;Imunped;Consideration;Feb-26;TikTok;Nano;rindraprameswari;Family;https://vt.tiktok.com/ZSmW2GPYJ/;2.013;Rp890.000;163;224;71;1;1;3,63%;32,59%;11,13%;Rp3.973,21
PHG;Imunped;Imunped;Consideration;Feb-26;TikTok;Nano;novinurfardiyawati;Family;https://vt.tiktok.com/ZSmnPoWjx/;7.000;Rp890.000;728;1.425;540;58;51;9,27%;45,54%;20,36%;Rp624,56
PHG;Imunped;Imunped;Consideration;Feb-26;TikTok;Nano;sabiilarahma ;Family;https://vt.tiktok.com/ZSmnXAWvh/;5.713;Rp890.000;60;82;12;0;0;0,21%;14,63%;1,44%;Rp10.853,66
PHG;Imunped;Imunped;Consideration;Feb-26;TikTok;Nano;Asvarsene;Family;https://vt.tiktok.com/ZSm7aBshg/;1.337;Rp890.000;81;81;5;10;8;1,72%;28,40%;6,06%;Rp10.987,65
PHG;Imunped;Imunped;Consideration;Feb-26;TikTok;Nano;Alesha.zahiira;Family;https://vt.tiktok.com/ZSmnjWbxR/;3.950;Rp890.000;191;572;13;0;1;0,35%;2,45%;14,48%;Rp1.555,94
PHG;Imunped;Imunped;Consideration;Feb-26;TikTok;Nano;suciaulia;Family;https://vt.tiktok.com/ZSmn2Ek4B/;1.390;Rp890.000;3.100;3.652;74;29;24;9,14%;3,48%;262,73%;Rp243,70
PHG;Imunped;Imunped;Consideration;Mar-26;TikTok;Micro;debbyledianaa ;Family;https://vt.tiktok.com/ZSuJdGQTw/;31.300;Rp890.000;2.662;2.662;9;0;2;0,04%;0,41%;8,50%;Rp334,34
PHG;Imunped;Imunped;Consideration;Mar-26;TikTok;Micro;Praditaindah22;Family;https://vt.tiktok.com/ZSm74xckd/;29.800;Rp890.000;202;202;13;12;13;0,13%;18,81%;0,68%;Rp4.405,94
PHG;Imunped;Imunped;Consideration;Mar-26;TikTok;Micro;Mommydita2;Family;https://vt.tiktok.com/ZSmvGmdcu/;10.500;Rp890.000;171;213;73;17;4;0,90%;44,13%;2,03%;Rp4.178,40
PHG;Imunped;Imunped;Consideration;Mar-26;TikTok;Nano;sishannt;Family;https://vt.tiktok.com/ZSujjsCVw/;1.183;Rp890.000;35;85;6;2;4;1,01%;14,12%;7,19%;Rp10.470,59
PHG;Imunped;Imunped;Consideration;Mar-26;TikTok;Nano;adeinespurba;Family;https://vt.tiktok.com/ZSujeQWhn/;1.829;Rp890.000;149;267;2;0;1;0,16%;1,12%;14,60%;Rp3.333,33
PHG;Imunped;Imunped;Consideration;Mar-26;TikTok;Micro;adellia_aura;Family;https://vt.tiktok.com/ZSujREsKB/;10.500;Rp890.000;1.000;1.355;128;24;22;1,66%;12,84%;12,90%;Rp656,83
PHG;Imunped;Imunped;Consideration;Mar-26;TikTok;Micro;lisadestrianiii;Family;https://vt.tiktok.com/ZSuj2Eqf9/;14.000;Rp890.000;2.100;2.298;105;0;1;0,76%;4,61%;16,41%;Rp387,29
PHG;Imunped;Imunped;Consideration;Mar-26;TikTok;Nano;addindamp;Family;https://vt.tiktok.com/ZSujhpPcg/;1.500;Rp890.000;82;128;5;0;1;0,40%;4,69%;8,53%;Rp6.953,13
PHG;Imunped;Imunped;Consideration;Mar-26;TikTok;Nano;Arsyilasenjahumaira;Family;https://vt.tiktok.com/ZSujuNukP/;2.510;Rp890.000;259;308;8;2;23;1,31%;10,71%;12,27%;Rp2.889,61
PHG;Imunped;Imunped;Consideration;Mar-26;TikTok;Nano;mamaduosa;Family;https://vt.tiktok.com/ZSu6hDgQC/;1.511;Rp890.000;416;2.029;161;0;4;10,92%;8,13%;134,28%;Rp438,64
PHG;Imunped;Imunped;Consideration;Mar-26;TikTok;Nano;Istrimutasi;Family;https://vt.tiktok.com/ZSujMdCF5/;1.600;Rp890.000;105;146;6;1;1;0,50%;5,48%;9,13%;Rp6.095,89
PHG;Imunped;Imunped;Consideration;Mar-26;TikTok;Nano;Kellydwy;Family;https://vt.tiktok.com/ZSurwy4w5/;2.311;Rp890.000;93;1.261;301;0;0;13,02%;23,87%;54,57%;Rp705,79
PHG;Imunped;Imunped;Consideration;Mar-26;TikTok;Micro;Agnezkristi;Family;https://vt.tiktok.com/ZSur8rXF9/;12.000;Rp890.000;1.500;1.747;52;2;0;0,45%;3,09%;14,56%;Rp509,44
PHG;Imunped;Imunped;Consideration;Mar-26;TikTok;Micro;elvirafrn;Family;https://vt.tiktok.com/ZSurHpLH5/;13.220;Rp890.000;2.800;2.823;85;0;1;0,65%;3,05%;21,35%;Rp315,27
PHG;Imunped;Imunped;Consideration;Mar-26;TikTok;Micro;bundazkastha;Family;https://vt.tiktok.com/ZSuh2Jdm8/;12.000;Rp890.000;1.500;4.210;421;23;4;3,73%;10,64%;35,08%;Rp211,40
PHG;Imunped;Imunped;Consideration;Mar-26;TikTok;Micro;Nessaandson;Family;https://vt.tiktok.com/ZSurtxv3X/;11.500;Rp890.000;199;382;3;2;1;0,05%;1,57%;3,32%;Rp2.329,84
PHG;Imunped;Imunped;Consideration;Mar-26;TikTok;Micro;reviewbypinkan;Family;https://vt.tiktok.com/ZSur2A22U/;16.300;Rp890.000;1.500;1.923;97;5;12;0,70%;5,93%;11,80%;Rp462,82
PHG;Imunped;Imunped;Consideration;Mar-26;TikTok;Nano;husnul.mursyeed;Family;https://vt.tiktok.com/ZSuhNEKRp/;3.800;Rp890.000;159;293;6;2;14;0,58%;7,51%;7,71%;Rp3.037,54
PHG;Imunped;Imunped;Consideration;Mar-26;TikTok;Nano;mamayay91;Family;https://vt.tiktok.com/ZSurLNmWo/;1.242;Rp890.000;194;194;34;23;64;9,74%;62,37%;15,62%;Rp4.587,63
PHG;Imunped;Imunped;Consideration;Mar-26;TikTok;Nano;Myccoo;Family;https://vt.tiktok.com/ZSuBBWYU6/;1.700;Rp890.000;300;300;10;0;0;0,59%;3,33%;17,65%;Rp2.966,67
PHG;Imunped;Imunped;Consideration;Mar-26;TikTok;Micro;ayuanggunleo;Family;https://vt.tiktok.com/ZSuBemUrV/;24.900;Rp890.000;1.500;1.858;67;12;5;0,34%;4,52%;7,46%;Rp479,01
PHG;Imunped;Imunped;Consideration;Mar-26;TikTok;Nano;Sakhies_;Family;https://vt.tiktok.com/ZSuk7qQnB/;1.280;Rp890.000;79;147;3;0;1;0,31%;2,72%;11,48%;Rp6.054,42
PHG;Imunped;Imunped;Consideration;Mar-26;TikTok;Nano;rsdnft ;Family;https://vt.tiktok.com/ZSukg2f9c/;9.998;Rp890.000;75;127;4;0;1;0,05%;3,94%;1,27%;Rp7.007,87
PHG;Imunped;Imunped;Consideration;Mar-26;TikTok;Nano;Rinaph18;Family;https://vt.tiktok.com/ZSuBaEKoU/;1.200;Rp890.000;2.000;2.104;2;0;0;0,17%;0,10%;175,33%;Rp423,00
PHG;Imunped;Imunped;Consideration;Mar-26;TikTok;Nano;Malamilimilu;Family;https://vt.tiktok.com/ZSuC9qS2W/;1.008;Rp890.000;116;196;2;0;1;0,30%;1,53%;19,44%;Rp4.540,82
PHG;Imunped;Imunped;Consideration;Mar-26;TikTok;Nano;aksarabuna;Family;https://vt.tiktok.com/ZSuD5EQkT/;1.580;Rp890.000;165;350;5;0;0;0,32%;1,43%;22,15%;Rp2.542,86
PHG;Imunped;Imunped;Consideration;Mar-26;TikTok;Nano;sprinkleofrainn ;Family;https://vt.tiktok.com/ZSuDLeVfS/;1.100;Rp890.000;40;75;3;0;0;0,27%;4,00%;6,82%;Rp11.866,67
PHG;Imunped;Imunped;Consideration;Mar-26;TikTok;Nano;bambilbul;Family;https://vt.tiktok.com/ZSuAPxoDm/;1.320;Rp890.000;93;819;5;4;2;0,83%;1,34%;62,05%;Rp1.086,69
PHG;Imunped;Imunped;Consideration;Mar-26;TikTok;Nano;amihnyakyara;Family;https://vt.tiktok.com/ZSmXTAtYj/;5.800;Rp890.000;214;443;103;0;1;1,79%;23,48%;7,64%;Rp2.009,03
PHG;Imunped;Imunped;Consideration;Mar-26;TikTok;Nano;babyhana_2;Family;https://vt.tiktok.com/ZSuS8tdsT/;1.033;Rp890.000;90;143;2;1;0;0,29%;2,10%;13,84%;Rp6.223,78
PHG;Imunped;Imunped;Consideration;Mar-26;TikTok;Micro;ikapujip;Family;https://vt.tiktok.com/ZSuBu1Lsp/;12.700;Rp890.000;123;202;10;8;12;0,24%;14,85%;1,59%;Rp4.405,94
PHG;Imunped;Imunped;Consideration;Mar-26;TikTok;Micro;vnkrsn_;Family;https://vt.tiktok.com/ZSuBKJARU/;11.000;Rp890.000;1.300;1.509;178;25;23;2,05%;14,98%;13,72%;Rp589,79
PHG;Imunped;Imunped;Consideration;Mar-26;TikTok;Micro;keenanxabirrugavinsky ;Family;https://vt.tiktok.com/ZSuBQTwx8/;21.900;Rp890.000;483;566;45;0;0;0,21%;7,95%;2,58%;Rp1.572,44
PHG;Imunped;Imunped;Consideration;Mar-26;TikTok;Nano;deeeeeph;Family;https://vt.tiktok.com/ZSuBV4Gqp/;4.923;Rp890.000;87;150;4;0;0;0,08%;2,67%;3,05%;Rp5.933,33
PHG;Imunped;Imunped;Consideration;Mar-26;TikTok;Nano;zeaaa_channel;Family;https://vt.tiktok.com/ZSuBgVgL9/;1.713;Rp890.000;77;111;18;7;14;2,28%;35,14%;6,48%;Rp8.018,02
PHG;Imunped;Imunped;Consideration;Mar-26;TikTok;Nano;ristammm;Family;https://vt.tiktok.com/ZSuBcqvBD/;1.254;Rp890.000;93;150;10;2;0;0,96%;8,00%;11,96%;Rp5.933,33
PHG;Imunped;Imunped;Consideration;Mar-26;TikTok;Micro;raqueenza__;Family;https://vt.tiktok.com/ZSuD1aNwx/;13.700;Rp890.000;283;1.497;206;67;2;2,01%;18,37%;10,93%;Rp594,52
PHG;Imunped;Imunped;Consideration;Mar-26;TikTok;Micro;arlinirliana;Family;https://vt.tiktok.com/ZSuALsUTU/;11.700;Rp890.000;120;156;95;8;3;0,91%;67,95%;1,33%;Rp5.705,13
PHG;Imunped;Imunped;Consideration;Mar-26;TikTok;Nano;siringbersama;Family;https://vt.tiktok.com/ZSuSoGuYJ/;1.966;Rp890.000;42;100;8;6;15;1,48%;29,00%;5,09%;Rp8.900,00
PHG;Imunped;Imunped;Consideration;Mar-26;TikTok;Nano;Bubuexa;Family;https://vt.tiktok.com/ZSuAbgqse/;1.486;Rp890.000;104;368;9;3;1;0,87%;3,53%;24,76%;Rp2.418,48
PHG;Imunped;Imunped;Consideration;Mar-26;TikTok;Nano;myprincess_aleena;Family;https://vt.tiktok.com/ZSuAk7LQF/;5.098;Rp890.000;198;298;15;0;4;0,37%;6,38%;5,85%;Rp2.986,58
PHG;Imunped;Imunped;Consideration;Mar-26;TikTok;Nano;akuaissss ;Family;https://vt.tiktok.com/ZSuAbFRp2/;1.848;Rp890.000;85;131;14;20;3;2,00%;28,24%;7,09%;Rp6.793,89
PHG;Imunped;Imunped;Consideration;Mar-26;TikTok;Nano;ibuukshaka;Family;https://vt.tiktok.com/ZSuuYXXw8/;1.160;Rp890.000;409;495;21;0;1;1,90%;4,44%;42,67%;Rp1.797,98
PHG;Imunped;Imunped;Consideration;Mar-26;TikTok;Nano;si.fika;Family;https://vt.tiktok.com/ZSuA14GSy/;2.700;Rp890.000;166;2.025;134;0;0;4,96%;6,62%;75,00%;Rp439,51
PHG;Imunped;Imunped;Consideration;Mar-26;TikTok;Micro;Farahadeliapuspita ;Family;https://vt.tiktok.com/ZSuUaG1gg/;10.400;Rp890.000;63;1.177;146;27;6;1,72%;15,21%;11,32%;Rp756,16
PHG;Imunped;Imunped;Consideration;Mar-26;TikTok;Micro;al_fazzaaquafishshop;Family;https://vt.tiktok.com/ZSuyN1Ko1/;11.300;Rp890.000;131;1.778;128;6;287;3,73%;23,68%;15,73%;Rp500,56
PHG;Imunped;Imunped;Consideration;Mar-26;TikTok;Nano;Umima.daily;Family;https://vt.tiktok.com/ZSuyrFC5B/;1.586;Rp890.000;101;187;6;1;0;0,44%;3,74%;11,79%;Rp4.759,36
PHG;Imunped;Imunped;Consideration;Mar-26;TikTok;Nano;widhariw;Family;https://vt.tiktok.com/ZSufrUrNh/;3.120;Rp890.000;3.700;4.027;131;0;0;4,20%;3,25%;129,07%;Rp221,01
PHG;Imunped;Imunped;Consideration;Mar-26;TikTok;Nano;octa.scrunchymom@gmail.com;Family;https://vt.tiktok.com/ZSuym4u7V/;9.090;Rp890.000;256;352;4;3;2;0,10%;2,56%;3,87%;Rp2.528,41
PHG;Imunped;Imunped;Consideration;Mar-26;TikTok;Nano;Rantyka.dl;Family;https://vt.tiktok.com/ZSuyLwvgh/;1.020;Rp890.000;78;171;19;11;3;3,24%;19,30%;16,76%;Rp5.204,68
PHG;Imunped;Imunped;Consideration;Mar-26;TikTok;Nano;rulma.family;Family;https://vt.tiktok.com/ZSuUwJoww/;2.503;Rp890.000;69;135;14;10;14;1,52%;28,15%;5,39%;Rp6.592,59
PHG;Imunped;Imunped;Consideration;Mar-26;TikTok;Nano;merlitadesliani26;Family;https://vt.tiktok.com/ZSuyWhrVP/;2.580;Rp890.000;3.500;4.014;164;20;18;7,83%;5,03%;155,58%;Rp221,72
PHG;Imunped;Imunped;Consideration;Mar-26;TikTok;Micro;Una2201 ;Family;https://vt.tiktok.com/ZSuPBt6DH/;10.400;Rp890.000;48;75;2;0;1;0,03%;4,00%;0,72%;Rp11.866,67
PHG;Imunped;Imunped;Consideration;Mar-26;TikTok;Micro;justmeandme_12;Family;https://vt.tiktok.com/ZSufghrkv/;11.500;Rp890.000;31;843;22;0;4;0,23%;3,08%;7,33%;Rp1.055,75
PHG;Imunped;Imunped;Consideration;Mar-26;TikTok;Micro;hudAfia;Family;https://vt.tiktok.com/ZSuPgCXNW/;11.300;Rp890.000;100;196;3;0;1;0,04%;2,04%;1,73%;Rp4.540,82
PHG;Imunped;Imunped;Consideration;Mar-26;TikTok;Micro;auditialintang;Family;https://vt.tiktok.com/ZSu5p5wKq/;11.200;Rp890.000;675;806;47;1;6;0,48%;6,70%;7,20%;Rp1.104,22
PHG;Imunped;Imunped;Consideration;Mar-26;TikTok;Nano;Zaralubis_;Family;https://vt.tiktok.com/ZSuf3FDwL/;1.670;Rp890.000;42;115;3;0;0;0,18%;2,61%;6,89%;Rp7.739,13
PHG;Imunped;Imunped;Consideration;Mar-26;TikTok;Nano;vindaerryana;Family;https://vt.tiktok.com/ZSu5pH77F/;1.000;Rp890.000;1.000;1.553;26;28;2;5,60%;3,61%;155,30%;Rp573,08
PHG;Imunped;Imunped;Consideration;Mar-26;TikTok;Nano;Sittynurhalimah ;Family;https://vt.tiktok.com/ZSuPd5Mcr/;2.980;Rp890.000;509;1.015;15;10;3;0,94%;2,76%;34,06%;Rp876,85
PHG;Imunped;Imunped;Consideration;Mar-26;TikTok;Nano;Genta1803;Family;https://vt.tiktok.com/ZSu5rVGKg/;5.335;Rp890.000;57;95;1;0;0;0,02%;1,05%;1,78%;Rp9.368,42
PHG;Imunped;Imunped;Consideration;Mar-26;TikTok;Micro;Uswah1806;Family;https://vt.tiktok.com/ZSuavm6Gu/;15.000;Rp890.000;1.100;2.127;93;1;4;0,65%;4,61%;14,18%;Rp418,43
PHG;Imunped;Imunped;Consideration;Mar-26;TikTok;Micro;Rumahrania;Family;https://vt.tiktok.com/ZSuaf42hD/;12.556;Rp890.000;27;75;26;26;25;0,61%;102,67%;0,60%;Rp11.866,67
PHG;Imunped;Imunped;Consideration;Mar-26;TikTok;Nano;retnoismii;Family;https://vt.tiktok.com/ZSumWLhpN/;3.245;Rp890.000;89;203;12;5;14;0,96%;15,27%;6,26%;Rp4.384,24
PHG;Imunped;Imunped;Consideration;Mar-26;TikTok;Nano;Nina.aljufri;Family;https://vt.tiktok.com/ZSuatsMSf/ ;1.126;Rp890.000;78;192;9;0;2;0,98%;5,73%;17,05%;Rp4.635,42
PHG;Imunped;Imunped;Consideration;Mar-26;TikTok;Nano;Mamijihanee;Family;https://vt.tiktok.com/ZSumK7avq/;1.711;Rp890.000;407;704;12;0;1;0,76%;1,85%;41,15%;Rp1.264,20
PHG;Imunped;Imunped;Consideration;Mar-26;TikTok;Nano;aanggikka;Family;https://vt.tiktok.com/ZSuaqjugK/;5.857;Rp890.000;139;400;17;9;5;0,53%;7,75%;6,83%;Rp2.225,00
PHG;Imunped;Imunped;Consideration;Mar-26;TikTok;Nano;chr_tiness;Family;https://vt.tiktok.com/ZSuaXCPDQ/;4.166;Rp890.000;1.600;2.756;376;27;7;9,84%;14,88%;66,15%;Rp322,93
PHG;Imunped;Imunped;Consideration;Mar-26;TikTok;Nano;anotherthalia;Family;https://vt.tiktok.com/ZSumoxt4q/;6.948;Rp890.000;1.900;5.748;237;2;11;3,60%;4,35%;82,73%;Rp154,84
PHG;Imunped;Imunped;Consideration;Mar-26;TikTok;Micro;Sicicisipit;Family;https://vt.tiktok.com/ZSuHobJJT/;12.300;Rp890.000;61;91;4;2;1;0,06%;7,69%;0,74%;Rp9.780,22
PHG;Imunped;Imunped;Consideration;Mar-26;TikTok;Micro;Hai.av;Family;https://vt.tiktok.com/ZSuH4KoR1/;22.700;Rp890.000;158;490;67;52;1;0,53%;24,49%;2,16%;Rp1.816,33
PHG;Imunped;Imunped;Consideration;Mar-26;TikTok;Micro;mamauciiiw ;Family;https://vt.tiktok.com/ZSu9yN5r8/;20.400;Rp890.000;111;207;3;0;0;0,01%;1,45%;1,01%;Rp4.299,52
PHG;Imunped;Imunped;Consideration;Mar-26;TikTok;Micro;Siscsmalinda;Family;https://vt.tiktok.com/ZSuHyUrWD/;12.588;Rp890.000;1.900;4.341;164;0;0;1,30%;3,78%;34,49%;Rp205,02
PHG;Imunped;Imunped;Consideration;Mar-26;TikTok;Micro;shindycantikaa_;Family;https://vt.tiktok.com/ZSu9Ra4Ss/;30.900;Rp890.000;51;120;15;24;4;0,14%;35,83%;0,39%;Rp7.416,67
PHG;Imunped;Imunped;Consideration;Mar-26;TikTok;Micro;obrienups;Family;https://vt.tiktok.com/ZSuH3bE8p/;31.800;Rp890.000;3.400;4.725;616;11;4;1,98%;13,35%;14,86%;Rp188,36
PHG;Imunped;Imunped;Consideration;Mar-26;TikTok;Micro;Huningprastiwi ;Family;https://vt.tiktok.com/ZSuHt2QWQ/;20.000;Rp890.000;345;424;87;25;7;0,60%;28,07%;2,12%;Rp2.099,06
PHG;Imunped;Imunped;Consideration;Mar-26;TikTok;Micro;Diary.irma ;Family;https://vt.tiktok.com/ZSuHSMT32/;14.800;Rp890.000;36;5.720;500;0;0;3,38%;8,74%;38,65%;Rp155,59
PHG;Imunped;Imunped;Consideration;Mar-26;TikTok;Nano;rumayshaa21;Family;https://vt.tiktok.com/ZSuH78aSm/;5.132;Rp890.000;123;236;2;0;0;0,04%;0,85%;4,60%;Rp3.771,19
PHG;Imunped;Imunped;Consideration;Mar-26;TikTok;Nano;Bukanreview_;Family;https://vt.tiktok.com/ZSu9Lmk7h/;5.600;Rp890.000;313;769;6;0;0;0,11%;0,78%;13,73%;Rp1.157,35
PHG;Imunped;Imunped;Consideration;Mar-26;TikTok;Nano;Afiniynabilala;Family;https://vt.tiktok.com/ZSuHYMgtG/;5.100;Rp890.000;71;131;2;0;0;0,04%;1,53%;2,57%;Rp6.793,89
PHG;Imunped;Imunped;Consideration;Mar-26;TikTok;Nano;ayoomega;Family;https://vt.tiktok.com/ZSuHhHKCR/;9.600;Rp890.000;150;1.409;186;55;9;2,60%;17,74%;14,68%;Rp631,65
PHG;Imunped;Imunped;Consideration;Mar-26;TikTok;Nano;ibunyasabdajelita;Family;https://vt.tiktok.com/ZSuHKLtD9/;1.000;Rp890.000;147;214;23;4;19;4,60%;21,50%;21,40%;Rp4.158,88
PHG;Imunped;Imunped;Consideration;Mar-26;TikTok;Nano;mayatriastuti06;Family;https://vt.tiktok.com/ZSuHmPyE3/;4.480;Rp890.000;161;259;8;4;7;0,42%;7,34%;5,78%;Rp3.436,29
PHG;Imunped;Imunped;Consideration;Feb-26;TikTok;Nano;inipinadeh;Family;https://vt.tiktok.com/ZSmfsohtU/;3.800;Rp890.000;653;1.054;98;28;8;3,53%;12,71%;27,74%;Rp844,40
PHG;Imunped;Imunped;Consideration;Feb-26;TikTok;Nano;ldytm;Family;https://vt.tiktok.com/ZSmf7c2s6/;5.751;Rp890.000;366;636;28;9;6;0,75%;6,76%;11,06%;Rp1.399,37
PHG;Imunped;Imunped;Consideration;Mar-26;TikTok;Nano;Wdy.yanti;Family;https://vt.tiktok.com/ZSuqyGtjJ/;6.155;Rp890.000;48;2.176;135;1;2;2,24%;6,34%;35,35%;Rp409,01
PHG;Imunped;Imunped;Consideration;Feb-26;TikTok;Micro;sellaarjuna_;Family;https://vt.tiktok.com/ZSmxoJqX5/;12.500;Rp890.000;489;1.103;425;329;172;7,41%;83,95%;8,82%;Rp806,89
PHG;Imunped;Imunped;Consideration;Feb-26;TikTok;Micro;putrinavyy;Family;https://vt.tiktok.com/ZSmxcprfK/;13.000;Rp890.000;120;1.577;129;21;127;2,13%;17,56%;12,13%;Rp564,36
PHG;Imunped;Imunped;Consideration;Feb-26;TikTok;Micro;Fitria.rachmawatiii;Family;https://vt.tiktok.com/ZSmQ8PSbb/;16.000;Rp890.000;146;5.387;437;10;100;3,42%;10,15%;33,67%;Rp165,21
PHG;Imunped;Imunped;Consideration;Feb-26;TikTok;Micro;havika_rizhan;Family;https://vt.tiktok.com/ZSmxTWqvn/;13.800;Rp890.000;201;306;84;74;31;1,37%;61,76%;2,22%;Rp2.908,50
PHG;Imunped;Imunped;Consideration;Feb-26;TikTok;Micro;irncamila;Family;https://vt.tiktok.com/ZSmQMdM14/;15.100;Rp890.000;153;2.732;68;21;19;0,72%;3,95%;18,09%;Rp325,77
PHG;Imunped;Imunped;Consideration;Feb-26;TikTok;Micro;rindysw19;Family;https://vt.tiktok.com/ZSmQVhWyX/;10.700;Rp890.000;163;2.035;127;39;47;1,99%;10,47%;19,02%;Rp437,35
PHG;Imunped;Imunped;Consideration;Feb-26;TikTok;Micro;Putririyaanti ;Family;https://vt.tiktok.com/ZSmQVuVEU/;11.500;Rp890.000;1.800;2.181;86;20;22;1,11%;5,87%;18,97%;Rp408,07
PHG;Imunped;Imunped;Consideration;Feb-26;TikTok;Nano;elislia23;Family;https://vt.tiktok.com/ZSmQdy5UL/;8.910;Rp890.000;756;1.368;108;14;11;1,49%;9,72%;15,35%;Rp650,58
PHG;Imunped;Imunped;Consideration;Feb-26;TikTok;Nano;dhepeanggraeni;Family;https://vt.tiktok.com/ZSmxchLQL/;3.243;Rp890.000;253;405;31;25;3;1,82%;14,57%;12,49%;Rp2.197,53
PHG;Imunped;Imunped;Consideration;Feb-26;TikTok;Nano;Ibubertumbuh;Family;https://vt.tiktok.com/ZSmQRYrtc/;1.299;Rp890.000;287;523;42;33;13;6,77%;16,83%;40,26%;Rp1.701,72
PHG;Imunped;Imunped;Consideration;Feb-26;TikTok;Nano;yuniarianii;Family;https://vt.tiktok.com/ZSmQWMyQf/;2.570;Rp890.000;219;433;12;0;0;0,47%;2,77%;16,85%;Rp2.055,43
PHG;Imunped;Imunped;Consideration;Feb-26;TikTok;Micro;evannadewi;Family;https://vt.tiktok.com/ZSmQsVcov/;17.200;Rp890.000;2.800;4.104;111;28;28;0,97%;4,07%;23,86%;Rp216,86
PHG;Imunped;Imunped;Consideration;Feb-26;TikTok;Micro;rikanurlia;Family;https://vt.tiktok.com/ZSmCg6pgX/;11.000;Rp890.000;900;1.304;108;2;7;1,06%;8,97%;11,85%;Rp682,52
PHG;Imunped;Imunped;Consideration;Feb-26;TikTok;Micro;cecehkesekian;Family;https://vt.tiktok.com/ZSmQTAkK2/;15.900;Rp890.000;9.700;12.694;747;152;125;6,44%;8,07%;79,84%;Rp70,11
PHG;Imunped;Imunped;Consideration;Feb-26;TikTok;Micro;mayapriliandi;Family;https://vt.tiktok.com/ZSm4atHvc/;10.100;Rp890.000;186;3.666;351;28;3;3,78%;10,42%;36,30%;Rp242,77
PHG;Imunped;Imunped;Consideration;Feb-26;TikTok;Nano;wldnisaa;Family;https://vt.tiktok.com/ZSm4AQSHL/;7.271;Rp890.000;86;117;33;21;7;0,84%;52,14%;1,61%;Rp7.606,84
PHG;Imunped;Imunped;Consideration;Feb-26;TikTok;Nano;kiiiiimbella;Family;https://vt.tiktok.com/ZSmQWwmvD/;3.040;Rp890.000;449;559;3;0;0;0,10%;0,54%;18,39%;Rp1.592,13
PHG;Imunped;Imunped;Consideration;Feb-26;TikTok;Nano;lulaluna_1418;Family;https://vt.tiktok.com/ZSm4SroN1/;4.713;Rp890.000;285;3.767;177;30;114;6,81%;8,52%;79,93%;Rp236,26
PHG;Imunped;Imunped;Consideration;Feb-26;TikTok;Micro;ibunshakaaa;Family;https://vt.tiktok.com/ZSmVhgv2Q/;10.600;Rp890.000;369;1.025;28;21;25;0,70%;7,22%;9,67%;Rp868,29
PHG;Imunped;Imunped;Consideration;Feb-26;TikTok;Micro;risnaoktaviahardanik;Family;https://vt.tiktok.com/ZSmqcjv1d/;16.099;Rp890.000;59;5.329;455;20;413;5,52%;16,66%;33,10%;Rp167,01
PHG;Imunped;Imunped;Consideration;Feb-26;TikTok;Micro;dewi.asria;Family;https://vt.tiktok.com/ZSmpj5VLu/;10.400;Rp890.000;181;318;11;7;6;0,23%;7,55%;3,06%;Rp2.798,74
PHG;Imunped;Imunped;Consideration;Feb-26;TikTok;Micro;Smaula.ni;Family;https://vt.tiktok.com/ZSmqDN5Qv/;12.000;Rp890.000;77;124;3;0;4;0,06%;5,65%;1,03%;Rp7.177,42
PHG;Imunped;Imunped;Consideration;Feb-26;TikTok;Micro;Baby zaza124;Family;https://vt.tiktok.com/ZSmpdAF5M/;27.600;Rp890.000;366;636;28;9;6;0,16%;6,76%;2,30%;Rp1.399,37
PHG;Imunped;Imunped;Consideration;Feb-26;TikTok;Micro;keykanyamey;Family;https://vt.tiktok.com/ZSmVny3fv/;27.000;Rp890.000;189;951;518;22;8;2,03%;57,62%;3,52%;Rp935,86
PHG;Imunped;Imunped;Consideration;Feb-26;TikTok;Micro;cutadindaaa;Family;https://vt.tiktok.com/ZSmVJoeW4/;20.176;Rp890.000;2.300;4.668;919;112;24;5,23%;22,60%;23,14%;Rp190,66
PHG;Imunped;Imunped;Consideration;Feb-26;TikTok;Micro;ayufitri_73;Family;https://vt.tiktok.com/ZSmVtcg93/;10.300;Rp890.000;224;4.658;145;2;23;1,65%;3,65%;45,22%;Rp191,07
PHG;Imunped;Imunped;Consideration;Feb-26;TikTok;Micro;ociiooo;Family;https://vt.tiktok.com/ZSmVnG2Ah/;23.200;Rp890.000;3.900;6.823;573;24;7;2,60%;8,85%;29,41%;Rp130,44
PHG;Imunped;Imunped;Consideration;Feb-26;TikTok;Nano;Pebrong;Family;https://vt.tiktok.com/ZSmqxQrf4/;1.151;Rp890.000;344;696;26;30;6;5,39%;8,91%;60,47%;Rp1.278,74
PHG;Imunped;Imunped;Consideration;Feb-26;TikTok;Nano;stephanysutan;Family;https://vt.tiktok.com/ZSmXnQoYJ/;9.700;Rp890.000;284;461;8;5;1;0,14%;3,04%;4,75%;Rp1.930,59
PHG;Imunped;Imunped;Consideration;Feb-26;TikTok;Nano;babykeenkay ;Family;https://vt.tiktok.com/ZSmVv5LUF/;5.539;Rp890.000;164;291;53;46;18;2,11%;40,21%;5,25%;Rp3.058,42
PHG;Imunped;Imunped;Consideration;Feb-26;TikTok;Nano;bundaa.r;Family;https://vt.tiktok.com/ZSmqvp2AL/;1.590;Rp890.000;1.100;1.429;99;15;10;7,80%;8,68%;89,87%;Rp622,81
PHG;Imunped;Imunped;Consideration;Feb-26;TikTok;Nano;pipitpicks;Family;https://vt.tiktok.com/ZSmqYSRW4/;2.400;Rp890.000;2.400;3.394;120;21;6;6,13%;4,33%;141,42%;Rp262,23
PHG;Imunped;Imunped;Consideration;Feb-26;TikTok;Micro;carissaoktav;Family;https://vt.tiktok.com/ZSmpjnLoo/;10.100;Rp890.000;3.700;3.777;91;11;1;1,02%;2,73%;37,40%;Rp235,64
PHG;Imunped;Imunped;Consideration;Feb-26;TikTok;Micro;nia.knia1;Family;https://vt.tiktok.com/ZSmbPRvtb/;35.000;Rp890.000;246;1.535;56;6;6;0,19%;4,43%;4,39%;Rp579,80
PHG;Imunped;Imunped;Consideration;Feb-26;TikTok;Micro;Almayunita06 ;Family;https://vt.tiktok.com/ZSmphE8B9/;16.100;Rp890.000;9;602;420;40;3;2,88%;76,91%;3,74%;Rp1.478,41
PHG;Imunped;Imunped;Consideration;Feb-26;TikTok;Micro;Narra09_;Family;https://vt.tiktok.com/ZSmpUNmx5/;11.100;Rp890.000;1.500;2.784;67;3;1;0,64%;2,55%;25,08%;Rp319,68
PHG;Imunped;Imunped;Consideration;Feb-26;TikTok;Micro;Leniagsti;Family;https://vt.tiktok.com/ZSmbKg8C1/;10.300;Rp890.000;372;2.001;80;6;13;0,96%;4,95%;19,43%;Rp444,78
PHG;Imunped;Imunped;Consideration;Feb-26;TikTok;Micro;mommytwinss_;Family;https://vt.tiktok.com/ZSmbfUPw8/;11.500;Rp890.000;164;310;19;11;16;0,40%;14,84%;2,70%;Rp2.870,97
PHG;Imunped;Imunped;Consideration;Feb-26;TikTok;Micro;ra.ismaniar;Family;https://vt.tiktok.com/ZSmgTakXJ/;10.700;Rp890.000;765;2.289;194;18;19;2,16%;10,09%;21,39%;Rp388,82
PHG;Imunped;Imunped;Consideration;Feb-26;TikTok;Nano;mustikaanggrainika ;Family;https://vt.tiktok.com/ZSmgWjbj8/;2.350;Rp890.000;197;309;15;15;10;1,70%;12,94%;13,15%;Rp2.880,26
PHG;Imunped;Imunped;Consideration;Feb-26;TikTok;Nano;fika.karunia;Family;https://vt.tiktok.com/ZSmg8xLNv/;1.300;Rp890.000;30;805;8;0;0;0,62%;0,99%;61,92%;Rp1.105,59
PHG;Imunped;Imunped;Consideration;Feb-26;TikTok;Nano;faradinaauly;Family;https://vt.tiktok.com/ZSmbuvhoF/;3.731;Rp890.000;41;1.516;32;27;0;1,58%;3,89%;40,63%;Rp587,07
PHG;Imunped;Imunped;Consideration;Feb-26;TikTok;Nano;choirun.nisaaa ;Family;https://vt.tiktok.com/ZSmg8VJYP/;8.775;Rp890.000;367;4.514;106;2;15;1,40%;2,72%;51,44%;Rp197,16
PHG;Imunped;Imunped;Consideration;Feb-26;TikTok;Nano;Rdbrzz;Family;https://vt.tiktok.com/ZSmbKY8Qh/;1.250;Rp890.000;206;384;33;26;3;4,96%;16,15%;30,72%;Rp2.317,71
PHG;Imunped;Imunped;Consideration;Feb-26;TikTok;Nano;nastitindri;Family;https://vt.tiktok.com/ZSmb76MnJ/;2.386;Rp890.000;98;1.541;96;6;9;4,65%;7,20%;64,59%;Rp577,55
PHG;Imunped;Imunped;Consideration;Feb-26;TikTok;Nano;indahnurula;Family;https://vt.tiktok.com/ZSmgRAgGm/;1.493;Rp890.000;170;741;150;13;7;11,39%;22,94%;49,63%;Rp1.201,08
PHG;Imunped;Imunped;Consideration;Feb-26;TikTok;Nano;Meysarigandum;Family;https://vt.tiktok.com/ZSmg86jpS/;5.600;Rp890.000;179;1.249;20;15;100;2,41%;10,81%;22,30%;Rp712,57
PHG;Imunped;Imunped;Consideration;Feb-26;TikTok;Nano;ibu_ibrahimm;Family;https://vt.tiktok.com/ZSmgL1xeR/;6.529;Rp890.000;1.100;2.429;59;4;1;0,98%;2,63%;37,20%;Rp366,41
PHG;Imunped;Imunped;Consideration;Feb-26;TikTok;Micro;yuli_mutia;Family;https://vt.tiktok.com/ZSmG9h6ox/;23.100;Rp890.000;1.700;2.227;884;22;5;3,94%;40,91%;9,64%;Rp399,64
PHG;Imunped;Imunped;Consideration;Feb-26;TikTok;Micro;disamuslimahnita;Family;https://vt.tiktok.com/ZSmG95RoG/;10.900;Rp890.000;32;11.000;126;10;127;2,41%;2,39%;100,92%;Rp80,91
PHG;Imunped;Imunped;Consideration;Feb-26;TikTok;Micro;hai_dela;Family;https://vt.tiktok.com/ZSmss5eeJ/;36.600;Rp890.000;2.2k;2.301;156;33;11;0,55%;8,69%;6,29%;Rp386,79
PHG;Imunped;Imunped;Consideration;Feb-26;TikTok;Macro;sky.hums;Family;https://vt.tiktok.com/ZSms3MWck/;105.000;Rp890.000;29.100;29.813;1.059;37;8;1,05%;3,70%;28,39%;Rp29,85
PHG;Imunped;Imunped;Consideration;Feb-26;TikTok;Micro;dwiayufe_;Family;https://vt.tiktok.com/ZSmGLLS94/;20.200;Rp890.000;4.400;4.718;204;6;132;1,69%;7,25%;23,36%;Rp188,64
PHG;Imunped;Imunped;Consideration;Feb-26;TikTok;Micro;ivanur_;Family;https://vt.tiktok.com/ZSmstxDGs/;31.400;Rp890.000;1.200;1.667;12;0;5;0,05%;1,02%;5,31%;Rp533,89
PHG;Imunped;Imunped;Consideration;Feb-26;TikTok;Micro;Miaaanf;Family;https://vt.tiktok.com/ZSmssm1bV/;13.900;Rp890.000;1.500;1.618;92;1;9;0,73%;6,30%;11,64%;Rp550,06
PHG;Imunped;Imunped;Consideration;Feb-26;TikTok;Nano;dela_yo;Family;https://vt.tiktok.com/ZSmst8RXN/;3.600;Rp890.000;775;1.119;165;17;10;5,33%;17,16%;31,08%;Rp795,35
PHG;Imunped;Imunped;Consideration;Feb-26;TikTok;Nano;Intanaugust17;Family;https://vt.tiktok.com/ZSmsGf4Qn/;2.900;Rp890.000;71;149;60;35;3;3,38%;65,77%;5,14%;Rp5.973,15
PHG;Imunped;Imunped;Consideration;Feb-26;TikTok;Nano;heyitskibum;Family;https://vt.tiktok.com/ZSmsQ7x9s/;7.200;Rp890.000;216;279;37;18;7;0,86%;22,22%;3,88%;Rp3.189,96
PHG;Imunped;Imunped;Consideration;Feb-26;TikTok;Nano;mimmovexa;Family;https://vt.tiktok.com/ZSms99p1T/;5.438;Rp890.000;35;2.157;78;1;0;1,45%;3,66%;39,67%;Rp412,61
PHG;Imunped;Imunped;Consideration;Feb-26;TikTok;Nano;rienrenaa;Family;https://vt.tiktok.com/ZSmGMKRwV/;1.400;Rp890.000;51;108;9;0;1;0,71%;9,26%;7,71%;Rp8.240,74
PHG;Imunped;Imunped;Consideration;Feb-26;TikTok;Nano;resha.rizky;Family;https://vt.tiktok.com/ZSmsVbBN5/ ;1.060;Rp890.000;356;2.007;10;4;1;1,42%;0,75%;189,34%;Rp443,45
PHG;Imunped;Imunped;Consideration;Feb-26;TikTok;Nano;nakastmom;Family;https://vt.tiktok.com/ZSmG93rkk/;8.544;Rp890.000;200;908;26;0;0;0,30%;2,86%;10,63%;Rp980,18
PHG;Imunped;Imunped;Consideration;Feb-26;TikTok;Nano;tasyanabilla._;Family;https://vt.tiktok.com/ZSmndMKX5/;6.105;Rp890.000;89;260;21;19;13;0,87%;20,38%;4,26%;Rp3.423,08
PHG;Imunped;Imunped;Consideration;Feb-26;TikTok;Micro;fitriaanggraini0619;Family;https://vt.tiktok.com/ZSmWyAgqh/;11.200;Rp890.000;4.100;4.736;189;3;11;1,81%;4,29%;42,29%;Rp187,92
PHG;Imunped;Imunped;Consideration;Feb-26;TikTok;Micro;nabilhaq29;Family;https://vt.tiktok.com/ZSmneVtrk/;11.200;Rp890.000;238;411;19;4;0;0,21%;5,60%;3,67%;Rp2.165,45
PHG;Imunped;Imunped;Consideration;Feb-26;TikTok;Micro;lilyhaniilfani;Family;https://vt.tiktok.com/ZSmtn1afH/;10.175;Rp890.000;1.300;1.876;70;2;1;0,72%;3,89%;18,44%;Rp474,41
PHG;Imunped;Imunped;Consideration;Feb-26;TikTok;Micro;hikari.id;Family;https://vt.tiktok.com/ZSmnjDG2a/;10.694;Rp890.000;100;2.786;226;0;0;2,11%;8,11%;26,05%;Rp319,45
PHG;Imunped;Imunped;Consideration;Feb-26;TikTok;Nano;eggiindah.ps;Family;https://vt.tiktok.com/ZSmGSV3C3/;2.278;Rp890.000;247;394;3;0;0;0,13%;0,76%;17,30%;Rp2.258,88
PHG;Imunped;Imunped;Consideration;Feb-26;TikTok;Nano;febymuth;Family;https://vt.tiktok.com/ZSmnJ6VJL/;1.230;Rp890.000;152;2.264;84;2;0;6,99%;3,80%;184,07%;Rp393,11
PHG;Imunped;Imunped;Consideration;Feb-26;TikTok;Nano;Annisapristia ;Family;https://vt.tiktok.com/ZSmneEQJR/;4.821;Rp890.000;32;122;181;0;5;3,86%;152,46%;2,53%;Rp7.295,08
PHG;Imunped;Imunped;Consideration;Feb-26;TikTok;Nano;ninnda_dwi;Family;https://vt.tiktok.com/ZSmnyBTvC/;6.880;Rp890.000;173;231;35;25;31;1,32%;39,39%;3,36%;Rp3.852,81
PHG;Imunped;Imunped;Consideration;Feb-26;TikTok;Nano;riskadeviaan;Family;https://vt.tiktok.com/ZSmsPArYG/;6.030;Rp890.000;60;779;315;20;7;5,67%;43,90%;12,92%;Rp1.142,49
PHG;Imunped;Imunped;Consideration;Feb-26;TikTok;Nano;Ikarzq;Family;https://vt.tiktok.com/ZSmXs6FPE/;6.100;Rp890.000;2.100;2.876;71;2;8;1,33%;2,82%;47,15%;Rp309,46
PHG;Degirol;Degirol;Consideration;May-26;X;Macro;Elwa;Lifestyle;https://x.com/elwa/status/2056699287510340036?s=46;163.000;Rp3.000.000;2.300;2.300;5;2;0;0,00%;0,30%;1,41%;Rp1.304,35
PHG;Degirol;Degirol;Consideration;May-26;X;Macro;Faiz Sadad;Comedy;https://x.com/faizsadad_/status/2056714503329615912?s=48&t=GDTfuR6DuXqztWIFj2vjvw;575.000;Rp11.000.000;5.500;5.500;26;3;0;0,01%;0,53%;0,96%;Rp2.000,00
PHG;Degirol;Degirol;Consideration;May-26;X;Macro;Adellina Fitriyani;Lifestyle;https://x.com/adelladellaide/status/2057092320080916842?s=46&t=aghIv0BgtlpRgN7_dUD6EQ;723.000;Rp7.000.000;6.700;6.700;15;0;0;0,00%;0,22%;0,93%;Rp1.044,78
PHG;Degirol;Degirol;Consideration;May-26;X;Macro;Paman Bajay;Comedy;https://x.com/jayakabajay/status/2057451617201623208?s=46&t=aghIv0BgtlpRgN7_dUD6EQ;170.000;Rp4.000.000;32.800;32.800;30;0;0;0,02%;0,09%;19,29%;Rp121,95
PHG;Degirol;Degirol;Consideration;May-26;X;Mega;Bayu Joo;Lifestyle;https://x.com/bayu_joo/status/2057436479505465630?s=46&t=Q5rSJxDZDsfIu2XLkihdQA;1.600.000;Rp8.000.000;6.400;6.400;13;3;0;0,00%;0,25%;0,40%;Rp1.250,00
PHG;Degirol;Degirol;Consideration;May-26;X;Macro;Widino;Lifestyle;https://x.com/i/status/2057736765063270752;197.000;Rp4.000.000;14.800;14.800;115;12;0;0,06%;0,86%;7,51%;Rp270,27
PHG;Degirol;Degirol;Consideration;May-26;X;Mega;Wira Nagara;Lifestyle;https://x.com/wiranagara/status/2058120743268020644?s=46&t=vjre9VUVhNbFQGFKOPEPYQ;2.200.000;Rp10.000.000;11.100;11.100;67;4;0;0,00%;0,64%;0,50%;Rp900,90
PHG;Degirol;Degirol;Consideration;May-26;X;Macro;Falla Adinda;Lifestyle;https://x.com/falla_adinda/status/2058478758492029365?s=20;196.000;Rp4.000.000;2.800;2.800;5;1;0;0,00%;0,21%;1,43%;Rp1.428,57
PHG;Degirol;Degirol;Consideration;May-26;Meta;Macro;Cindy Gulla;Sports;https://www.instagram.com/reels/DYzVgKzMKvw/;683.000;Rp23.000.000;22.860;38.100;1.585;15;7;0,24%;4,22%;5,58%;Rp603,67
PHG;Degirol;Degirol;Consideration;May-26;Meta;Macro;Fasty Nabila;Lifestyle;https://www.instagram.com/reels/DYzA7TPyHQf/;215.000;Rp17.000.000;30.840;51.400;1.565;30;68;0,77%;3,24%;23,91%;Rp330,74
PHG;Degirol;Degirol;Consideration;May-26;Meta;Macro;Faza Shamlan;Lifestyle;https://www.instagram.com/reel/DX6gy7IyxI9/;166.000;Rp4.000.000;58.324;58.324;1.070;10;12;0,66%;1,87%;35,13%;Rp68,58
PHG;Degirol;Degirol;Consideration;May-26;Meta;Micro;Livia Akhira;Lifestyle;https://www.instagram.com/reel/DX9d_ixyIvT/;19.100;Rp10.000.000;12.712;12.712;255;3;2;1,36%;2,05%;66,55%;Rp786,66
PHG;Degirol;Degirol;Consideration;May-26;Meta;Macro;dr. Adam Prabata;Health;https://www.instagram.com/reel/DYCEinno94G/;464.000;Rp40.000.000;125.906;125.906;2.087;6;56;0,46%;1,71%;27,13%;Rp317,70
PHG;Degirol;Degirol;Consideration;May-26;TikTok;Mega;Mamak Beti;Comedy;https://www.tiktok.com/@arifmuhammad/video/7637089944384605448 ;7.100.000;Rp64.000.000;70.400;212.940;1.265;32;21;0,02%;0,62%;3,00%;Rp300,55
PHG;Imunped;Imunped;Consideration;Jul-26;TikTok;Macro;deandramarissi;Parenting;https://vt.tiktok.com/ZSCGT5QQX/;166.200;Rp10.000.000;148.500;232.100;564;11;32;0,37%;0,26%;139,65%;Rp43,08
PHG;Imunped;Imunped;Consideration;Jul-26;TikTok;Micro;Almiranti Fira;Parenting;https://vt.tiktok.com/ZSXkPbCUh/;93.300;Rp25.180.000;30.500;43.500;4.333;27;331;5,03%;10,78%;46,62%;Rp578,85
PHG;Imunped;Imunped;Consideration;Jul-26;TikTok;Micro;Syaffsabar;Parenting;https://vt.tiktok.com/ZSCwr4Meb/;95.300;Rp13.300.000;9.400;11.000;466;8;8;0,51%;4,38%;11,54%;Rp1.209,09
PHG;Imunped;Imunped;Consideration;Jul-26;TikTok;Micro;Dr Lonlim;Health;https://vt.tiktok.com/ZSCXh4hjv/;78.000;Rp11.600.000;971;1.300;45;4;1;0,06%;3,85%;1,67%;Rp8.923,08
PHG;Imunped;Imunped;Consideration;Jul-26;TikTok;Micro;Artha Bertania;Parenting;https://vt.tiktok.com/ZSCvsevX8/;39.100;Rp3.796.000;14.700;14.900;226;1;6;0,60%;1,56%;38,11%;Rp254,77
PHG;Imunped;Imunped;Consideration;Jul-26;TikTok;Macro;Nyok Elen;Parenting;https://vt.tiktok.com/ZSCwPM8BF/;1.100.000;Rp31.450.000;1.100.000;1.700.000;6.773;40;213;0,64%;0,41%;154,55%;Rp18,50
PHG;Imunped;Imunped;Consideration;Jul-26;TikTok;Micro;arkano pradipa;Family;https://vt.tiktok.com/ZSXbKqHF6/;13.800;Rp6.700.000;1.100;1.192;73;1;0;0,54%;6,21%;8,64%;Rp5.620,81
PHG;Imunped;Imunped;Consideration;Jul-26;TikTok;Micro;laksmidamayanti2;Parenting;https://www.tiktok.com/@laksmidamayanti2/video/7664947478797569288?is_from_webapp=1&sender_device=pc;47.000;Rp2.740.000;29.400;51.500;947;1;7;2,03%;1,85%;109,57%;Rp53,20
PHG;Imunped;Imunped;Consideration;Jul-26;TikTok;Micro;keiandmamia;Family;https://vt.tiktok.com/ZSXgMWGoo/;23.700;Rp3.100.000;1.700;2.200;26;0;0;0,11%;1,18%;9,28%;Rp1.409,09
PHG;Imunped;Imunped;Consideration;Jul-26;TikTok;Macro;dhannicha;Parenting;https://www.tiktok.com/@dhannicha/video/7666074290353294610?;399.000;Rp35.575.000;60.700;123.500;3.719;10;16;0,94%;3,03%;30,95%;Rp288,06
PHG;Imunped;Imunped;Consideration;Jul-26;TikTok;Micro;rayrafi07;Parenting;https://vt.tiktok.com/ZSX7dL4BJ/;36.100;Rp42.175.000;53.100;97.900;8.284;11;102;23,26%;8,58%;271,19%;Rp430,80
PHG;Imunped;Imunped;Consideration;Jul-26;TikTok;Micro;dr. Satria Furqan;Health;https://vt.tiktok.com/ZS4L5NDoX/;54.700;Rp2.600.000;1.200;1.700;61;1;4;0,12%;3,88%;3,11%;Rp1.529,41
PHG;Imunped;Imunped;Consideration;Jul-26;Meta;Macro;The Kurniawan Family;Parenting;https://www.instagram.com/reel/DbA8DlNtzqV/?igsh=aDV3N2JsOXV4cDRq;519.000;Rp8.350.000;12.420;16.671;368;5;5;0,07%;2,27%;3,21%;Rp500,87
PHG;Forti-D;Forti-D;Consideration;Jul-26;TikTok;Micro;Kazhang;Lifestyle;https://vt.tiktok.com/ZSCf3yJRj/;68.500;Rp2.275.000;25.800;30.200;421;2;4;0,62%;1,41%;44,09%;Rp75,33
PHG;Forti-D;Forti-D;Consideration;Jul-26;TikTok;Macro;Inka Ayu;Lifestyle;https://vt.tiktok.com/ZSCppScEs/;417.000;Rp17.500.000;13.900;14.000;354;5;5;0,09%;2,60%;3,36%;Rp1.250,00
PHG;Forti-D;Forti-D;Consideration;Jul-26;TikTok;Macro;Sabian Tama;Lifestyle;https://vt.tiktok.com/ZSC5FMG8r/;122.600;Rp10.975.000;6.900;7.800;177;4;9;0,15%;2,44%;6,36%;Rp1.407,05
PHG;Forti-D;Forti-D;Consideration;Jul-26;TikTok;Micro;Apt Sinta;Lifestyle;https://www.tiktok.com/@apt.sintaaprilianas/video/7659406158205177106?lang=en;41.500;Rp2.275.000;44.100;67.100;3.605;4;11;8,72%;5,39%;161,69%;Rp33,90
PHG;Forti-D;Forti-D;Consideration;Jul-26;TikTok;Mega;Aldo Virgadana;Lifestyle;https://vt.tiktok.com/ZSX7BYJGj/;3.300.000;Rp17.500.000;147.900;149.100;4.252;15;16;0,13%;2,87%;4,52%;Rp117,37
PHG;Forti-D;Forti-D;Consideration;Jul-26;TikTok;Micro;Rahim Farma;Lifestyle;https://vt.tiktok.com/ZS4dHTm6e/;20.200;Rp1.550.000;3.199;3.199;173;0;6;0,89%;5,60%;15,84%;Rp484,53
PHG;Forti-D;Forti-D;Consideration;Jul-26;TikTok;Micro;Ayu respati;Lifestyle;https://vt.tiktok.com/ZSX7DcP56/;58.900;Rp1.550.000;146.200;146.200;13.100;4;245;22,66%;9,13%;248,22%;Rp10,60
PHG;Forti-D;Forti-D;Consideration;Jul-26;Meta;Micro;Adam;Lifestyle;https://www.instagram.com/reel/DaiAZBsTMT4/?igsh=ZjdiY2FnaWh5aTRr;18.500;Rp3.000.000;695;1.245;2;0;0;0,01%;0,16%;6,73%;Rp2.409,64
PHG;Forti-D;Forti-D;Consideration;Jul-26;Meta;Macro;Shabrina;Lifestyle;https://www.instagram.com/reel/DbA2YgYza4W/?igsh=a2p0bWQ4a28wd3A4;286.000;Rp39.800.000;7.371;11.251;374;21;12;0,14%;3,62%;3,93%;Rp3.537,46
PHG;Neostrata;Neostrata;Consideration;Jul-26;Meta;Macro;Marcelina Halim;Beauty;https://www.instagram.com/reel/DbDf3QsNG8k/?igsh=bWQ3NDB3Z2tpNjBh;162.000;Rp13.000.000;5.997;86.141;526;7;23;0,34%;0,65%;53,17%;Rp150,92
PHG;Neostrata;Neostrata;Consideration;Jul-26;Meta;Macro;dr_haridarmawan;Health;https://www.instagram.com/reel/Da2Kp8Uy-FK/?igsh=dnN4M2F5aDA5MXF6;149.000;Rp24.000.000;84.600;141.000;824;10;;0,56%;0,59%;94,63%;Rp170,21
PHG;Neostrata;Neostrata;Consideration;Jul-26;Meta;Macro;Dr. Clarin Hayes;Health;https://www.instagram.com/reel/DbVmWn_TSH_/?igsh=MTF4c3l4cTlyYjZjdA==;482.000;Rp45.000.000;219.600;366.000;2.401;1;;0,50%;0,66%;75,93%;Rp122,95
PHG;Degirol;Degirol;Consideration;Jul-26;Meta;Macro;apotekerhack;Health;https://www.instagram.com/reel/DaxLjeBx4Ox/;221.000;Rp7.000.000;1.076.948;1.283.331;85.186;1.004;40.650;57,39%;9,88%;580,69%;Rp5,45
PHG;Degirol;Degirol;Consideration;Jul-26;Meta;Macro;Mr. Deedee;Comedy;https://www.instagram.com/reel/DagtGlZTAoW/?utm_source=ig_web_copy_link&igsh=MzRlODBiNWFlZA==;553.000;Rp12.000.000;258.535;430.891;19.000;663;684;3,68%;4,72%;77,92%;Rp27,85
PHG;Degirol;Degirol;Consideration;Jul-26;Meta;Micro;Angieee;Lifestyle;https://www.instagram.com/reel/DafCnkgxsl3/?igsh=amdybHl2ZjBncml5;61.200;Rp12.000.000;19.686;25.447;325;1;10;0,55%;1,32%;41,58%;Rp471,57
PHG;Degirol;Degirol;Consideration;Jul-26;TikTok;Macro;Papa Uwa;Lifestyle;https://vt.tiktok.com/ZSCu4hqUu/;341.000;Rp2.000.000;3.000;83.900;1.540;3;3;0,45%;1,84%;24,60%;Rp23,84
PHG;Degirol;Degirol;Consideration;Jul-26;TikTok;Mega;dreamcorestan;Comedy;https://www.tiktok.com/@dreamcorestan/video/7657497489494281480?_r=1&_t=ZS-97fQUKr8PyC;1.800.000;Rp26.000.000;66.100;81.400;6.928;87;302;0,41%;8,99%;4,52%;Rp319,41
PHG;Degirol;Degirol;Consideration;Jul-26;TikTok;Macro;Aksyif Fikri;Lifestyle;https://www.tiktok.com/@aksyif_fikri/video/7657466621593701639?_r=1&_t=ZS-97feZ8DONG9;163.100;Rp10.000.000;58.800;65.800;1.571;12;18;0,98%;2,43%;40,34%;Rp151,98
PHG;Degirol;Degirol;Consideration;Jul-26;TikTok;Macro;ojol_kalcer;Lifestyle;https://www.tiktok.com/@ojol_kalcer/video/7657451127138503956?_r=1&_t=ZS-97fDFKPbZ5g;248.600;Rp12.000.000;44.100;53.400;1.881;25;40;0,78%;3,64%;21,48%;Rp224,72
PHG;Degirol;Degirol;Consideration;Jul-26;TikTok;Macro;Luthfi Afansyah;Comedy;https://www.tiktok.com/@lutfi_afansyah/video/7658239775656267015;934.500;Rp65.000.000;243.000;275.300;30.000;185;2.288;3,47%;11,80%;29,46%;Rp236,11
PHG;Degirol;Degirol;Consideration;Jul-26;TikTok;Micro;apt.elsagaotami;Health;https://www.tiktok.com/@apt.elsagaotami/video/7658937756382711058?_r=1&_t=ZS-96d3VUyhaRI;11.400;Rp5.000.000;488;622;41;6;9;0,49%;9,00%;5,46%;Rp8.038,59
PHG;Degirol;Degirol;Consideration;Jul-26;TikTok;Macro;ricanoviasari;Lifestyle;https://vt.tiktok.com/ZSXeMS72M/;246.300;Rp5.000.000;660;5.600;135;1;2;0,06%;2,46%;2,27%;Rp892,86
PHG;Degirol;Degirol;Consideration;Jul-26;TikTok;Micro;Apt Debbynadia;Health;https://vt.tiktok.com/ZSXkfeqc4/;14.700;Rp5.000.000;6.300;7.347;310;0;5;2,14%;4,29%;49,98%;Rp680,55
PHG;Degirol;Degirol;Consideration;Jul-26;TikTok;Micro;Apt. Sinta Apriliana;Health;https://vt.tiktok.com/ZSXQE4mqw/;41.600;Rp4.000.000;1.100;19.900;645;0;6;1,56%;3,27%;47,84%;Rp201,01
PHG;Degirol;Degirol;Consideration;Jul-26;TikTok;Nano;Pongky Pradhana;Lifestyle;https://vt.tiktok.com/ZSC9cnLTA/;3.923;Rp1.000.000;3.900;4.334;245;42;25;7,95%;7,20%;110,48%;Rp230,73
PHG;Degirol;Degirol;Consideration;Jul-26;TikTok;Micro;Nurlaila;Lifestyle;https://vt.tiktok.com/ZSCxhrhd5/;11.600;Rp1.000.000;948;1.754;298;14;239;4,75%;31,41%;15,12%;Rp570,13
PHG;Degirol;Degirol;Consideration;Jul-26;TikTok;Macro;Wahyu Arkam;Lifestyle;https://vt.tiktok.com/ZSC97nB9Y/;111.200;Rp1.000.000;160;579;129;1;0;0,12%;22,45%;0,52%;Rp1.727,12
PHG;Degirol;Degirol;Consideration;Jul-26;TikTok;Nano;Rachman Fauzi;Lifestyle;https://www.tiktok.com/@rachman.fauzi.uzi/video/7658171985448422677;7.117;Rp1.000.000;318;410;9;2;0;0,15%;2,68%;5,76%;Rp2.439,02
PHG;Degirol;Degirol;Consideration;Jul-26;TikTok;Nano;Ivia Marizki;Lifestyle;https://vt.tiktok.com/ZSCCN1frt/;1.820;Rp1.000.000;260;301;26;6;1;1,81%;10,96%;16,54%;Rp3.322,26
PHG;Degirol;Degirol;Consideration;Jul-26;TikTok;Nano;Juliana;Lifestyle;https://vt.tiktok.com/ZSCxEaCte/;1.072;Rp1.000.000;224;252;2;0;0;0,19%;0,79%;23,51%;Rp3.968,25
PHG;Degirol;Degirol;Consideration;Jul-26;TikTok;Nano;Putri Wijayanti;Lifestyle;https://vt.tiktok.com/ZSC93arbQ/;1.051;Rp1.000.000;139;155;7;0;0;0,67%;4,52%;14,75%;Rp6.451,61
PHG;Degirol;Degirol;Consideration;Jul-26;TikTok;Micro;tiya;Lifestyle;https://vt.tiktok.com/ZSC9GhYGq/;39.000;Rp1.000.000;134;154;22;19;3;0,11%;28,57%;0,39%;Rp6.493,51
PHG;Degirol;Degirol;Consideration;Jul-26;TikTok;Nano;Muspirah;Lifestyle;https://vt.tiktok.com/ZSC93mkWp/;3.730;Rp1.000.000;122;147;10;0;5;0,40%;10,20%;3,94%;Rp6.802,72
PHG;Degirol;Degirol;Consideration;Jul-26;TikTok;Nano;Ayu oktaviani;Lifestyle;https://vt.tiktok.com/ZSCCNQXcL/;1.430;Rp1.000.000;123;127;14;14;32;4,20%;47,24%;8,88%;Rp7.874,02
PHG;Degirol;Degirol;Consideration;Jul-26;TikTok;Micro;Liza Hani;Lifestyle;https://vt.tiktok.com/ZSCxN3UkG/;32.000;Rp1.000.000;88;125;36;0;1;0,12%;29,60%;0,39%;Rp8.000,00
PHG;Degirol;Degirol;Consideration;Jul-26;TikTok;Micro;Siti Ayu Maysyahrani;Lifestyle;https://vt.tiktok.com/ZSCx4rmGw/;25.100;Rp1.000.000;83;118;8;2;0;0,04%;8,47%;0,47%;Rp8.474,58
PHG;Degirol;Degirol;Consideration;Jul-26;TikTok;Nano;Annisa Fazriah;Lifestyle;https://vt.tiktok.com/ZSCQ1EhWD/;1.000;Rp1.000.000;109;116;1;0;0;0,10%;0,86%;11,60%;Rp8.620,69
PHG;Degirol;Degirol;Consideration;Jul-26;TikTok;Nano;erni adhya haviya;Lifestyle;https://vt.tiktok.com/ZSC9gcsy8/;1.770;Rp1.000.000;64;91;4;0;0;0,23%;4,40%;5,14%;Rp10.989,01
PHG;Degirol;Degirol;Consideration;Jul-26;TikTok;Nano;Simbay utari;Lifestyle;https://vt.tiktok.com/ZSCQ1MBbE/;2.400;Rp1.000.000;70;74;8;1;0;0,38%;12,16%;3,08%;Rp13.513,51
PHG;Degirol;Degirol;Consideration;Jul-26;Meta;Macro;dr. Jojeh;Health;https://www.instagram.com/reel/DazseHePiZI/?igsh=cHFhc3Y1NWpoa3A1;282.000;Rp21.000.000;18.991;78.144;2.300;19;175;0,88%;3,19%;27,71%;Rp268,73
PHG;Degirol;Degirol;Consideration;Jul-26;Meta;Micro;Unge;Comedy;https://www.instagram.com/reel/Da1g2q5Pm4p/?utm_source=ig_web_copy_link&igsh=MzRlODBiNWFlZA==;58.000;Rp4.000.000;7.033;42.635;3.100;4;5;5,36%;7,29%;73,51%;Rp93,82
PHG;Degirol;Degirol;Consideration;Jul-26;Meta;Micro;apt.riannurdiana;Health;https://www.instagram.com/reel/Dam7zoJvkqc/?utm_source=ig_web_copy_link&igsh=MzRlODBiNWFlZA==;64.600;Rp12.000.000;13.560;22.600;1.600;7;62;2,58%;7,38%;34,98%;Rp530,97
PHG;Degirol;Degirol;Consideration;Jul-26;Meta;Micro;Livia Akhira;Lifestyle;https://www.instagram.com/reel/Da2ak7CSNq1/?utm_source=ig_web_copy_link&igsh=MzRlODBiNWFlZA==;19.000;Rp10.000.000;14.945;20.031;581;28;15;3,28%;3,12%;105,43%;Rp499,23
PHG;Degirol;Degirol;Consideration;Jul-26;Meta;Micro;renasyas;Lifestyle;https://www.instagram.com/reel/DbKnt2JTxrA/?igsh=MWV0bTl1aDc5dmdqbw==;20.100;Rp4.000.000;1.704;7.271;125;3;2;0,65%;1,79%;36,17%;Rp550,13
PHG;Degirol;Degirol;Consideration;Jul-26;TikTok;Mega;Ryan Ojol;Lifestyle;https://vt.tiktok.com/ZSXBT3ru9/;2.000.000;Rp15.000.000;303.500;311.000;5.433;44;63;0,28%;1,78%;15,55%;Rp48,23
PHG;Degirol;Degirol;Consideration;Jul-26;TikTok;Mega;Bayu Nantri;Lifestyle;https://www.tiktok.com/@bayuntr/video/7666066179785739540;1.700.000;Rp19.000.000;156.100;206.500;4.257;21;34;0,25%;2,09%;12,15%;Rp92,01
PHG;Degirol;Degirol;Consideration;Jul-26;TikTok;Mega;sindi9randee;Lifestyle;https://www.tiktok.com/@sindi9rande/video/7660461730102906130?_r=1&_t=ZS-97t0cAz9Jzj;1.500.000;Rp28.000.000;148.900;164.300;9.549;75;225;0,66%;5,99%;10,95%;Rp170,42
PHG;Degirol;Degirol;Consideration;Jul-26;TikTok;Macro;rayeandrepila;Comedy;https://www.tiktok.com/@rayeandrepila/video/7660401349917494549?_r=1&_t=ZS-96W0gytG88G;185.700;Rp26.000.000;102.400;103.600;929;19;131;0,58%;1,04%;55,79%;Rp250,97
PHG;Degirol;Degirol;Consideration;Jul-26;TikTok;Macro;Apoteker Anita;Health;https://vt.tiktok.com/ZSXhRSPeF/;228.100;Rp7.000.000;31.200;88.300;2.149;3;8;0,95%;2,45%;38,71%;Rp79,28
PHG;Degirol;Degirol;Consideration;Jul-26;TikTok;Mega;dr. Mario Johan;Health;https://www.tiktok.com/@dr.mariojohan/video/7662319801309646100;1.200.000;Rp32.000.000;35.900;83.000;2.234;79;518;0,24%;3,41%;6,92%;Rp385,54
PHG;Degirol;Degirol;Consideration;Jul-26;TikTok;Micro;Riz Story;Lifestyle;https://www.tiktok.com/@rizqullah.salman/video/7662979078336597266;30.200;Rp10.000.000;61.800;65.200;3.401;114;43;11,78%;5,46%;215,89%;Rp153,37
PHG;Degirol;Degirol;Consideration;Jul-26;TikTok;Macro;Ojil;Comedy;https://www.tiktok.com/@ojilleef/video/7661210609823796488;148.600;Rp15.000.000;21.700;35.500;438;8;21;0,31%;1,32%;23,89%;Rp422,54
PHG;Degirol;Degirol;Consideration;Jul-26;TikTok;Micro;Jito Ojol;Lifestyle;https://vt.tiktok.com/ZSCoNWean/;28.900;Rp5.000.000;15.300;16.300;644;36;8;2,38%;4,22%;56,40%;Rp306,75
PHG;Degirol;Degirol;Consideration;Jul-26;TikTok;Micro;surya.ojolbali;Lifestyle;https://www.tiktok.com/@junkablun/video/7660078731444194567?_r=1&_t=ZS-97rF5IQLNoO;18.800;Rp3.000.000;7.740;12.900;197;10;3;1,12%;1,63%;68,62%;Rp232,56
PHG;Degirol;Degirol;Consideration;Jul-26;TikTok;Macro;Apt. Elis;Health;https://vt.tiktok.com/ZSXQwFDd6/;153.000;Rp5.000.000;5.900;8.845;162;1;7;0,11%;1,92%;5,78%;Rp565,29
PHG;Degirol;Degirol;Consideration;Jul-26;TikTok;Micro;Khuldi Ojol;Lifestyle;https://vt.tiktok.com/ZSCo4oQBV/;26.800;Rp4.000.000;3.900;6.736;343;9;3;1,32%;5,27%;25,13%;Rp593,82
PHG;Degirol;Degirol;Consideration;Jul-26;X;Mega;radenrauf;Lifestyle;https://x.com/radenrauf/status/2074463459241251304?s=46;6.200.000;Rp16.000.000;96.600;161.000;341;249;479;0,02%;0,66%;2,60%;Rp99,38
PHG;Degirol;Degirol;Consideration;Jul-26;X;Macro;skipberat;Lifestyle;https://x.com/skipberat/status/2074418516527358312?s=46;183.200;Rp8.000.000;19.014;31.690;1.040;20;39;0,60%;3,47%;17,30%;Rp252,45
PHG;Degirol;Degirol;Consideration;Jul-26;X;Micro;anggarasamvdr;Lifestyle;https://x.com/anggarasamvdr/status/2076938760059846806?s=46;15.600;Rp2.000.000;6.049;10.081;264;272;65;3,85%;5,96%;64,62%;Rp198,39
PHG;Degirol;Degirol;Consideration;Jul-26;X;Nano;allbymyselfff00;Lifestyle;https://x.com/allbymyselfff00/status/2077906266513686837?s=46&t=nDIe3UL42UMjG0NCPJVg_A;7.156;Rp2.000.000;5.332;8.887;194;76;11;3,93%;3,16%;124,19%;Rp225,05
PHG;Degirol;Degirol;Consideration;Jul-26;X;Nano;tanyarlfes;Lifestyle;https://x.com/tanyarlfes;14.300;Rp3.000.000;14.300;20.031;354;61;5;2,94%;2,10%;140,08%;Rp149,77
PHG;Degirol;Degirol;Consideration;Jul-26;TikTok;Nano;Tiara Aryani;Lifestyle;https://vt.tiktok.com/ZSXbpCDeL/;4.300;Rp1.000.000;117;125;2;0;0;0,05%;1,60%;2,91%;Rp8.000,00
PHG;Degirol;Degirol;Consideration;Jul-26;TikTok;Nano;Kochik;Lifestyle;https://vt.tiktok.com/ZSXPfP1oM/;1.330;Rp1.000.000;75;305;8;1;4;0,98%;4,26%;22,93%;Rp3.278,69
PHG;Degirol;Degirol;Consideration;Jul-26;TikTok;Nano;Irsatavisya;Lifestyle;https://vt.tiktok.com/ZSXPKoTLu/;9.006;Rp1.000.000;160;186;14;4;0;0,20%;9,68%;2,07%;Rp5.376,34
PHG;Degirol;Degirol;Consideration;Jul-26;TikTok;Nano;Nelly agustin ismadi;Lifestyle;https://vt.tiktok.com/ZSX5M5xRy/;2.499;Rp1.000.000;491;785;158;0;1;6,36%;20,25%;31,41%;Rp1.273,89
PHG;Degirol;Degirol;Consideration;Jul-26;TikTok;Nano;Purnama sari;Lifestyle;https://vt.tiktok.com/ZSXBCobGQ/;1.500;Rp1.000.000;127;302;27;0;0;1,80%;8,94%;20,13%;Rp3.311,26
PHG;Degirol;Degirol;Consideration;Jul-26;TikTok;Nano;Anisa Oktaviani;Lifestyle;https://vt.tiktok.com/ZSX5yH9SQ/;5.323;Rp1.000.000;231;289;35;15;13;1,18%;21,80%;5,43%;Rp3.460,21
PHG;Degirol;Degirol;Consideration;Jul-26;TikTok;Micro;Nadhifa Sofia;Lifestyle;https://vt.tiktok.com/ZSXCYprWh/;12.148;Rp1.000.000;481;307;13;2;1;0,13%;5,21%;2,53%;Rp3.257,33
PHG;Degirol;Degirol;Consideration;Jul-26;TikTok;Nano;ASRI;Lifestyle;https://vt.tiktok.com/ZSXHfqxP3/;1.133;Rp1.000.000;202;289;13;0;0;1,15%;4,50%;25,51%;Rp3.460,21
PHG;Degirol;Degirol;Consideration;Jul-26;TikTok;Nano;chaca;Lifestyle;https://vt.tiktok.com/ZSXxvBnAd/;1.622;Rp1.000.000;134;174;19;0;1;1,23%;11,49%;10,73%;Rp5.747,13
PHG;Degirol;Degirol;Consideration;Jul-26;TikTok;Nano;Monica Aprillia;Lifestyle;https://vt.tiktok.com/ZSXCSy9pS/;1.800;Rp1.000.000;236;274;18;1;2;1,17%;7,66%;15,22%;Rp3.649,64
PHG;Degirol;Degirol;Consideration;Jul-26;TikTok;Micro;rinkinsya;Lifestyle;https://vt.tiktok.com/ZSXQsXww8/;34.700;Rp1.000.000;67;96;3;0;0;0,01%;3,13%;0,28%;Rp10.416,67
PHG;Degirol;Degirol;Consideration;Jul-26;TikTok;Micro;Ladies lorencia wangsa;Lifestyle;https://www.tiktok.com/@adislorencia/video/7665971612524580114?_r=1&_t=ZS-8y2wya94XJ3;24.200;Rp1.000.000;177;185;13;0;0;0,05%;7,03%;0,76%;Rp5.405,41
PHG;Degirol;Degirol;Consideration;Jul-26;TikTok;Nano;chaca;Lifestyle;https://vt.tiktok.com/ZSX4F3H6U/;1.520;Rp1.000.000;3.900;6.116;63;27;3;6,12%;1,52%;402,37%;Rp163,51
PHG;Degirol;Degirol;Consideration;Jul-26;TikTok;Nano;Fridyah;Lifestyle;https://vt.tiktok.com/ZSXbvuLUq/;2.617;Rp1.000.000;98;140;11;5;7;0,88%;16,43%;5,35%;Rp7.142,86
PHG;Degirol;Degirol;Consideration;Jul-26;TikTok;Micro;Stefany;Lifestyle;https://www.tiktok.com/@itsmefaniia/video/7665666398189882644;19.700;Rp1.000.000;178;197;5;0;0;0,03%;2,54%;1,00%;Rp5.076,14
PHG;Imunped;Imunped;Consideration;Jul-26;TikTok;Macro;deandramarissi;Parenting;https://vt.tiktok.com/ZSCGT5QQX/;166.200;Rp10.000.000;148.500;232.100;564;11;32;0,37%;0,26%;139,65%;Rp43,08
PHG;Imunped;Imunped;Consideration;Jul-26;TikTok;Micro;Almiranti Fira;Parenting;https://vt.tiktok.com/ZSXkPbCUh/;93.300;Rp25.180.000;30.500;43.500;4.333;27;331;5,03%;10,78%;46,62%;Rp578,85
PHG;Imunped;Imunped;Consideration;Jul-26;TikTok;Micro;Syaffsabar;Parenting;https://vt.tiktok.com/ZSCwr4Meb/;95.300;Rp13.300.000;9.400;11.000;466;8;8;0,51%;4,38%;11,54%;Rp1.209,09
PHG;Imunped;Imunped;Consideration;Jul-26;TikTok;Micro;Dr Lonlim;Health;https://vt.tiktok.com/ZSCXh4hjv/;78.000;Rp11.600.000;971;1.300;45;4;1;0,06%;3,85%;1,67%;Rp8.923,08
PHG;Imunped;Imunped;Consideration;Jul-26;TikTok;Micro;Artha Bertania;Parenting;https://vt.tiktok.com/ZSCvsevX8/;39.100;Rp3.796.000;14.700;14.900;226;1;6;0,60%;1,56%;38,11%;Rp254,77
PHG;Imunped;Imunped;Consideration;Jul-26;TikTok;Macro;Nyok Elen;Parenting;https://vt.tiktok.com/ZSCwPM8BF/;1.100.000;Rp31.450.000;1.100.000;1.700.000;6.773;40;213;0,64%;0,41%;154,55%;Rp18,50
PHG;Imunped;Imunped;Consideration;Jul-26;TikTok;Micro;arkano pradipa;Parenting;https://vt.tiktok.com/ZSXbKqHF6/;13.800;Rp6.700.000;1.100;1.192;73;1;0;0,54%;6,21%;8,64%;Rp5.620,81
PHG;Imunped;Imunped;Consideration;Jul-26;TikTok;Micro;laksmidamayanti2;Parenting;https://www.tiktok.com/@laksmidamayanti2/video/7664947478797569288?is_from_webapp=1&sender_device=pc;47.000;Rp2.740.000;29.400;51.500;947;1;7;2,03%;1,85%;109,57%;Rp53,20
PHG;Imunped;Imunped;Consideration;Jul-26;TikTok;Micro;keiandmamia;Parenting;https://vt.tiktok.com/ZSXgMWGoo/;23.700;Rp3.100.000;1.700;2.200;26;0;0;0,11%;1,18%;9,28%;Rp1.409,09
PHG;Imunped;Imunped;Consideration;Jul-26;TikTok;Macro;dhannicha;Parenting;https://www.tiktok.com/@dhannicha/video/7666074290353294610?;399.000;Rp35.575.000;60.700;123.500;3.719;10;16;0,94%;3,03%;30,95%;Rp288,06
PHG;Imunped;Imunped;Consideration;Jul-26;TikTok;Micro;rayrafi07;Parenting;https://vt.tiktok.com/ZSX7dL4BJ/;36.100;Rp42.175.000;53.100;97.900;8.284;11;102;23,26%;8,58%;271,19%;Rp430,80
PHG;Imunped;Imunped;Consideration;Jul-26;TikTok;Micro;dr. Satria Furqan;Health;https://vt.tiktok.com/ZS4L5NDoX/;54.700;Rp2.600.000;1.200;1.700;61;1;4;0,12%;3,88%;3,11%;Rp1.529,41
PHG;Imunped;Imunped;Consideration;Jul-26;Meta;Macro;The Kurniawan Family;Parenting;https://www.instagram.com/reel/DbA8DlNtzqV/?igsh=aDV3N2JsOXV4cDRq;519.000;Rp8.350.000;12.420;16.671;368;5;5;0,07%;2,27%;3,21%;Rp500,87
PHG;Forti-D;Forti-D;Consideration;Jul-26;TikTok;Micro;Kazhang;Lifestyle;https://vt.tiktok.com/ZSCf3yJRj/;68.500;Rp2.275.000;25.800;30.200;421;2;4;0,62%;1,41%;44,09%;Rp75,33
PHG;Forti-D;Forti-D;Consideration;Jul-26;TikTok;Macro;Inka Ayu;Lifestyle;https://vt.tiktok.com/ZSCppScEs/;417.000;Rp17.500.000;13.900;14.000;354;5;5;0,09%;2,60%;3,36%;Rp1.250,00
PHG;Forti-D;Forti-D;Consideration;Jul-26;TikTok;Macro;Sabian Tama;Sports;https://vt.tiktok.com/ZSC5FMG8r/;122.600;Rp10.975.000;6.900;7.800;177;4;9;0,15%;2,44%;6,36%;Rp1.407,05
PHG;Forti-D;Forti-D;Consideration;Jul-26;TikTok;Micro;Apt Sinta;Health;https://www.tiktok.com/@apt.sintaaprilianas/video/7659406158205177106?lang=en;41.500;Rp2.275.000;44.100;67.100;3.605;4;11;8,72%;5,39%;161,69%;Rp33,90
PHG;Forti-D;Forti-D;Consideration;Jul-26;TikTok;Mega;Aldo Virgadana;Lifestyle;https://vt.tiktok.com/ZSX7BYJGj/;3.300.000;Rp17.500.000;147.900;149.100;4.252;15;16;0,13%;2,87%;4,52%;Rp117,37
PHG;Forti-D;Forti-D;Consideration;Jul-26;TikTok;Micro;Rahim Farma;Lifestyle;https://vt.tiktok.com/ZS4dHTm6e/;20.200;Rp1.550.000;3.199;3.199;173;0;6;0,89%;5,60%;15,84%;Rp484,53
PHG;Forti-D;Forti-D;Consideration;Jul-26;TikTok;Micro;Ayu respati;Lifestyle;https://vt.tiktok.com/ZSX7DcP56/;58.900;Rp1.550.000;146.200;146.200;13.100;4;245;22,66%;9,13%;248,22%;Rp10,60
PHG;Forti-D;Forti-D;Consideration;Jul-26;Meta;Micro;Adam;Lifestyle;https://www.instagram.com/reel/DaiAZBsTMT4/?igsh=ZjdiY2FnaWh5aTRr;18.500;Rp3.000.000;695;1.245;2;0;0;0,01%;0,16%;6,73%;Rp2.409,64
PHG;Forti-D;Forti-D;Consideration;Jul-26;Meta;Macro;Shabrina;Lifestyle;https://www.instagram.com/reel/DbA2YgYza4W/?igsh=a2p0bWQ4a28wd3A4;286.000;Rp39.800.000;7.371;11.251;374;21;12;0,14%;3,62%;3,93%;Rp3.537,46
PHG;Neostrata;Neostrata;Consideration;Jul-26;Meta;Macro;Marcelina Halim;Beauty;https://www.instagram.com/reel/DbDf3QsNG8k/?igsh=bWQ3NDB3Z2tpNjBh;162.000;Rp13.000.000;5.997;86.141;526;7;23;0,34%;0,65%;53,17%;Rp150,92
PHG;Neostrata;Neostrata;Consideration;Jul-26;Meta;Macro;dr_haridarmawan;Health;https://www.instagram.com/reel/Da2Kp8Uy-FK/?igsh=dnN4M2F5aDA5MXF6;149.000;Rp24.000.000;84.600;141.000;824;10;20;0,57%;0,61%;94,63%;Rp170,21
PHG;Neostrata;Neostrata;Consideration;Jul-26;Meta;Macro;Dr. Clarin Hayes;Health;https://www.instagram.com/reel/DbVmWn_TSH_/?igsh=MTF4c3l4cTlyYjZjdA==;482.000;Rp45.000.000;219.600;366.000;2.401;1;18;0,50%;0,66%;75,93%;Rp122,95
PHG;Degirol;Degirol;Consideration;Jul-26;Meta;Macro;apotekerhack;Health;https://www.instagram.com/reel/DaxLjeBx4Ox/;221.000;Rp7.000.000;1.076.948;1.283.331;85.186;1.004;40.650;57,39%;9,88%;580,69%;Rp5,45
PHG;Degirol;Degirol;Consideration;Aug-26;X;Macro;Aldysuhanda;Lifestyle;https://x.com/aldysuhanda_/status/2093338786063421766?s=46&t=tz1-QsnYaIJAqbovXa6lLg;485.500;Rp8.000.000;8.427;9.233;40;22;0;0,01%;0,67%;1,90%;Rp866,46
PHG;Imunped;Imunped;Consideration;Aug-26;Meta;Macro;amelridhawati;Parenting;https://vt.tiktok.com/ZSV9n4o3c/;124.900;Rp18.000.000;589.783;674.500;8394;171;556;7,30%;1,35%;540,03%;Rp26,69
PHG;Imunped;Imunped;Consideration;Aug-26;Meta;Micro;masadans;Parenting;https://www.instagram.com/reel/Dca_mcSvK3k/?igsi=MXJ6cnNnbmljbGg4Zw==;89.500;Rp25.000.000;2.785;3.017;86;4;6;0,11%;3,18%;3,37%;Rp8.286,38
PHG;Imunped;Imunped;Consideration;Aug-26;TikTok;Micro;Calista norren;Family;https://www.tiktok.com/@calistanorren/video/7678646603510467848?_r=1&_t=ZS-99FaC2jq18k;20.100;Rp1.239.000;5.135;5.598;792;61;50;4,49%;16,13%;27,85%;Rp221,33
PHG;Imunped;Imunped;Consideration;Aug-26;TikTok;Micro;Nimas Anggraini C;Parenting;https://www.tiktok.com/@littleofnim/video/7678647922510138644?_r=1&_t=ZS-99EI6YkdEjE;17.700;Rp1.239.000;955;1.024;183;0;3;1,05%;18,16%;5,79%;Rp1.209,96
PHG;Imunped;Imunped;Consideration;Aug-26;TikTok;Macro;Dwi rizki;Parenting;https://www.tiktok.com/@missduwiwww/video/7679026576779988244?_r=1&_t=ZS-99G1Y6m3WA0;101.500;Rp1.239.000;824;882;7;6;8;0,02%;2,38%;0,87%;Rp1.404,76
PHG;Imunped;Imunped;Consideration;Aug-26;TikTok;Micro;Sisca Zhang;Family;https://www.tiktok.com/@siscazh/video/7680558249233435924?_r=1&_t=ZS-99N2nCsizDw;32.400;Rp1.239.000;11.104;12.200;354;26;24;1,25%;3,31%;37,65%;Rp101,56
PHG;Imunped;Imunped;Consideration;Aug-26;TikTok;Micro;Agisnih;Parenting;https://www.tiktok.com/@agisnihh/video/7680555921021455636?_r=1&_t=ZS-99O7iOLgDYX;10.300;Rp1.239.000;4.151;4.515;15;0;47;0,60%;1,37%;43,83%;Rp274,42
PHG;Imunped;Imunped;Consideration;Aug-26;TikTok;Micro;Winda Yani;Parenting;https://www.tiktok.com/@ayesha_nayyara4321/video/7680848952815652117?_r=1&_t=ZS-99OMuGK377V;10.100;Rp1.239.000;850;910;51;43;11;1,04%;11,54%;9,01%;Rp1.361,54
PHG;Imunped;Imunped;Consideration;Aug-26;TikTok;Micro;Tama Ela;Parenting;https://www.tiktok.com/@tamaelaa/video/7680835064329964818?_r=1&_t=ZS-99OJ6Wto5T7;15.100;Rp1.239.000;1.545;1.664;229;29;221;3,17%;28,79%;11,02%;Rp744,59
PHG;Imunped;Imunped;Consideration;Aug-26;TikTok;Micro;Putri Septia Anggraini;Parenting;https://www.tiktok.com/@putrisptanggrni/video/7681166266949700885?_r=1&_t=ZS-99PtLV8Hhhc;20.900;Rp1.239.000;3.044;3.301;134;25;15;0,83%;5,27%;15,79%;Rp375,34
PHG;Imunped;Imunped;Consideration;Aug-26;TikTok;Micro;Merliani Siregar;Family;https://www.tiktok.com/@aafiyah_medina/video/7681153583101824264?_r=1&_t=ZS-99Plj0QGvY7;23.600;Rp1.239.000;3.772;4.099;30;17;2;0,21%;1,20%;17,37%;Rp302,27
PHG;Imunped;Imunped;Consideration;Aug-26;TikTok;Micro;Zahra Athira;Family;https://www.tiktok.com/@zaraathr/video/7681202640856026386?_r=1&_t=ZS-99Q288xnoXP;21.700;Rp1.239.000;664;709;11;0;2;0,06%;1,83%;3,27%;Rp1.747,53
PHG;Forti-D;Forti-D;Consideration;Aug-26;TikTok;Mega;Puyuhh (YULIANA);Lifestyle;https://www.tiktok.com/@puyuhhhhh;1.600.000;Rp21.250.000;34.286;38.100;3;63;126;0,01%;0,50%;2,38%;Rp557,74
PHG;Neostrata;Neostrata;Consideration;Aug-26;Meta;Macro;Michimomo;Beauty;https://www.instagram.com/p/DcdSqwKzH74/;356.000;Rp62.000.000;35;160.656;908;10;14;0,26%;0,58%;45,13%;Rp385,92
PHG;Neostrata;Neostrata;Consideration;Aug-26;Meta;Macro;Merdi Octav;Beauty;https://www.instagram.com/reel/DclNajxSFH-/?igsi=MTVncWxnbm9hMm4zNA==;527.000;Rp35.000.000;97;161.000;2;11;9;0,00%;0,01%;30,55%;Rp217,39
PHG;Neostrata;Neostrata;Consideration;Aug-26;Meta;Micro;rickymaharis;Health;https://www.instagram.com/reel/DblDuCdScPO/?igsh=MWJrZHluMWVvMXh4cQ==;35.000;Rp32.000.000;28;46;306;2;3;0,89%;676,09%;0,13%;Rp695.652,17
