Product;Brands;Sub-Brands;Objective;Month;Platform;Tier;KOL Name;Category;Link Post;;;Followers Number;Actual Spends (IDR);Reach;Views;Likes;Comments;Share;ER;ER Views (%);VR (%);CPV (Rp)
Health Supplement;Enervon;Enervon Active;Consideration;Feb-26;Instagram;Micro;Alvinwardhana;Lifestyle;https://www.instagram.com/reel/DVfzjRniZY8/?igsh=MW9vdnIydDRldXdtYQ==;;;11397;3475000;1718;2747;135;5;8;1,30%;5,39%;24,10%;1265,016382
Health Supplement;Enervon;Enervon Active;Consideration;Feb-26;TikTok;Macro;rrfebryl;Lifestyle;https://vt.tiktok.com/ZSu1dSrG5/;;;262100;12375000;20700;24714;1638;13;3;0,63%;6,69%;9,43%;500,7283321
Health Supplement;Enervon;Enervon Active;Consideration;Feb-26;TikTok;Macro;youtsmedia;Lifestyle;https://vt.tiktok.com/ZSuDUh3n2/;;;250700;39600000;26000;30000;829;17;133;0,39%;3,26%;11,97%;1320
Health Supplement;Enervon;Enervon Active;Consideration;Feb-26;TikTok;Macro;dionharyadi;Health;https://www.tiktok.com/@dionharyadi/video/7612624093044542741;;;486300;27600000;4300;4703;206;5;10;0,05%;4,70%;0,97%;5868,594514
Health Supplement;Enervon;Enervon Active;Consideration;Jan-26;TikTok;Macro;Syaharanie Putri;Lifestyle;https://vt.tiktok.com/ZSmerbyd7/;;;404600;45154639;150100;171399;8331;19;191;2,11%;4,98%;42,36%;263,4475055
Health Supplement;Enervon;Enervon Active;Consideration;Jan-26;TikTok;Macro;Misya and Piyo;Lifestyle;https://vt.tiktok.com/ZSme6dmgr/;;;259600;20000000;32200;34557;1329;5;19;0,52%;3,92%;13,31%;578,7539428
Health Supplement;Enervon;Enervon Active;Consideration;Jan-26;TikTok;Mega;BTR Rachel;Lifestyle;https://vt.tiktok.com/ZSuXVG51K/;;;1800000;55000000;158700;158700;4386;21;113;0,25%;2,85%;8,82%;346,5658475
Health Supplement;Enervon;Enervon Active;Consideration;Jan-26;Instagram;Micro;Surya Lee & Marisya;Lifestyle;https://www.instagram.com/reel/DUibjlwk4H0/?igsh=MWpzdDJkMzJsMTltMw==;;;13000;44000000;1894455;2765176;100;15;2;0,90%;0,00%;21270,58%;15,91218787
Health Supplement;Enervon;Enervon Active;Consideration;Mar-26;TikTok;Micro;Tiaralincia;Lifestyle;https://vt.tiktok.com/ZSuRof6t9/;;;11600;2480000;1000;1259;83;2;4;0,77%;7,07%;10,85%;1969,817315
Health Supplement;Enervon;Enervon Active;Consideration;Mar-26;TikTok;Micro;Nadiraamd;Lifestyle;https://vt.tiktok.com/ZSu6qv79H/;;;58400;9900000;8100;8950;309;1;1;0,53%;3,47%;15,33%;1106,145251
Health Supplement;Enervon;Enervon Active;Consideration;Mar-26;TikTok;Micro;okiariski_;Lifestyle;https://vt.tiktok.com/ZSmwPN3y5/;;;88700;5280000;9900;19301;508;14;20;0,61%;2,81%;21,76%;273,5609554
Health Supplement;Enervon;Enervon Active;Consideration;Mar-26;TikTok;Micro;ceritacete;Lifestyle;https://vt.tiktok.com/ZSmKyThgL/;;;64000;18375000;55300;55754;5070;21;13;7,98%;9,15%;87,12%;329,5727661
Health Supplement;Enervon;Enervon Fizz;Consideration;Apr-26;TikTok;Micro;akhmadhaidar09;Lifestyle;https://vt.tiktok.com/ZS9PRseKH/;;;33300;1320000;1116;1116;27;2;5;0,10%;3,05%;3,35%;1182,795699
Health Supplement;Enervon;Enervon Fizz;Consideration;Apr-26;TikTok;Macro;murtwis01;Lifestyle;https://www.tiktok.com/@murtiws01/video/7634847738034654484?lang=en;;;577500;24750000;28400;28400;2055;21;11;0,36%;7,35%;4,92%;871,4788732
Health Supplement;Enervon;Enervon Fizz;Consideration;Feb-26;TikTok;Mega;dinda_ans;Lifestyle;https://vt.tiktok.com/ZSu6hGEDU/;;;12400000;23925000;100300;110473;5028;20;18;0,04%;4,59%;0,89%;216,5687544
Health Supplement;Enervon;Enervon Fizz;Consideration;Feb-26;TikTok;Macro;marcelldarwin;Lifestyle;https://vt.tiktok.com/ZSuYP9Bdw/;;;713400;32175000;15800;18439;360;11;16;0,05%;2,10%;2,58%;1744,942784
Health Supplement;Enervon;Enervon Fizz;Consideration;Feb-26;TikTok;Macro;meisyasallwa;Lifestyle;https://vt.tiktok.com/ZSuNVpBBT/;;;795600;51150000;1300;1657;76;2;0;0,01%;4,71%;0,21%;30869,04043
Health Supplement;Enervon;Enervon Fizz;Consideration;Feb-26;TikTok;Micro;nadbelinda;Lifestyle;https://vt.tiktok.com/ZSuyGKuPj/;;;37000;5775000;25500;27964;1425;2;2;3,86%;5,11%;75,58%;206,51552
Health Supplement;Enervon;Enervon Fizz;Consideration;Feb-26;TikTok;Micro;dessy.jlta;Lifestyle;https://vt.tiktok.com/ZSuYHFW9T/;;;93300;10725000;4400;5214;261;1;7;0,29%;5,16%;5,59%;2056,962025
Health Supplement;Enervon;Enervon Fizz;Consideration;Jun-26;TikTok;Macro;Dion Haryadi;Health;https://vt.tiktok.com/ZSCLfQuMG/;;;498500;20000000;6500;8285;420;4;25;0,09%;5,42%;1,66%;2414,001207
Health Supplement;Enervon;Enervon Fizz;Consideration;Jun-26;TikTok;Macro;Mezty;Lifestyle;https://vt.tiktok.com/ZSQMGtdqP/;;;299500;31350000;23200;33000;46;1;2;0,02%;0,15%;11,02%;950
Health Supplement;Enervon;Enervon Fizz;Consideration;Jun-26;TikTok;Micro;Katerine Wilson;Lifestyle;https://www.tiktok.com/@urbabykate/video/7646265612511104263?is_from_webapp=1&sender_device=pc;;;12500;1050000;342;428;201;0;0;1,61%;46,96%;3,42%;2453,271028
Health Supplement;Enervon;Enervon Fizz;Consideration;Jun-26;TikTok;Nano;Paul Christian;Lifestyle;https://www.tiktok.com/@paul_cl92/video/7652213289824357652?is_from_webapp=1&sender_device=pc;;;1153;729167;266;332;41;75;25;12,23%;42,47%;28,79%;2196,286145
Health Supplement;Enervon;Enervon Fizz;Consideration;Jun-26;TikTok;Micro;Selvy Putri;Lifestyle;https://www.tiktok.com/@selvyk/video/7653444852125895956?_r=1&_t=ZS-97N0NOxRvpn;;;13100;729167;158;198;40;28;8;0,58%;38,38%;1,51%;3682,661616
Health Supplement;Enervon;Enervon Fizz;Consideration;Jun-26;TikTok;Micro;Michelle Christy;Lifestyle;https://www.tiktok.com/@michelecristyy/video/7646270965382679815?is_from_webapp=1&sender_device=pc;;;35000;729167;64;80;11;7;11;0,08%;36,25%;0,23%;9114,5875
Health Supplement;Enervon;Enervon Fizz;Consideration;Jun-26;TikTok;Micro;Kus Khofifanti;Lifestyle;https://www.tiktok.com/@funteah/video/7656736079739096340?utm_campaign=tt4d_open_api&utm_source=awtsed5i9xzgi8ph;;;11000;729167;334;417;116;4;5;1,14%;29,98%;3,79%;1748,601918
Health Supplement;Enervon;Enervon Fizz;Consideration;Jun-26;TikTok;Micro;Aprilina Waruwu;Lifestyle;https://www.tiktok.com/@aprilinawa/video/7652080273101704455?utm_campaign=tt4d_open_api&utm_source=awtsed5i9xzgi8ph;;;15400;729167;605;756;176;31;4;1,37%;27,91%;4,91%;964,5066138
Health Supplement;Enervon;Enervon Fizz;Consideration;Jun-26;TikTok;Nano;Rizka Annisa;Lifestyle;https://www.tiktok.com/@ikaaans9/video/7646384025443110165?is_from_webapp=1&sender_device=pc&web_id=7409935392189679112;;;2625;729167;67;84;21;1;1;0,88%;27,38%;3,20%;8680,559524
Health Supplement;Enervon;Enervon Fizz;Consideration;Jun-26;TikTok;Micro;Elga;Lifestyle;https://www.tiktok.com/@itz.ellga_/video/7646351019076488469?is_from_webapp=1&sender_device=pc;;;12800;729167;64;80;9;1;9;0,15%;23,75%;0,63%;9114,5875
Health Supplement;Enervon;Enervon Fizz;Consideration;Jun-26;TikTok;Nano;Sharen;Lifestyle;https://www.tiktok.com/@sheseaalss/video/7652339439032749332?is_from_webapp=1&sender_device=pc;;;2000;729167;270;337;39;25;15;3,95%;23,44%;16,85%;2163,700297
Health Supplement;Enervon;Enervon Fizz;Consideration;Jun-26;TikTok;Nano;Bintang Jasmine;Lifestyle;https://www.tiktok.com/@soerayach/video/7646290793266711829?is_from_webapp=1&sender_device=pc;;;1200;729167;1968;2460;432;25;11;39,00%;19,02%;205,00%;296,4093496
Health Supplement;Enervon;Enervon Fizz;Consideration;Jun-26;TikTok;Nano;Vinnia Putri;Lifestyle;https://www.tiktok.com/@vinniaptr_/video/7654458687540563208?utm_campaign=tt4d_open_api&utm_source=awtsed5i9xzgi8ph;;;5732;729167;223;279;38;0;0;0,66%;13,62%;4,87%;2613,501792
Health Supplement;Enervon;Enervon Fizz;Consideration;Jun-26;TikTok;Nano;Kevin Yudistira;Lifestyle;https://www.tiktok.com/@key_yta/video/7654933892419374354?is_from_webapp=1&sender_device=pc;;;4932;729167;478;598;63;0;2;1,32%;10,87%;12,12%;1219,342809
Health Supplement;Enervon;Enervon Fizz;Consideration;Jun-26;TikTok;Nano;Susi Oktavya;Lifestyle;https://www.tiktok.com/@susioktavya/video/7656493109592755477?is_from_webapp=1&sender_device=pc&web_id=7409935392189679112;;;1000;729167;85;106;8;2;1;1,10%;10,38%;10,60%;6878,933962
Health Supplement;Enervon;Enervon Fizz;Consideration;Jun-26;TikTok;Micro;Jesslyn Elisa Kosasih;Lifestyle;https://www.tiktok.com/@jesslynelisakosasih/video/7654898382938426631?is_from_webapp=1&sender_device=pc;;;11635;729167;94;118;12;0;0;0,10%;10,17%;1,01%;6179,381356
Health Supplement;Enervon;Enervon Fizz;Consideration;Jun-26;TikTok;Micro;RD Putri;Lifestyle;https://www.tiktok.com/@urfavgirlsoon_/video/7656391544676650248?utm_campaign=tt4d_open_api&utm_source=awtsed5i9xzgi8ph;;;14600;729167;103;129;11;0;0;0,08%;8,53%;0,88%;5652,457364
Health Supplement;Enervon;Enervon Fizz;Consideration;Jun-26;TikTok;Nano;Rifa Salma Kamila;Lifestyle;https://www.tiktok.com/@222rifaa/video/7656355119394557192?utm_campaign=tt4d_open_api&utm_source=awtsed5i9xzgi8ph;;;4015;729167;138;173;13;0;0;0,32%;7,51%;4,31%;4214,83815
Health Supplement;Enervon;Enervon Fizz;Consideration;Jun-26;TikTok;Micro;Rinjani Anita;Lifestyle;https://www.tiktok.com/@rinjanianita/video/7653833581822807316?is_from_webapp=1&sender_device=pc;;;13100;729167;98;123;5;1;3;0,07%;7,32%;0,94%;5928,186992
Health Supplement;Enervon;Enervon Fizz;Consideration;Jun-26;TikTok;Nano;Rakha Gandawa Kusuma;Lifestyle;https://www.tiktok.com/@rakhagandawa_/video/7652778445046369557?is_from_webapp=1&sender_device=pc;;;2508;729167;82;102;5;1;1;0,28%;6,86%;4,07%;7148,696078
Health Supplement;Enervon;Enervon Fizz;Consideration;Jun-26;TikTok;Micro;Shyva Titania;Lifestyle;https://www.tiktok.com/@stitania/video/7657085087527324935?utm_campaign=tt4d_open_api&utm_source=awtsed5i9xzgi8ph;;;12800;729167;35;44;3;0;0;0,02%;6,82%;0,34%;16571,97727
Health Supplement;Enervon;Enervon Fizz;Consideration;Jun-26;TikTok;Micro;Tiara;Lifestyle;https://www.tiktok.com/@tiara__125/video/7646285536914623752?is_from_webapp=1&sender_device=pc;;;12900;729167;2255;2819;149;23;7;1,39%;6,35%;21,85%;258,6615821
Health Supplement;Enervon;Enervon Fizz;Consideration;Jun-26;TikTok;Micro;Chandra Wijaya;Lifestyle;https://www.tiktok.com/@chandraawjy_/video/7646338932099042580?is_from_webapp=1&sender_device=pc;;;24200;729167;177;221;10;0;4;0,06%;6,33%;0,91%;3299,39819
Health Supplement;Enervon;Enervon Fizz;Consideration;Jun-26;TikTok;Nano;Risna Oktavia;Lifestyle;https://www.tiktok.com/@risnaoktaviahardanik/video/7656358639782923527?utm_campaign=tt4d_open_api&utm_source=awtsed5i9xzgi8ph;;;6166;729167;14;17;1;0;0;0,02%;5,88%;0,28%;42892,17647
Health Supplement;Enervon;Enervon Fizz;Consideration;Jun-26;TikTok;Micro;Firdania Arifah;Lifestyle;https://www.tiktok.com/@firdaniaarfh/video/7651241692003110151?is_from_webapp=1&sender_device=pc&web_id=7409935392189679112;;;20100;729167;122;153;7;0;1;0,04%;5,23%;0,76%;4765,797386
Health Supplement;Enervon;Enervon Fizz;Consideration;Jun-26;TikTok;Micro;Dewi mayasari;Lifestyle;https://www.tiktok.com/@dewi_maya05/video/7646298566318755079?is_from_webapp=1&sender_device=pc;;;36600;729167;1897;2371;112;1;3;0,32%;4,89%;6,48%;307,535639
Health Supplement;Enervon;Enervon Fizz;Consideration;Jun-26;TikTok;Nano;Marsya Nur B;Lifestyle;https://www.tiktok.com/@syaa.bai/video/7650430328158342418?is_from_webapp=1&sender_device=pc;;;8230;729167;139;174;5;0;3;0,10%;4,60%;2,11%;4190,614943
Health Supplement;Enervon;Enervon Fizz;Consideration;Jun-26;TikTok;Micro;Olifya;Lifestyle;https://www.tiktok.com/@livythetic/video/7655100367155383572?is_from_webapp=1&sender_device=pc;;;10400;729167;114;142;6;0;0;0,06%;4,23%;1,37%;5134,978873
Health Supplement;Enervon;Enervon Fizz;Consideration;Jun-26;TikTok;Micro;Rezky Iskandar;Lifestyle;https://www.tiktok.com/@kyskndr/video/7654922293935656213?is_from_webapp=1&sender_device=pc;;;36000;729167;194;243;10;0;0;0,03%;4,12%;0,68%;3000,687243
Health Supplement;Enervon;Enervon Fizz;Consideration;Jun-26;TikTok;Nano;Hidayat F;Lifestyle;https://www.tiktok.com/@hidayatfd/video/7646464986964970772?is_from_webapp=1&sender_device=pc&web_id=7409935392189679112;;;2952;729167;242;303;12;0;0;0,41%;3,96%;10,26%;2406,491749
Health Supplement;Enervon;Enervon Fizz;Consideration;Jun-26;TikTok;Nano;Jessi Agustina;Lifestyle;https://www.tiktok.com/@jessi_agstina/video/7653033064762707220?is_from_webapp=1&sender_device=pc;;;6300;729167;61;76;3;0;0;0,05%;3,95%;1,21%;9594,302632
Health Supplement;Enervon;Enervon Fizz;Consideration;Jun-26;TikTok;Micro;Shanon;Lifestyle;https://www.tiktok.com/@shanon_1208/video/7646006689103187220?is_from_webapp=1&sender_device=pc&web_id=7409935392189679112;;;10700;729167;915;1144;40;0;2;0,39%;3,67%;10,69%;637,3837413
Health Supplement;Enervon;Enervon Fizz;Consideration;Jun-26;TikTok;Micro;Naila Bilbina;Lifestyle;https://www.tiktok.com/@causeyoulose/video/7652573563693649173?is_from_webapp=1&sender_device=pc;;;34000;729167;2886;3607;110;2;1;0,33%;3,13%;10,61%;202,153313
Health Supplement;Enervon;Enervon Fizz;Consideration;Jun-26;TikTok;Nano;Desi Permata;Lifestyle;https://www.tiktok.com/@desiipermaataa/video/7652313052389444871?is_from_webapp=1&sender_device=pc&web_id=7409935392189679112;;;1223;729167;170;212;6;0;0;0,49%;2,83%;17,33%;3439,466981
Health Supplement;Enervon;Enervon Fizz;Consideration;Jun-26;TikTok;Micro;Rafi;Lifestyle;https://www.tiktok.com/@raff05_/video/7644108175502839048?is_from_webapp=1&sender_device=pc&web_id=7409935392189679112;;;16300;729167;3442;4302;92;2;5;0,61%;2,30%;26,39%;169,4948861
Health Supplement;Enervon;Enervon Fizz;Consideration;Jun-26;TikTok;Nano;Fetri Nur;Lifestyle;https://www.tiktok.com/@fetrinp/video/7650379019610754324?_r=1&_t=ZS-978p97TFSDp;;;5000;729167;1359;1699;22;0;15;0,74%;2,18%;33,98%;429,1742201
Health Supplement;Enervon;Enervon Fizz;Consideration;Jun-26;TikTok;Nano;Septia Anggraini;Lifestyle;https://www.tiktok.com/@sicant1k___/video/7645702935636135175?is_from_webapp=1&sender_device=pc;;;3274;729167;1245;1556;20;2;6;0,86%;1,80%;47,53%;468,6163239
Health Supplement;Enervon;Enervon Fizz;Consideration;Jun-26;TikTok;Nano;Fauziah Faisal;Lifestyle;https://www.tiktok.com/@moodciaa/video/7651201726929702165?is_from_webapp=1&sender_device=pc&web_id=7409935392189679112;;;1099;729167;796;995;8;0;1;0,82%;0,90%;90,54%;732,8311558
Health Supplement;Enervon;Enervon Fizz;Consideration;Mar-26;TikTok;Micro;milamiza;Lifestyle;https://www.tiktok.com/@milamiza00/video/7613538543574650120?utm_campaign=tt4d_open_api&utm_source=awtsed5i9xzgi8ph;;;12077;950000;223;296;74;44;6;1,03%;41,89%;2,45%;3209,459459
Health Supplement;Enervon;Enervon Fizz;Consideration;Mar-26;TikTok;Micro;Reynaldi Galuh Mulyana;Lifestyle;https://www.tiktok.com/@tipsmahasiswa/video/7613022311611911445?utm_campaign=tt4d_open_api&utm_source=awtsed5i9xzgi8ph;;;22374;950000;351;426;32;13;17;0,28%;14,55%;1,90%;2230,046948
Health Supplement;Enervon;Enervon Fizz;Consideration;Mar-26;TikTok;Micro;Ganis Alma Latifa;Lifestyle;https://www.tiktok.com/@latifalma/video/7613339729219685650?utm_campaign=tt4d_open_api&utm_source=awtsed5i9xzgi8ph;;;12807;950000;303;425;23;0;2;0,20%;5,88%;3,32%;2235,294118
Health Supplement;Enervon;Enervon Fizz;Consideration;Mar-26;TikTok;Micro;Rifa Salma Kamila;Lifestyle;https://www.tiktok.com/@222rifaa/video/7614165698612333832?utm_campaign=tt4d_open_api&utm_source=awtsed5i9xzgi8ph;;;11441;950000;253;337;30;2;2;0,30%;10,09%;2,95%;2818,991098
Health Supplement;Enervon;Enervon Fizz;Consideration;Mar-26;TikTok;Micro;Fadly Hidayat;Lifestyle;https://www.tiktok.com/@hidayatfd/video/7613193599710268692?utm_campaign=tt4d_open_api&utm_source=awtsed5i9xzgi8ph;;;18893;950000;1700;2109;151;0;1;0,80%;7,21%;11,16%;450,4504505
Health Supplement;Enervon;Enervon Fizz;Consideration;Mar-26;TikTok;Micro;Carine Nadiav;Lifestyle;https://www.tiktok.com/@carpybaraz/video/7613760516732751125?utm_campaign=tt4d_open_api&utm_source=awtsed5i9xzgi8ph;;;72073;950000;424;514;39;2;2;0,06%;8,37%;0,71%;1848,249027
Health Supplement;Enervon;Enervon Fizz;Consideration;Mar-26;TikTok;Micro;Nurita ef;Lifestyle;https://www.tiktok.com/@nuritarara/video/7613145126793219335?utm_campaign=tt4d_open_api&utm_source=awtsed5i9xzgi8ph;;;11790;950000;167;491;17;3;2;0,19%;4,48%;4,16%;1934,826884
Health Supplement;Enervon;Enervon Fizz;Consideration;Mar-26;TikTok;Micro;Rafa Ersa;Lifestyle;https://www.tiktok.com/@erswaldorf/video/7613639429881597202?utm_campaign=tt4d_open_api&utm_source=awtsed5i9xzgi8ph;;;22278;950000;426;1065;206;1;14;0,99%;20,75%;4,78%;892,0187793
Health Supplement;Enervon;Enervon Fizz;Consideration;Mar-26;TikTok;Micro;Aji Dwi Prasetyo;Lifestyle;https://www.tiktok.com/@adwi.pr/video/7614407636523568392?utm_campaign=tt4d_open_api&utm_source=awtsed5i9xzgi8ph;;;11731;950000;545;630;16;1;4;0,18%;3,33%;5,37%;1507,936508
Health Supplement;Enervon;Enervon Fizz;Consideration;Mar-26;TikTok;Micro;Agung Tommy;Lifestyle;https://www.tiktok.com/@fevereating/video/7614359896150035733?utm_campaign=tt4d_open_api&utm_source=awtsed5i9xzgi8ph;;;17760;950000;274;468;16;8;7;0,17%;6,62%;2,64%;2029,91453
Health Supplement;Enervon;Enervon Fizz;Consideration;Mar-26;TikTok;Micro;Nurman Sidik;Lifestyle;https://www.tiktok.com/@reviewbymanz/video/7613996394931571986?utm_campaign=tt4d_open_api&utm_source=awtsed5i9xzgi8ph;;;12326;950000;1500;1807;129;1;15;1,18%;8,02%;14,66%;525,7332595
Health Supplement;Enervon;Enervon Fizz;Consideration;Mar-26;TikTok;Micro;Nur Lina;Lifestyle;https://www.tiktok.com/@heiina1_/video/7614125832000359700?utm_campaign=tt4d_open_api&utm_source=awtsed5i9xzgi8ph;;;10153;950000;3700;5592;268;29;23;3,15%;5,72%;55,08%;169,8855508
Health Supplement;Enervon;Enervon Fizz;Consideration;Mar-26;TikTok;Micro;Ficky Taufik Hidayat;Lifestyle;https://www.tiktok.com/@kamilahfickychannel/video/7614785343472094472?utm_campaign=tt4d_open_api&utm_source=awtsed5i9xzgi8ph;;;29999;950000;9700;12622;527;12;4;1,81%;4,30%;42,07%;75,2654096
Health Supplement;Enervon;Enervon Fizz;Consideration;Mar-26;TikTok;Micro;chacha peregerin;Lifestyle;https://www.tiktok.com/@oktavianac/video/7614928861117074706?utm_campaign=tt4d_open_api&utm_source=awtsed5i9xzgi8ph;;;22462;950000;1700;1847;22;15;11;0,21%;2,60%;8,22%;514,3475907
Health Supplement;Enervon;Enervon Fizz;Consideration;Mar-26;TikTok;Micro;Elokclaraa;Lifestyle;https://www.tiktok.com/@elokclaraa/video/7614099262477012232?utm_campaign=tt4d_open_api&utm_source=awtsed5i9xzgi8ph;;;15122;950000;2300;2411;61;2;4;0,44%;2,78%;15,94%;394,0273745
Health Supplement;Enervon;Enervon Fizz;Consideration;Mar-26;TikTok;Micro;Silvia Ratu Pitaloka;Lifestyle;https://www.tiktok.com/@silviaratuu/video/7614435684937436436?utm_campaign=tt4d_open_api&utm_source=awtsed5i9xzgi8ph;;;35399;950000;1300;1391;96;1;1;0,28%;7,05%;3,93%;682,9618979
Health Supplement;Enervon;Enervon Fizz;Consideration;Mar-26;TikTok;Micro;Diajeng Melati S;Lifestyle;https://www.tiktok.com/@ajeeengms/video/7614305546946006290?utm_campaign=tt4d_open_api&utm_source=awtsed5i9xzgi8ph;;;10047;950000;1400;1852;108;13;4;1,24%;6,75%;18,43%;512,9589633
Health Supplement;Enervon;Enervon Fizz;Consideration;Mar-26;TikTok;Micro;Eka Rukmanasari;Lifestyle;https://www.tiktok.com/@hellow_saa/video/7613656782774340871?utm_campaign=tt4d_open_api&utm_source=awtsed5i9xzgi8ph;;;69811;950000;493;643;55;2;0;0,08%;8,86%;0,92%;1477,449456
Health Supplement;Enervon;Enervon Fizz;Consideration;Mar-26;TikTok;Micro;Rahmadilla Putri Berliana;Lifestyle;https://www.tiktok.com/@b.eerly/video/7614082694112120085?utm_campaign=tt4d_open_api&utm_source=awtsed5i9xzgi8ph;;;11870;950000;269;2321;16;1;36;0,45%;2,28%;19,55%;409,3063335
Health Supplement;Enervon;Enervon Fizz;Consideration;Mar-26;TikTok;Micro;Annisa Nurma Utami;Lifestyle;https://www.tiktok.com/@annisanuuu/video/7613220983754722568?utm_campaign=tt4d_open_api&utm_source=awtsed5i9xzgi8ph;;;31315;950000;466;596;15;0;0;0,05%;2,52%;1,90%;1593,959732
Health Supplement;Enervon;Enervon Fizz;Consideration;Mar-26;TikTok;Micro;EGI SUANDI;Lifestyle;https://www.tiktok.com/@egisuandi/video/7613997937831496976?utm_campaign=tt4d_open_api&utm_source=awtsed5i9xzgi8ph;;;39868;950000;256;300;15;2;1;0,05%;6,00%;0,75%;3166,666667
Health Supplement;Enervon;Enervon Fizz;Consideration;Mar-26;TikTok;Micro;Feby Asriani;Lifestyle;https://www.tiktok.com/@febyasr_/video/7613628516587883796?utm_campaign=tt4d_open_api&utm_source=awtsed5i9xzgi8ph;;;21953;950000;2500;2672;118;1;1;0,55%;4,49%;12,17%;355,5389222
Health Supplement;Enervon;Enervon Fizz;Consideration;Mar-26;TikTok;Micro;DODY SENJAYA;Lifestyle;https://www.tiktok.com/@langkahdody/video/7613398517016579336?utm_campaign=tt4d_open_api&utm_source=awtsed5i9xzgi8ph;;;98460;950000;4900;6583;347;5;18;0,38%;5,62%;6,69%;144,3111044
Health Supplement;Enervon;Enervon Fizz;Consideration;Mar-26;TikTok;Macro;Irma Puspitasari;Lifestyle;https://www.tiktok.com/@irma_puspitasari/video/7614864104582335765?is_from_webapp=1&sender_device=pc;;;238400;950000;43000;48570;1532;17;21;0,66%;3,23%;20,37%;19,55939881
Health Supplement;Enervon;Enervon Fizz;Consideration;Mar-26;TikTok;Micro;Mustami Rosyidah;Lifestyle;https://www.tiktok.com/@mustamiirrosyidah/video/7614897266654219541?is_from_webapp=1&sender_device=pc;;;10400;950000;4255;4255;215;14;12;2,32%;5,66%;40,91%;223,266745
Health Supplement;Enervon;Enervon Fizz;Consideration;Mar-26;TikTok;Micro;Nabila Awanda;Lifestyle;https://www.tiktok.com/@aw.ann/video/7615095430082301191?is_from_webapp=1&sender_device=pc;;;12600;950000;209;258;305;0;0;2,42%;118,22%;2,05%;3682,170543
Health Supplement;Enervon;Enervon Fizz;Consideration;Mar-26;TikTok;Micro;Fani;Lifestyle;https://www.tiktok.com/@byfa.ni/video/7615167933009972501?is_from_webapp=1&sender_device=pc;;;12800;950000;1800;2030;20;0;0;0,16%;0,99%;15,86%;467,9802956
Health Supplement;Enervon;Enervon Fizz;Consideration;Mar-26;TikTok;Micro;Karisma Nurhady;Lifestyle;https://www.tiktok.com/@karismanhdy_/video/7615180824756981012?is_from_webapp=1&sender_device=pc;;;12300;950000;252;281;8;4;0;0,10%;4,27%;2,28%;3380,782918
Health Supplement;Enervon;Enervon Fizz;Consideration;Mar-26;TikTok;Micro;Adim Miftah;Lifestyle;https://www.tiktok.com/@adimmiftah/video/7615189203399413000?utm_campaign=tt4d_open_api&utm_source=awtsed5i9xzgi8ph;;;26673;950000;668;915;9;0;1;0,04%;1,09%;3,43%;1038,251366
Health Supplement;Enervon;Enervon Fizz;Consideration;Mar-26;TikTok;Micro;Mutiyaa;Lifestyle;https://www.tiktok.com/@mutiyamutya/video/7615493642496658708?utm_campaign=tt4d_open_api&utm_source=awtsed5i9xzgi8ph;;;11380;950000;95;499;3;6;5;0,12%;2,81%;4,38%;1903,807615
Health Supplement;Enervon;Enervon Fizz;Consideration;Mar-26;TikTok;Micro;Syarah Larasaty;Lifestyle;https://www.tiktok.com/@sesisarah31/video/7615559587650866439?utm_campaign=tt4d_open_api&utm_source=awtsed5i9xzgi8ph;;;12656;950000;467;704;115;0;0;0,91%;16,34%;5,56%;1349,431818
Health Supplement;Enervon;Enervon Fizz;Consideration;Mar-26;TikTok;Micro;Mya Oktarina;Lifestyle;https://www.tiktok.com/@myaoktarina/video/7615962060043586836?is_from_webapp=1&sender_device=pc&web_id=7409935392189679112;;;11057;950000;155;189;11;1;4;0,14%;8,47%;1,71%;5026,455026
Health Supplement;Enervon;Enervon Fizz;Consideration;Mar-26;Instagram;Macro;Gofar Hilman;Lifestyle;https://www.instagram.com/reel/DViY1p3ksQ5/?utm_source=ig_web_copy_link&igsh=MzRlODBiNWFlZA==;;;131000;63333333;120537;171100;7600;40;137;5,94%;4,55%;130,61%;370,1539041
Health Supplement;Enervon;Enervon Fizz;Consideration;Mar-26;Instagram;Macro;Gofar Hilman;Lifestyle;https://www.instagram.com/reel/DVigS-CEpef/?utm_source=ig_web_copy_link&igsh=MzRlODBiNWFlZA==;;;131000;63333333;261402;179915;5500;167;120;4,42%;3,22%;137,34%;352,0180808
Health Supplement;Enervon;Enervon Fizz;Consideration;Mar-26;Instagram;Micro;Do You See What I See;Lifestyle;https://www.instagram.com/p/DVVp-iQAYSO/;;;27100;13833333;3376;4278;44;4;4;0,19%;1,22%;15,79%;3233,598177
Health Supplement;Enervon;Enervon Fizz;Consideration;Mar-26;Instagram;Micro;Detective Aldo;Lifestyle;https://www.instagram.com/rivaldosantosa/;;;58000;21250000;7121;10702;534;4;6;0,94%;5,08%;18,45%;1985,610166
Health Supplement;Enervon;Enervon Fizz;Consideration;Mar-26;TikTok;Macro;jejouw;Lifestyle;https://vt.tiktok.com/ZSHYYKEd8/;;;444000;150000000;135900;135900;17800;65;227;4,07%;13,31%;30,61%;1103,752759
Health Supplement;Enervon;Enervon Fizz;Consideration;May-26;TikTok;Macro;dr Ekida;Health;https://vt.tiktok.com/ZS9p5QggT/;;;416000;36300000;11700;22602;86;3;7;0,02%;0,42%;5,43%;1606,052562
Health Supplement;Enervon;Enervon Fizz;Consideration;May-26;TikTok;Macro;Murtiws;Lifestyle;https://www.tiktok.com/@murtiws01/video/7634847738034654484?lang=en;;;577500;24750000;24200;28089;2047;20;11;0,36%;7,40%;4,86%;881,1278436
Health Supplement;Enervon;Enervon Fizz;Consideration;May-26;TikTok;Micro;dr. Akhamad Haidar;Health;https://vt.tiktok.com/ZS9PRseKH/;;;33300;1320000;291;1129;27;2;5;0,10%;3,01%;3,39%;1169,176262
Health Supplement;Enervon;Enervon Fizz;Consideration;May-26;TikTok;Mega;Ricky Harun;Lifestyle;https://vt.tiktok.com/ZS9PRseKH/;;;1900000;58000000;7800;12596;236;17;7;0,01%;2,06%;0,66%;4604,636393
Health Supplement;Enervon;Enervon Fizz;Consideration;May-26;TikTok;Micro;ficky taufik hidayat;Lifestyle;https://www.tiktok.com/@kamilahfickychannel/video/7638583384540843272?is_from_webapp=1&sender_device=pc&web_id=7611362116235740689;;;35000;950000;16000;20333;503;10;3;1,47%;2,54%;58,09%;46,72207741
Health Supplement;Enervon;Enervon Fizz;Consideration;May-26;TikTok;Micro;Anisa aryanti;Lifestyle;https://vt.tiktok.com/ZSQ1mLYuD/;;;11000;950000;6800;8222;595;20;0;5,59%;7,48%;74,75%;115,5436633
Health Supplement;Enervon;Enervon Fizz;Consideration;May-26;TikTok;Micro;Maria Celcifiana;Lifestyle;https://vt.tiktok.com/ZSxEV28cv/;;;15400;950000;7700;7896;450;3;0;2,94%;5,74%;51,27%;120,3140831
Health Supplement;Enervon;Enervon Fizz;Consideration;May-26;TikTok;Nano;Yulita mahardini;Lifestyle;https://vt.tiktok.com/ZSxqBPV8a/;;;2625;950000;53;6770;939;31;2;37,03%;14,36%;257,90%;140,3249631
Health Supplement;Enervon;Enervon Fizz;Consideration;May-26;TikTok;Micro;Vennessa Krisma;Lifestyle;https://vt.tiktok.com/ZS94cvBgK/;;;12800;950000;4200;5477;106;0;21;0,99%;2,32%;42,79%;173,45262
Health Supplement;Enervon;Enervon Fizz;Consideration;May-26;TikTok;Nano;Tasia Dian Putri;Lifestyle;https://vt.tiktok.com/ZS94nuLd6/;;;2000;950000;2300;4744;86;2;12;5,00%;2,11%;237,20%;200,2529511
Health Supplement;Enervon;Enervon Fizz;Consideration;May-26;TikTok;Nano;Novitry Gani;Lifestyle;https://vt.tiktok.com/ZSQ8Lph8M/;;;1200;950000;2900;3993;257;33;24;26,17%;7,86%;332,75%;237,9163536
Health Supplement;Enervon;Enervon Fizz;Consideration;May-26;TikTok;Nano;Michele Angeline Cristy;Lifestyle;https://vt.tiktok.com/ZSxvdDd1g/;;;5732;950000;457;3769;204;7;11;3,87%;5,89%;65,75%;252,0562483
Health Supplement;Enervon;Enervon Fizz;Consideration;May-26;TikTok;Nano;Valerie;Lifestyle;https://vt.tiktok.com/ZSQFfkvsW/;;;4932;950000;107;3316;84;0;0;1,70%;2,53%;67,23%;286,4897467
Health Supplement;Enervon;Enervon Fizz;Consideration;May-26;TikTok;Nano;Ardhi achmad mardiansyah;Lifestyle;https://vt.tiktok.com/ZSQrdJGjj/;;;1000;950000;2500;3066;158;21;21;20,00%;6,52%;306,60%;309,8499674
Health Supplement;Enervon;Enervon Fizz;Consideration;May-26;TikTok;Micro;Patrice Vianca;Lifestyle;https://vt.tiktok.com/ZSQhGaK1H/;;;11635;950000;2400;3013;151;0;0;1,30%;5,01%;25,90%;315,3003651
Health Supplement;Enervon;Enervon Fizz;Consideration;May-26;TikTok;Micro;Ades Kelvin;Lifestyle;https://vt.tiktok.com/ZSxotFCoB/;;;14600;950000;1900;2837;108;2;0;0,75%;3,88%;19,43%;334,8607684
Health Supplement;Enervon;Enervon Fizz;Consideration;May-26;TikTok;Nano;Rizka Annisa;Lifestyle;https://vt.tiktok.com/ZSx3fSLCm/;;;4015;950000;7;2781;103;1;1;2,62%;3,78%;69,27%;341,6037397
Health Supplement;Enervon;Enervon Fizz;Consideration;May-26;TikTok;Micro;Marisha Gabrila Sutanto;Lifestyle;https://vt.tiktok.com/ZSxb1pNcy/;;;13100;950000;2500;2751;110;2;9;0,92%;4,40%;21,00%;345,3289713
Health Supplement;Enervon;Enervon Fizz;Consideration;May-26;TikTok;Nano;Aristya sandra;Lifestyle;https://www.tiktok.com/@casandraaaaa31/video/7640825894797315349?is_from_webapp=1&sender_device=pc&web_id=7409935392189679112;;;2508;950000;2000;2686;58;14;6;3,11%;2,90%;107,10%;353,6857781
Health Supplement;Enervon;Enervon Fizz;Consideration;May-26;TikTok;Micro;tiara__125;Lifestyle;https://vt.tiktok.com/ZSxvkCqHj/;;;12800;950000;897;2532;134;23;7;1,28%;6,48%;19,78%;375,1974724
Health Supplement;Enervon;Enervon Fizz;Consideration;May-26;TikTok;Micro;Patricia Purnama;Lifestyle;https://vt.tiktok.com/ZS9oadWf4/;;;12900;950000;2100;2496;149;14;10;1,34%;6,93%;19,35%;380,6089744
Health Supplement;Enervon;Enervon Fizz;Consideration;May-26;TikTok;Micro;Bintang Jasmine;Lifestyle;https://vt.tiktok.com/ZSxv6Po1B/;;;24200;950000;2200;2375;428;25;8;1,90%;19,41%;9,81%;400
Health Supplement;Enervon;Enervon Fizz;Consideration;May-26;TikTok;Nano;Anisa;Lifestyle;https://vt.tiktok.com/ZS9w5Y6ML/;;;6166;950000;2425;2300;128;8;102;3,86%;10,35%;37,30%;413,0434783
Health Supplement;Enervon;Enervon Fizz;Consideration;May-26;TikTok;Micro;Selvi okta;Lifestyle;https://vt.tiktok.com/ZS9tmqJec/;;;20100;950000;3015;2200;151;1;5;0,78%;7,14%;10,95%;431,8181818
Health Supplement;Enervon;Enervon Fizz;Consideration;May-26;TikTok;Micro;Dewi mayasari;Lifestyle;https://vt.tiktok.com/ZSxvk4gyL/;;;36600;950000;43;2200;98;1;3;0,28%;4,64%;6,01%;431,8181818
Health Supplement;Enervon;Enervon Fizz;Consideration;May-26;TikTok;Nano;Dian anastasia;Lifestyle;https://vt.tiktok.com/ZSxNJg6QM/;;;8230;950000;1900;2189;99;6;9;1,39%;5,21%;26,60%;433,9881224
Health Supplement;Enervon;Enervon Fizz;Consideration;May-26;TikTok;Micro;Dwi Rizky;Lifestyle;https://vt.tiktok.com/ZSQN6mmNw/;;;10400;950000;1900;2133;101;7;6;1,10%;5,34%;20,51%;445,382091
Health Supplement;Enervon;Enervon Fizz;Consideration;May-26;TikTok;Micro;Silvia Ratu Pitaloka;Lifestyle;https://vt.tiktok.com/ZSQM6AwE4/;;;36000;950000;213;2106;9;0;0;0,03%;0,43%;5,85%;451,0921178
Health Supplement;Enervon;Enervon Fizz;Consideration;May-26;TikTok;Nano;Novia ningrum;Lifestyle;https://vt.tiktok.com/ZSxEDoJRb/;;;2952;950000;1800;1979;110;0;1;3,76%;5,61%;67,04%;480,0404245
Health Supplement;Enervon;Enervon Fizz;Consideration;May-26;TikTok;Nano;Intan Maya Lestari;Lifestyle;https://vt.tiktok.com/ZSQRSA8wa/;;;6300;950000;1800;1939;121;7;12;2,22%;7,22%;30,78%;489,9432697
Health Supplement;Enervon;Enervon Fizz;Consideration;May-26;TikTok;Micro;chacha peregrin;Lifestyle;https://vt.tiktok.com/ZSxEUjHd7/;;;10700;950000;1570;1670;39;31;25;0,89%;5,69%;15,61%;568,8622754
Health Supplement;Enervon;Enervon Fizz;Consideration;May-26;TikTok;Micro;Septia angraini;Lifestyle;https://vt.tiktok.com/ZSxtfCY9c/;;;34000;950000;1200;1498;19;2;5;0,08%;1,74%;4,41%;634,1789052
Health Supplement;Enervon;Enervon Fizz;Consideration;May-26;TikTok;Nano;Regina Bundiarti;Lifestyle;https://vt.tiktok.com/ZSxEa7A1x/;;;1223;950000;1200;1477;61;0;2;5,15%;4,27%;120,77%;643,1956669
Health Supplement;Enervon;Enervon Fizz;Consideration;May-26;TikTok;Micro;Yesi Meriana Silva;Lifestyle;https://vt.tiktok.com/ZS94KHFQT/;;;16300;950000;1200;1445;50;6;11;0,41%;4,64%;8,87%;657,4394464
Health Supplement;Enervon;Enervon Fizz;Consideration;May-26;TikTok;Nano;rafa ersa;Lifestyle;https://vt.tiktok.com/ZSxoYqvfP/;;;5000;950000;1200;1364;115;1;9;2,50%;9,16%;27,28%;696,4809384
Health Supplement;Enervon;Enervon Fizz;Consideration;May-26;TikTok;Nano;femiy;Lifestyle;https://vt.tiktok.com/ZSxEDSTTc/;;;3274;950000;995;1265;66;5;3;2,26%;5,85%;38,64%;750,9881423
Health Supplement;Enervon;Enervon Fizz;Consideration;May-26;TikTok;Nano;raff05_;Lifestyle;https://vt.tiktok.com/ZSx3opGNC/;;;1099;950000;1000;1261;63;1;1;5,91%;5,15%;114,74%;753,370341
Health Supplement;Enervon;Enervon Fizz;Consideration;May-26;TikTok;Micro;Katerine Wilson;Lifestyle;https://vt.tiktok.com/ZSxv14ys7/;;;12100;950000;649;1193;117;0;0;0,97%;9,81%;9,86%;796,3118189
Health Supplement;Enervon;Enervon Fizz;Consideration;May-26;TikTok;Micro;Gandhies fitriah damayanti;Lifestyle;https://vt.tiktok.com/ZSxEAsDJA/;;;14800;950000;699;971;44;2;0;0,31%;4,74%;6,56%;978,3728115
Health Supplement;Enervon;Enervon Fizz;Consideration;May-26;TikTok;Nano;Hebron Irham;Lifestyle;https://vt.tiktok.com/ZSQ1XDjFV/;;;3085;950000;927;927;57;1;2;1,94%;6,47%;30,05%;1024,811219
Health Supplement;Enervon;Enervon Fizz;Consideration;May-26;TikTok;Nano;Tamara berliana;Lifestyle;https://www.tiktok.com/@itsmetamm_/video/7639281732822240520?is_from_webapp=1&sender_device=pc;;;2052;950000;687;795;30;12;13;2,68%;6,92%;38,74%;1194,968553
Health Supplement;Enervon;Enervon Fizz;Consideration;May-26;TikTok;Micro;audriana felicia;Lifestyle;https://vt.tiktok.com/ZSxQmjPht/;;;15600;950000;476;686;20;1;2;0,15%;3,35%;4,40%;1384,83965
Health Supplement;Enervon;Enervon Fizz;Consideration;May-26;TikTok;Nano;shanon;Lifestyle;https://vt.tiktok.com/ZSx33gAVv/;;;2430;950000;444;580;10;3;5;0,74%;3,10%;23,87%;1637,931034
Health Supplement;Enervon;Enervon Fizz;Consideration;May-26;TikTok;Micro;Carine nadiav;Lifestyle;https://www.tiktok.com/@carpybaraz/video/7635195952327904519?is_from_webapp=1&sender_device=pc&web_id=7409935392189679112;;;11600;950000;439;561;34;7;0;0,35%;7,31%;4,84%;1693,404635
Health Supplement;Enervon;Enervon Fizz;Consideration;May-26;TikTok;Micro;aleeiyaa;Lifestyle;https://www.tiktok.com/@ale.iya.apa/video/7640469320950254856?is_from_webapp=1&sender_device=pc&web_id=7409935392189679112;;;14600;950000;260;401;9;0;1;0,07%;2,49%;2,75%;2369,077307
Health Supplement;Enervon;Enervon Fizz;Consideration;May-26;TikTok;Micro;aras;Lifestyle;https://vt.tiktok.com/ZS9noyaRf/;;;12200;950000;99;393;32;27;33;0,75%;23,41%;3,22%;2417,302799
Health Supplement;Enervon;Enervon Fizz;Consideration;May-26;TikTok;Micro;Renaldo Sihombing;Lifestyle;https://vt.tiktok.com/ZSxEhWLvV/;;;29900;950000;265;341;17;1;0;0,06%;5,28%;1,14%;2785,923754
Health Supplement;Enervon;Enervon Fizz;Consideration;May-26;TikTok;Nano;Ipuyung;Lifestyle;https://vt.tiktok.com/ZSx8apnMg/;;;2447;950000;267;302;9;0;1;0,41%;3,31%;12,34%;3145,695364
Health Supplement;Enervon;Enervon Fizz;Consideration;May-26;TikTok;Micro;HANA RAMADHANTY;Lifestyle;https://vt.tiktok.com/ZSxESqneF/;;;10200;950000;245;298;18;7;9;0,33%;11,41%;2,92%;3187,919463
Health Supplement;Enervon;Enervon Fizz;Consideration;May-26;TikTok;Micro;fauziah faisal;Lifestyle;https://vt.tiktok.com/ZS9tbxc5H/;;;12000;950000;350;293;20;14;11;0,38%;15,36%;2,44%;3242,320819
Health Supplement;Enervon;Enervon Fizz;Consideration;May-26;TikTok;Micro;jessica pingkan;Lifestyle;https://vt.tiktok.com/ZS94WPtW5/;;;65800;950000;80;251;17;0;0;0,03%;6,77%;0,38%;3784,860558
Health Supplement;Enervon;Enervon Fizz;Consideration;May-26;TikTok;Micro;m.danielmaulana;Lifestyle;https://vt.tiktok.com/ZSxQHGojF/;;;36500;950000;118;231;11;1;1;0,04%;5,63%;0,63%;4112,554113
Health Supplement;Enervon;Enervon Fizz;Consideration;May-26;TikTok;Nano;Desi Gita;Lifestyle;https://vt.tiktok.com/ZS9t6d1Ra/;;;3430;950000;217;217;6;2;1;0,26%;4,15%;6,33%;4377,880184
Health Supplement;Enervon;Enervon Fizz;Consideration;May-26;TikTok;Micro;Maria Virly;Lifestyle;https://vt.tiktok.com/ZS9tgcN3C/;;;24700;950000;200;200;3;0;2;0,02%;2,50%;0,81%;4750
Health Supplement;Enervon;Enervon Fizz;Consideration;May-26;TikTok;Nano;marcia;Lifestyle;https://www.tiktok.com/@marciangel20_/video/7642362475320593671?is_from_webapp=1&sender_device=pc&web_id=7409935392189679112;;;7900;950000;148;188;8;0;1;0,11%;4,79%;2,38%;5053,191489
Health Supplement;Enervon;Enervon Fizz;Consideration;May-26;TikTok;Micro;chandraawjy_;Lifestyle;https://vt.tiktok.com/ZSxvXrL7y/;;;14500;950000;169;171;9;0;4;0,09%;7,60%;1,18%;5555,555556
Health Supplement;Enervon;Enervon Fizz;Consideration;May-26;TikTok;Micro;Olga Clarissa w;Lifestyle;https://vt.tiktok.com/ZSxqfgJXN/;;;17500;950000;108;167;9;5;3;0,10%;10,18%;0,95%;5688,622754
Health Supplement;Enervon;Enervon Fizz;Consideration;May-26;TikTok;Nano;Firdania Arifah;Lifestyle;https://vt.tiktok.com/ZSxr3CjDQ/;;;3200;950000;128;165;9;0;2;0,34%;6,67%;5,16%;5757,575758
Health Supplement;Enervon;Enervon Fizz;Consideration;May-26;TikTok;Nano;Clara  yunifer;Lifestyle;https://vt.tiktok.com/ZSxRws17u/;;;7200;950000;143;163;8;1;0;0,13%;5,52%;2,26%;5828,220859
Health Supplement;Enervon;Enervon Fizz;Consideration;May-26;TikTok;Nano;Abimanyu Ramadhan;Lifestyle;https://vt.tiktok.com/ZSxoxYRHJ/;;;5132;950000;111;147;10;3;12;0,49%;17,01%;2,86%;6462,585034
Health Supplement;Enervon;Enervon Fizz;Consideration;May-26;TikTok;Nano;Susan;Lifestyle;https://vt.tiktok.com/ZSx8mS6nh/;;;1691;950000;103;141;15;16;5;2,13%;25,53%;8,34%;6737,588652
Health Supplement;Enervon;Enervon Fizz;Consideration;May-26;TikTok;Micro;Sharon monica;Lifestyle;https://www.tiktok.com/@sharonkho02/video/7640811303954615570?is_from_webapp=1&sender_device=pc&web_id=7409935392189679112;;;14100;950000;103;140;7;0;0;0,05%;5,00%;0,99%;6785,714286
Health Supplement;Enervon;Enervon Fizz;Consideration;May-26;TikTok;Nano;Alvin Stevanus;Lifestyle;https://vt.tiktok.com/ZSxEfB5ax/;;;1300;950000;112;140;6;0;0;0,46%;4,29%;10,77%;6785,714286
Health Supplement;Enervon;Enervon Fizz;Consideration;May-26;TikTok;Micro;reviewanggunhs;Lifestyle;https://vt.tiktok.com/ZS947xEjt/;;;10300;950000;92;139;5;0;1;0,06%;4,32%;1,35%;6834,532374
Health Supplement;Enervon;Enervon Fizz;Consideration;May-26;TikTok;Micro;Zulfikri Sukma;Lifestyle;https://www.tiktok.com/@zulfikrisukma/video/7641092729358798088?is_from_webapp=1&sender_device=pc;;;10000;950000;119;139;8;1;2;0,11%;7,91%;1,39%;6834,532374
Health Supplement;Enervon;Enervon Fizz;Consideration;May-26;TikTok;Nano;hennikalistari;Lifestyle;https://vt.tiktok.com/ZSxQs11s8/;;;4407;950000;118;126;3;0;0;0,07%;2,38%;2,86%;7539,68254
Health Supplement;Enervon;Enervon Fizz;Consideration;May-26;TikTok;Nano;Angela Kartika;Lifestyle;https://vt.tiktok.com/ZSxECWE9F/;;;6940;950000;101;126;3;0;0;0,04%;2,38%;1,82%;7539,68254
Health Supplement;Enervon;Enervon Fizz;Consideration;May-26;TikTok;Micro;Diah Ayu Oktaviayanti;Lifestyle;https://vt.tiktok.com/ZS9Vhj2n7/;;;28000;950000;85;118;19;11;15;0,16%;38,14%;0,42%;8050,847458
Health Supplement;Enervon;Enervon Fizz;Consideration;May-26;TikTok;Micro;dailyofsyf;Lifestyle;https://vt.tiktok.com/ZSxr9JTPb/;;;11700;950000;75;100;8;4;1;0,11%;13,00%;0,85%;9500
Health Supplement;Enervon;Enervon Fizz;Consideration;May-26;TikTok;Micro;Edwin syahril sidiq;Lifestyle;https://vt.tiktok.com/ZSxQK4W6Q/;;;13400;950000;64;90;5;0;4;0,07%;10,00%;0,67%;10555,55556
Health Supplement;Enervon;Enervon Fizz;Consideration;May-26;TikTok;Nano;Virginia Janet;Lifestyle;https://vt.tiktok.com/ZSxESYDeb/;;;5193;950000;60;89;13;5;0;0,35%;20,22%;1,71%;10674,1573
Health Supplement;Enervon;Enervon Fizz;Consideration;May-26;TikTok;Micro;fadly hidayat;Lifestyle;https://vt.tiktok.com/ZSxcqAjm1/;;;15500;950000;84;84;5;0;0;0,03%;5,95%;0,54%;11309,52381
Health Supplement;Enervon;Enervon Fizz;Consideration;May-26;TikTok;Micro;Rihyuna;Lifestyle;https://www.tiktok.com/@rihyuna/video/7640871445454671112?is_from_webapp=1&sender_device=pc&web_id=7409935392189679112;;;10500;950000;66;81;14;9;7;0,29%;37,04%;0,77%;11728,39506
Health Supplement;Enervon;Enervon Fizz;Consideration;May-26;TikTok;Micro;Sella Christy;Lifestyle;https://vt.tiktok.com/ZSx19M8sw/;;;29000;950000;58;76;5;0;0;0,02%;6,58%;0,26%;12500
Health Supplement;Enervon;Enervon Fizz;Consideration;May-26;TikTok;Nano;Itz.ellga_;Lifestyle;https://vt.tiktok.com/ZSxvgnXCc/;;;4110;950000;54;57;57;1;6;1,56%;112,28%;1,39%;16666,66667
Health Supplement;Enervon;Enervon Fizz;Consideration;May-26;TikTok;Nano;kinan;Lifestyle;https://vt.tiktok.com/ZSxS5GxMm/;;;3087;950000;50;55;9;0;2;0,36%;20,00%;1,78%;17272,72727
Health Supplement;Enervon;Enervon Fizz;Consideration;May-26;TikTok;Micro;Alex effendhy;Lifestyle;https://www.tiktok.com/@alex_bule/video/7644925978149620999?is_from_webapp=1&sender_device=pc&web_id=7409935392189679112;;;11400;950000;35;44;3;2;0;0,04%;11,36%;0,39%;21590,90909
Health Supplement;Enervon;Enervon Fizz;Consideration;May-26;TikTok;Nano;maripapande;Lifestyle;https://vt.tiktok.com/ZS9t6Ec2B/;;;3094;950000;30;32;2;0;1;0,10%;9,38%;1,03%;29687,5
Health Supplement;Enervon;Enervon Gold;Consideration;Apr-26;TikTok;Micro;Idho Chaniago;Lifestyle;https://vt.tiktok.com/ZS9fxe4NE/;;;57400;6750000;355900;690000;1443;11;63;2,64%;0,22%;1202,09%;9,782608696
Health Supplement;Enervon;Enervon Gold;Consideration;Apr-26;TikTok;Micro;Naufal Architect;Lifestyle;https://vt.tiktok.com/ZS95nrDtc/;;;11500;9000000;15747;15747;1381;125;41;13,45%;9,82%;136,93%;571,5374357
Health Supplement;Enervon;Enervon Gold;Consideration;Feb-26;TikTok;Macro;cutfatimahh;Lifestyle;https://vt.tiktok.com/ZSmfvstdX/;;;470600;4950000;1300000;1409514;1514;11;52;0,34%;0,11%;299,51%;3,511848765
Health Supplement;Enervon;Enervon Gold;Consideration;Feb-26;TikTok;Macro;itsdoktermuda;Health;https://vt.tiktok.com/ZSmfcJC7M/;;;211300;10725000;2800000;3504724;1555;13;69;0,77%;0,05%;1658,65%;3,060155379
Health Supplement;Enervon;Enervon Gold;Consideration;Feb-26;TikTok;Micro;bungalenanta;Lifestyle;https://vt.tiktok.com/ZSmarv4yJ/;;;34700;4950000;661;281326;133;2;3;0,40%;0,05%;810,74%;17,59524537
Health Supplement;Enervon;Enervon Gold;Consideration;Feb-26;TikTok;Micro;alyssaazka;Lifestyle;https://vt.tiktok.com/ZSmp8KB1y/;;;27200;3135000;2500000;3200000;1182;7;88;4,69%;0,04%;11764,71%;0,9796875
Health Supplement;Enervon;Enervon Gold;Consideration;Feb-26;TikTok;Micro;kendrakeisha;Lifestyle;https://vt.tiktok.com/ZSuAoS5bY/;;;16000;1815000;2500;2955;24;0;1;0,16%;0,85%;18,47%;614,213198
Health Supplement;Enervon;Enervon Gold;Consideration;Feb-26;TikTok;Micro;apotekerhack;Health;https://vt.tiktok.com/ZSujDeYq4/;;;36300;10250000;1000;1212;12;0;3;0,04%;1,24%;3,34%;8457,09571
Health Supplement;Enervon;Enervon Gold;Consideration;Feb-26;TikTok;Micro;swastiyani_sppd;Health;https://vt.tiktok.com/ZSueyVuRR/;;;76800;11550000;2100;2681;62;4;4;0,09%;2,61%;3,49%;4308,093995
Health Supplement;Enervon;Enervon Gold;Consideration;Feb-26;TikTok;Micro;dr.deamaulida;Health;https://vt.tiktok.com/ZSmmw8rrF/;;;29200;2557500;6500000;9600000;3183;12;160;11,49%;0,03%;32876,71%;0,26640625
Health Supplement;Enervon;Enervon Gold;Consideration;Mar-26;TikTok;Micro;Septiana;Health;https://www.tiktok.com/@septi_gendhis/video/7611402603515137288?is_from_webapp=1&sender_device=pc&web_id=7409935392189679112;;;12900;950000;4400;4728;308;52;125;3,76%;10,26%;36,65%;200,9306261
Health Supplement;Enervon;Enervon Gold;Consideration;Mar-26;TikTok;Micro;Agnes;Lifestyle;https://vt.tiktok.com/ZSm3UYjK7/;;;11000;950000;109;124;15;8;3;0,24%;20,97%;1,13%;7661,290323
Health Supplement;Enervon;Enervon Gold;Consideration;Mar-26;TikTok;Micro;Vivi Maqfirati;Lifestyle;https://vt.tiktok.com/ZSmsoDkNt/;;;15100;950000;4100;4286;515;0;3;3,43%;12,09%;28,38%;221,6518899
Health Supplement;Enervon;Enervon Gold;Consideration;Mar-26;TikTok;Micro;Tyas;Lifestyle;https://vt.tiktok.com/ZSm3yjrrx/;;;13600;950000;2700;3996;226;63;108;2,92%;9,93%;29,38%;237,7377377
Health Supplement;Enervon;Enervon Gold;Consideration;Mar-26;TikTok;Micro;Gwynamira;Lifestyle;https://vt.tiktok.com/ZSmoTxKMx/;;;19378;950000;1900;2099;90;24;29;0,74%;6,81%;10,83%;452,5964745
Health Supplement;Enervon;Enervon Gold;Consideration;Mar-26;TikTok;Micro;Meilia Wuryantati;Lifestyle;https://vt.tiktok.com/ZSu86nHuS/;;;16200;950000;1500;1756;100;24;5;0,80%;7,35%;10,84%;541,0022779
Health Supplement;Enervon;Enervon Gold;Consideration;Mar-26;TikTok;Micro;Diah Rosanti;Lifestyle;https://vt.tiktok.com/ZSmosJAEn/;;;35000;950000;2600;3451;143;12;24;0,51%;5,19%;9,86%;275,2825268
Health Supplement;Enervon;Enervon Gold;Consideration;Mar-26;TikTok;Micro;surya setyaningrum;Lifestyle;https://www.tiktok.com/@tiyhalaras/video/7613978495877696784?is_from_webapp=1&sender_device=pc&web_id=7409935392189679112;;;21000;950000;4600;5408;589;11;3;2,87%;11,15%;25,75%;175,6656805
Health Supplement;Enervon;Enervon Gold;Consideration;Mar-26;TikTok;Micro;Nia Kurniasih;Lifestyle;https://vt.tiktok.com/ZSmooedpx/;;;21000;950000;126;1358;37;30;129;0,93%;14,43%;6,47%;699,5581738
Health Supplement;Enervon;Enervon Gold;Consideration;Mar-26;TikTok;Micro;Agatha Mulia;Lifestyle;https://vt.tiktok.com/ZSmoUeAyA/;;;20900;950000;5300;5951;130;6;5;0,67%;2,37%;28,47%;159,6370358
Health Supplement;Enervon;Enervon Gold;Consideration;Mar-26;TikTok;Micro;Tika Ryandika;Lifestyle;https://www.tiktok.com/@riandikamiss_/video/7614861440402410773?is_from_webapp=1&sender_device=pc&web_id=7409935392189679112;;;15100;950000;1600;1696;94;3;23;0,79%;7,08%;11,23%;560,1415094
Health Supplement;Enervon;Enervon Gold;Consideration;Mar-26;TikTok;Micro;Ratna Dwi Hartanti;Lifestyle;https://www.tiktok.com/@radofamily0504/video/7614052909839289621?is_from_webapp=1&sender_device=pc;;;22000;950000;3000;3320;229;51;6;1,30%;8,61%;15,09%;286,1445783
Health Supplement;Enervon;Enervon Gold;Consideration;Mar-26;TikTok;Micro;Putri Nurwanti;Lifestyle;https://vt.tiktok.com/ZSu1Fx5yn/;;;10200;950000;1700;2236;164;90;5;2,54%;11,58%;21,92%;424,8658318
Health Supplement;Enervon;Enervon Gold;Consideration;Mar-26;TikTok;Micro;Eva Dewi;Lifestyle;https://vt.tiktok.com/ZSmKQhFb6/;;;17500;950000;3200;3822;268;44;44;2,03%;9,31%;21,84%;248,5609628
Health Supplement;Enervon;Enervon Gold;Consideration;Mar-26;TikTok;Micro;Anis trisna;Lifestyle;https://vt.tiktok.com/ZSu8wkc5y/;;;68000;950000;3500;4555;336;11;5;0,52%;7,73%;6,70%;208,5620198
Health Supplement;Enervon;Enervon Gold;Consideration;Mar-26;TikTok;Micro;Dela Yogahara;Lifestyle;https://vt.tiktok.com/ZSmEqt8Kj/;;;36600;950000;2600;3354;125;38;2;0,45%;4,92%;9,16%;283,2438879
Health Supplement;Enervon;Enervon Gold;Consideration;Mar-26;TikTok;Micro;Nuvia Afrah;Lifestyle;https://vt.tiktok.com/ZSmEQaqw8/;;;31800;950000;3400;5822;554;10;2;1,78%;9,72%;18,31%;163,174167
Health Supplement;Enervon;Enervon Gold;Consideration;Mar-26;TikTok;Micro;Ika Yuli Rahmawati;Lifestyle;https://vt.tiktok.com/ZSmoG5E8b/;;;10900;950000;2100;2498;122;5;6;1,22%;5,32%;22,92%;380,3042434
Health Supplement;Enervon;Enervon Gold;Consideration;Mar-26;TikTok;Micro;Fitria;Lifestyle;https://vt.tiktok.com/ZSmEs7SUo/;;;38200;950000;186;1300;41;33;10;0,22%;6,46%;3,40%;730,7692308
Health Supplement;Enervon;Enervon Gold;Consideration;Mar-26;TikTok;Micro;bunga putri;Lifestyle;https://vt.tiktok.com/ZSmEs7SUo/;;;11000;950000;643;2092;106;12;4;1,11%;5,83%;19,02%;454,1108987
Health Supplement;Enervon;Enervon Gold;Consideration;Mar-26;TikTok;Micro;Erfan;Lifestyle;https://vt.tiktok.com/ZSuNeBM9W/;;;30500;950000;28900;31785;204;11;23;0,78%;0,75%;104,21%;29,8883121
Health Supplement;Enervon;Enervon Gold;Consideration;Mar-26;TikTok;Micro;Citra Anggraeni;Lifestyle;https://vt.tiktok.com/ZSuYR1sEp/;;;10605;950000;247;287;8;2;0;0,09%;3,48%;2,71%;3310,10453
Health Supplement;Enervon;Enervon Gold;Consideration;Mar-26;TikTok;Micro;Evita Prasetya;Lifestyle;https://vt.tiktok.com/ZSuFEDspJ/;;;10500;950000;129;154;50;41;4;0,90%;61,69%;1,47%;6168,831169
Health Supplement;Enervon;Enervon Gold;Consideration;May-26;TikTok;Micro;Alsya Ika Ameilia;Lifestyle;https://vt.tiktok.com/ZSQMPG6dN/;;;22000;1150000;4900;5124;181;19;10;0,95%;4,10%;23,29%;224,4340359
Health Supplement;Enervon;Enervon Gold;Consideration;May-26;TikTok;Micro;Andi Ratna Maharani;Lifestyle;https://vt.tiktok.com/ZSQM2Wa2y/;;;12800;1150000;2900;3023;202;27;23;1,97%;8,34%;23,62%;380,4168045
Health Supplement;Enervon;Enervon Gold;Consideration;May-26;TikTok;Micro;Shuly Sabillia;Lifestyle;https://vt.tiktok.com/ZSQMCHGDM/;;;16800;1150000;2700;2891;167;13;9;1,13%;6,54%;17,21%;397,7862331
Health Supplement;Enervon;Enervon Gold;Consideration;May-26;TikTok;Micro;Safira majid amani;Lifestyle;https://vt.tiktok.com/ZSQMLg8w5/;;;12600;1150000;2100;2460;139;4;6;1,18%;6,06%;19,52%;467,4796748
Health Supplement;Enervon;Enervon Gold;Consideration;May-26;TikTok;Micro;Oriza sativa;Lifestyle;https://vt.tiktok.com/ZSQrSwTFS/;;;51000;1150000;2412;2413;132;22;7;0,32%;6,67%;4,73%;476,5851637
Health Supplement;Enervon;Enervon Gold;Consideration;May-26;TikTok;Micro;April hatini;Lifestyle;https://vt.tiktok.com/ZSQMBPmdF/;;;26800;1150000;2100;2127;8;3;108;0,44%;5,59%;7,94%;540,667607
Health Supplement;Enervon;Enervon Gold;Consideration;May-26;TikTok;Micro;Lisa M;Lifestyle;https://vt.tiktok.com/ZSQhKomUn/;;;10800;1150000;331;1121;100;1;5;0,98%;9,46%;10,38%;1025,869759
Health Supplement;Enervon;Enervon Gold;Consideration;May-26;TikTok;Micro;kiky almira;Lifestyle;https://vt.tiktok.com/ZSQMLbg4y/;;;21600;1150000;720;1048;7;8;0;0,07%;1,43%;4,85%;1097,328244
Health Supplement;Enervon;Enervon Gold;Consideration;May-26;TikTok;Micro;Septiana Ragil;Lifestyle;https://vt.tiktok.com/ZSQh3Sjn3/;;;16200;1150000;383;818;100;0;1;0,62%;12,35%;5,05%;1405,867971
Health Supplement;Enervon;Enervon Gold;Consideration;May-26;TikTok;Micro;Iyos Rosmiati;Lifestyle;https://vt.tiktok.com/ZSQMLxSff/;;;10500;1150000;451;564;11;1;4;0,15%;2,84%;5,37%;2039,007092
Health Supplement;Enervon;Enervon Gold;Consideration;May-26;TikTok;Micro;Desy Ratnasari;Lifestyle;https://vt.tiktok.com/ZSQhv8Bqm/;;;12000;1150000;112;127;17;10;1;0,23%;22,05%;1,06%;9055,11811
Health Supplement;Enervon;Enervon Gold;Consideration;May-26;TikTok;Macro;Lhily Nazaya;Lifestyle;https://vt.tiktok.com/ZS9C8GL2S/;;;200000;7500000;1600000;2032408;856;6;20;0,44%;0,04%;1016,20%;3,690203935
Health Supplement;Enervon;Enervon Gold;Consideration;May-26;TikTok;Micro;Idho Chaniago;Lifestyle;https://vt.tiktok.com/ZS9fxe4NE/;;;57400;6750000;1600000;2891136;5018;26;188;9,11%;0,18%;5036,82%;2,334722407
Health Supplement;Enervon;Enervon Gold;Consideration;May-26;TikTok;Micro;Naufal Architect;Lifestyle;https://vt.tiktok.com/ZS95nrDtc/;;;62300;9750000;12800;15747;1381;125;41;2,48%;9,82%;25,28%;619,1655553
Health Supplement;Enervon;Enervon Gold;Consideration;May-26;TikTok;Micro;dr Noah Permana;Health;https://vt.tiktok.com/ZS9qTYpdV/;;;11500;9000000;11100;11742;1040;0;17;9,19%;9,00%;102,10%;766,4793051
Health Supplement;Enervon;Enervon Gold;Consideration;May-26;TikTok;Micro;Cahyani;Lifestyle;https://vt.tiktok.com/ZS9p7UQMX/;;;45500;5250000;1300;1328;23;4;5;0,07%;2,41%;2,92%;3953,313253
Health Supplement;Enervon;Enervon Gold;Consideration;May-26;TikTok;Micro;Anjelikush;Lifestyle;https://vt.tiktok.com/ZSxSVEkB7/;;;37900;24600000;2600000;3564968;7415;48;292;20,46%;0,22%;9406,25%;6,900482697
Health Supplement;Enervon;Enervon Gold;Consideration;May-26;TikTok;Micro;Dika;Lifestyle;https://vt.tiktok.com/ZSxjwXY5d/;;;11200;10000000;5700;6992;128;0;1;1,15%;1,84%;62,43%;1430,20595
Health Supplement;Enervon;Enervon Gold;Consideration;May-26;TikTok;Nano;Fauzan Nibras;Lifestyle;https://vt.tiktok.com/ZSxq9v8HE/;;;9633;4500000;1200;1388;34;1;5;0,42%;2,88%;14,41%;3242,074928
Health Supplement;Enervon;Enervon Kids Chewtab;Consideration;Apr-26;TikTok;Macro;kei.savourie;Lifestyle;https://vt.tiktok.com/ZS9y3gNyf/;;;171500;28000000;689000;786000;1077;4;22;0,64%;0,14%;458,31%;35,62340967
Health Supplement;Enervon;Enervon Kids Chewtab;Consideration;Apr-26;TikTok;Mega;sundarindah;Lifestyle;https://www.tiktok.com/@sundarindah/video/7631554954813066517;;;1000000;42000000;608600;1100495;4702;79;253;0,50%;0,46%;110,05%;38,16464409
Health Supplement;Enervon;Enervon Kids Chewtab;Consideration;Mar-26;TikTok;Micro;Rika Nurlia;Lifestyle;https://vt.tiktok.com/ZSuFA1LtV/;;;11104;930000;972;1163;116;2;7;1,13%;10,75%;10,47%;799,6560619
Health Supplement;Enervon;Enervon Kids Chewtab;Consideration;Mar-26;TikTok;Micro;Dela riskiana;Lifestyle;https://vt.tiktok.com/ZSuFwBN16/;;;15000;930000;168;237;258;2;105;2,43%;154,01%;1,58%;3924,050633
Health Supplement;Enervon;Enervon Kids Chewtab;Consideration;Mar-26;TikTok;Nano;Nurul Fitria Sya'bani;Lifestyle;https://vt.tiktok.com/ZSmwb5oYc/;;;2594;930000;191;408;148;44;16;8,02%;50,98%;15,73%;2279,411765
Health Supplement;Enervon;Enervon Kids Chewtab;Consideration;Mar-26;TikTok;Micro;Eva Dewi;Lifestyle;https://vt.tiktok.com/ZSuLqXEKm/;;;17500;930000;2800;4320;182;16;33;1,32%;5,35%;24,69%;215,2777778
Health Supplement;Enervon;Enervon Kids Chewtab;Consideration;Mar-26;TikTok;Micro;Sri Asih;Lifestyle;https://vt.tiktok.com/ZSuDGSvkS/;;;12500;930000;95;116;3;1;0;0,03%;3,45%;0,93%;8017,241379
Health Supplement;Enervon;Enervon Kids Chewtab;Consideration;Mar-26;TikTok;Nano;Febri Eka;Lifestyle;https://vt.tiktok.com/ZSu1ekrqs/;;;1153;930000;118;181;30;27;16;6,33%;40,33%;15,70%;5138,121547
Health Supplement;Enervon;Enervon Kids Chewtab;Consideration;Mar-26;TikTok;Micro;Stephany;Lifestyle;https://vt.tiktok.com/ZSuJQT2vv/;;;13100;930000;1300;1473;41;14;7;0,47%;4,21%;11,24%;631,3645621
Health Supplement;Enervon;Enervon Kids Chewtab;Consideration;Mar-26;TikTok;Micro;Nia Kurniasih;Lifestyle;https://vt.tiktok.com/ZSur7AQoM/;;;35000;930000;1600;1973;89;10;24;0,35%;6,23%;5,64%;471,363406
Health Supplement;Enervon;Enervon Kids Chewtab;Consideration;Mar-26;TikTok;Micro;Disa Muslimahnita;Lifestyle;https://vt.tiktok.com/ZSujRdQ5L/;;;11000;930000;124;6229;136;6;155;2,70%;4,77%;56,63%;149,3016536
Health Supplement;Enervon;Enervon Kids Chewtab;Consideration;Mar-26;TikTok;Micro;Mepa pradipta;Lifestyle;https://vt.tiktok.com/ZSuMKQnvF/;;;15400;930000;2300;2331;246;12;12;1,75%;11,58%;15,14%;398,970399
Health Supplement;Enervon;Enervon Kids Chewtab;Consideration;Mar-26;TikTok;Nano;Kharisma Iftitah Levyana;Lifestyle;https://vt.tiktok.com/ZSueHaBnp/;;;2625;930000;452;1317;10;1;3;0,53%;1,06%;50,17%;706,1503417
Health Supplement;Enervon;Enervon Kids Chewtab;Consideration;Mar-26;TikTok;Micro;Ika Puji Prihatini;Lifestyle;https://vt.tiktok.com/ZSuLyn3ng/;;;12800;930000;133;184;18;14;24;0,44%;30,43%;1,44%;5054,347826
Health Supplement;Enervon;Enervon Kids Chewtab;Consideration;Mar-26;TikTok;Nano;Mauli Safitri;Lifestyle;https://vt.tiktok.com/ZSuN9mxsD/;;;2000;930000;73;353;61;55;6;6,10%;34,56%;17,65%;2634,560907
Health Supplement;Enervon;Enervon Kids Chewtab;Consideration;Mar-26;TikTok;Nano;Zahra Athira;Lifestyle;https://vt.tiktok.com/ZSukHqJj6/;;;1200;930000;265;406;4;2;1;0,58%;1,72%;33,83%;2290,640394
Health Supplement;Enervon;Enervon Kids Chewtab;Consideration;Mar-26;TikTok;Nano;Mayda;Lifestyle;https://vt.tiktok.com/ZSmwn2fvA/;;;5732;930000;93;5203;141;13;5;2,77%;3,06%;90,77%;178,7430329
Health Supplement;Enervon;Enervon Kids Chewtab;Consideration;Mar-26;TikTok;Nano;lulaluna;Lifestyle;https://vt.tiktok.com/ZSujWnurg/;;;4932;930000;100;3859;348;21;131;10,14%;12,96%;78,24%;240,9950764
Health Supplement;Enervon;Enervon Kids Chewtab;Consideration;Mar-26;TikTok;Nano;Syarifah;Lifestyle;https://www.tiktok.com/@syarifha1010/video/7613195558521474322;;;1000;930000;83;197;50;18;4;7,20%;36,55%;19,70%;4720,812183
Health Supplement;Enervon;Enervon Kids Chewtab;Consideration;Mar-26;TikTok;Micro;Tengku Ulya;Lifestyle;https://vt.tiktok.com/ZSuNGcRJp/;;;11635;930000;6200;6507;449;43;1;4,24%;7,58%;55,93%;142,923006
Health Supplement;Enervon;Enervon Kids Chewtab;Consideration;Mar-26;TikTok;Micro;Ratna Riska Yuliana;Lifestyle;https://vt.tiktok.com/ZSuNB2Y36/;;;14600;930000;121;143;12;2;4;0,12%;12,59%;0,98%;6503,496503
Health Supplement;Enervon;Enervon Kids Chewtab;Consideration;Mar-26;TikTok;Nano;Ingrid ekklessia;Lifestyle;https://vt.tiktok.com/ZSmKMs3YH/;;;4015;930000;185;354;50;40;11;2,52%;28,53%;8,82%;2627,118644
Health Supplement;Enervon;Enervon Kids Chewtab;Consideration;Mar-26;TikTok;Micro;Rani Aryani;Lifestyle;https://vt.tiktok.com/ZSuRLUD1P/;;;13100;930000;33;10763;129;26;1;1,19%;1,45%;82,16%;86,40713556
Health Supplement;Enervon;Enervon Kids Chewtab;Consideration;Mar-26;TikTok;Nano;Ridawana Alifkah;Lifestyle;https://vt.tiktok.com/ZSu2kmbUk/;;;2508;930000;74;105;10;0;1;0,44%;10,48%;4,19%;8857,142857
Health Supplement;Enervon;Enervon Kids Chewtab;Consideration;Mar-26;TikTok;Micro;Debby;Lifestyle;https://vt.tiktok.com/ZSuDc1a6H/;;;12800;930000;24;6196;18;17;2;0,29%;0,60%;48,41%;150,0968367
Health Supplement;Enervon;Enervon Kids Chewtab;Consideration;May-26;TikTok;Micro;Nur Zubaidah;Lifestyle;https://vt.tiktok.com/ZSujdqgSK/;;;12900;930000;632;1056;41;35;13;0,69%;8,43%;8,19%;880,6818182
Health Supplement;Enervon;Enervon Kids Chewtab;Consideration;May-26;TikTok;Micro;Dian Ayu Ratnasari;Lifestyle;https://vt.tiktok.com/ZSu8rjv6M/;;;24200;930000;150;253;161;45;1;0,86%;81,82%;1,05%;3675,889328
Health Supplement;Enervon;Enervon Kids Chewtab;Consideration;May-26;TikTok;Nano;Tasya;Lifestyle;https://vt.tiktok.com/ZSuFTsP3V/;;;6166;930000;189;414;30;13;15;0,94%;14,01%;6,71%;2246,376812
Health Supplement;Enervon;Enervon Kids Chewtab;Consideration;May-26;TikTok;Micro;Dwi Ayu Febriyani;Lifestyle;https://vt.tiktok.com/ZSuhUo6UV/;;;20100;930000;2000;3842;183;8;23;1,06%;5,57%;19,11%;242,0614263
Health Supplement;Enervon;Enervon Kids Chewtab;Consideration;May-26;TikTok;Micro;Dela Yogahara;Lifestyle;https://vt.tiktok.com/ZSuRABPPg/;;;36600;930000;1200;1575;81;30;7;0,32%;7,49%;4,30%;590,4761905
Health Supplement;Enervon;Enervon Kids Chewtab;Consideration;May-26;TikTok;Nano;Nana Lutfiana;Lifestyle;https://vt.tiktok.com/ZSuRRWo3b/;;;8230;930000;1700;2070;192;60;95;4,22%;16,76%;25,15%;449,2753623
Health Supplement;Enervon;Enervon Kids Chewtab;Consideration;May-26;TikTok;Micro;Farah Adelia Puspita;Lifestyle;https://vt.tiktok.com/ZSuR8h771/;;;10400;930000;61;1117;133;24;9;1,60%;14,86%;10,74%;832,5872874
Health Supplement;Enervon;Enervon Kids Chewtab;Consideration;May-26;TikTok;Micro;Ayu sekar;Lifestyle;https://vt.tiktok.com/ZSuDcuUPk/;;;36000;930000;4400;5121;31;22;4;0,16%;1,11%;14,23%;181,6051552
Health Supplement;Enervon;Enervon Kids Chewtab;Consideration;May-26;TikTok;Nano;Waluya Ningrum;Lifestyle;https://vt.tiktok.com/ZSuhNDH3X/;;;2952;930000;1300;1332;93;30;46;5,72%;12,69%;45,12%;698,1981982
Health Supplement;Enervon;Enervon Kids Chewtab;Consideration;May-26;TikTok;Nano;Ika rizki rahmawati;Lifestyle;https://vt.tiktok.com/ZSuYUpYAH/;;;6300;930000;1800;2135;109;26;3;2,19%;6,46%;33,89%;435,5971897
Health Supplement;Enervon;Enervon Kids Chewtab;Consideration;May-26;TikTok;Micro;Rindi Surdiana Wati;Lifestyle;https://vt.tiktok.com/ZSuNDMcYn/;;;10700;930000;142;1259;100;42;59;1,88%;15,97%;11,77%;738,6814932
Health Supplement;Enervon;Enervon Kids Chewtab;Consideration;May-26;TikTok;Micro;Meiliana Sirajuddin;Lifestyle;https://vt.tiktok.com/ZSuFwCU5F/;;;34000;930000;41;110;12;10;15;0,11%;33,64%;0,32%;8454,545455
Health Supplement;Enervon;Enervon Kids Chewtab;Consideration;May-26;TikTok;Nano;Diyniyah;Lifestyle;https://vt.tiktok.com/ZSuYRSjmd/;;;1223;930000;35;55;4;4;1;0,74%;16,36%;4,50%;16909,09091
Health Supplement;Enervon;Enervon Kids Chewtab;Consideration;May-26;TikTok;Micro;Desty arminah amiq;Lifestyle;https://vt.tiktok.com/ZSuLuKGFA/;;;16300;930000;1900;2056;63;10;6;0,48%;3,84%;12,61%;452,3346304
Health Supplement;Enervon;Enervon Kids Chewtab;Consideration;May-26;TikTok;Nano;Dea Indah Hariadi;Lifestyle;https://vt.tiktok.com/ZSujNj1Xx/;;;5000;930000;1200;1358;86;48;1;2,70%;9,94%;27,16%;684,8306333
Health Supplement;Enervon;Enervon Kids Chewtab;Consideration;May-26;TikTok;Nano;Ririn febi;Lifestyle;https://vt.tiktok.com/ZSuDWX5Ns/;;;3274;930000;30;12999;4;1;1;0,18%;0,05%;397,04%;71,54396492
Health Supplement;Enervon;Enervon Kids Chewtab;Consideration;May-26;TikTok;Nano;Resha Rizky Awalia;Lifestyle;https://vt.tiktok.com/ZSu2YeVuq/;;;1099;930000;44;1820;11;9;1;1,91%;1,15%;165,61%;510,989011
Health Supplement;Enervon;Enervon Kids Chewtab;Consideration;May-26;TikTok;Micro;Dewi Retnosari;Lifestyle;https://vt.tiktok.com/ZSu6bXp1C/;;;12100;930000;76;427;6;7;0;0,11%;3,04%;3,53%;2177,985948
Health Supplement;Enervon;Enervon Kids Chewtab;Consideration;May-26;TikTok;Micro;Istiqomah Gayatri;Lifestyle;https://vt.tiktok.com/ZSuNG9CAa/;;;14800;930000;902;4430;64;1;0;0,44%;1,47%;29,93%;209,9322799
Health Supplement;Enervon;Enervon Kids Chewtab;Consideration;Apr-26;TikTok;Nano;Anggita;Lifestyle;https://vt.tiktok.com/ZSuFocPm8/;;;3085;930000;8400;10923;644;21;9;21,85%;6,17%;354,07%;85,14144466
Health Supplement;Enervon;Enervon Kids Chewtab;Consideration;Apr-26;TikTok;Nano;Ayu windari;Lifestyle;https://vt.tiktok.com/ZSu269cnH/;;;2052;930000;221;485;136;68;221;20,71%;87,63%;23,64%;1917,525773
Health Supplement;Enervon;Enervon Kids Chewtab;Consideration;Mar-26;TikTok;Micro;Uswatun khasanah;Lifestyle;https://vt.tiktok.com/ZSuD6c2jK/;;;15600;930000;32;1724;99;0;6;0,67%;6,09%;11,05%;539,4431555
Health Supplement;Enervon;Enervon Kids Chewtab;Consideration;Mar-26;TikTok;Nano;Mustika Anggraini;Lifestyle;https://vt.tiktok.com/ZSuDsoXXb/;;;2430;930000;73;105;2;0;0;0,08%;1,90%;4,32%;8857,142857
Health Supplement;Enervon;Enervon Kids Chewtab;Consideration;Mar-26;TikTok;Micro;Norma Mustika;Lifestyle;https://vt.tiktok.com/ZSuNsxhxV/;;;11600;930000;132;184;61;55;13;1,11%;70,11%;1,59%;5054,347826
Health Supplement;Enervon;Enervon Kids Chewtab;Consideration;Mar-26;TikTok;Micro;Ratih Siswanti Fauzi;Lifestyle;https://vt.tiktok.com/ZSuRe9G9v/;;;14600;930000;1600;1809;115;6;10;0,90%;7,24%;12,39%;514,0961857
Health Supplement;Enervon;Enervon Kids Chewtab;Consideration;Mar-26;TikTok;Micro;Mei Hardianti;Lifestyle;https://vt.tiktok.com/ZSuLBmQ5m/;;;12200;930000;107;131;13;5;5;0,19%;17,56%;1,07%;7099,236641
Health Supplement;Enervon;Enervon Kids Chewtab;Consideration;Mar-26;TikTok;Micro;Uji Mainnatun Khasanah;Lifestyle;https://vt.tiktok.com/ZSuFvTpaV/;;;29900;930000;1600;1801;119;5;3;0,42%;7,05%;6,02%;516,379789
Health Supplement;Enervon;Enervon Kids Chewtab;Consideration;Mar-26;TikTok;Nano;Tri nur sarifah;Lifestyle;https://vt.tiktok.com/ZSu2B83SW/;;;2447;930000;1100;1588;103;0;0;4,21%;6,49%;64,90%;585,6423174
Health Supplement;Enervon;Enervon Kids Chewtab;Consideration;Mar-26;TikTok;Micro;Diah Awalokiteswari;Lifestyle;https://vt.tiktok.com/ZSuRaC4b9/;;;10200;930000;119;367;47;12;2;0,60%;16,62%;3,60%;2534,059946
Health Supplement;Enervon;Enervon Kids Chewtab;Consideration;Mar-26;TikTok;Micro;Yunita Padilah;Lifestyle;https://vt.tiktok.com/ZSuAPPwDb/;;;12000;930000;146;201;6;0;0;0,05%;2,99%;1,68%;4626,865672
Health Supplement;Enervon;Enervon Kids Chewtab;Consideration;Mar-26;TikTok;Micro;Irma kautsari;Lifestyle;https://vt.tiktok.com/ZSuFG55Yh/;;;65800;930000;52;5714;502;0;0;0,76%;8,79%;8,68%;162,7581379
Health Supplement;Enervon;Enervon Kids Chewtab;Consideration;Mar-26;TikTok;Micro;Yuni Savitri;Lifestyle;https://vt.tiktok.com/ZSujU6YyT/;;;36500;930000;3600;3904;158;24;9;0,52%;4,89%;10,70%;238,2172131
Health Supplement;Enervon;Enervon Kids Chewtab;Consideration;Mar-26;TikTok;Nano;Ranti Aisyah;Lifestyle;https://vt.tiktok.com/ZSurPYmHo/;;;3430;930000;107;623;58;10;44;3,27%;17,98%;18,16%;1492,776886
Health Supplement;Enervon;Enervon Kids Chewtab;Consideration;Mar-26;TikTok;Micro;Winda purnamasari;Lifestyle;https://vt.tiktok.com/ZSuasgh4s/;;;24700;930000;4700;5190;58;0;11;0,28%;1,33%;21,01%;179,1907514
Health Supplement;Enervon;Enervon Kids Chewtab;Consideration;Mar-26;TikTok;Nano;Erni Juningsih;Lifestyle;https://vt.tiktok.com/ZSuD64qAg/;;;7900;930000;2000;2177;62;2;15;1,00%;3,63%;27,56%;427,1933854
Health Supplement;Enervon;Enervon Kids Chewtab;Consideration;Mar-26;TikTok;Micro;Mayang Rosaria;Lifestyle;https://vt.tiktok.com/ZSuB152J4/;;;14500;930000;10400;10519;526;82;7;4,24%;5,85%;72,54%;88,41144595
Health Supplement;Enervon;Enervon Kids Chewtab;Consideration;Mar-26;TikTok;Micro;irna nurul kamila;Lifestyle;https://vt.tiktok.com/ZSuFNtcvh/;;;17500;930000;471;733;31;9;7;0,27%;6,41%;4,19%;1268,758527
Health Supplement;Enervon;Enervon Kids Chewtab;Consideration;Mar-26;TikTok;Nano;Aditya Putri;Lifestyle;https://vt.tiktok.com/ZSuACe4mf/;;;3200;930000;107;192;26;6;69;3,16%;52,60%;6,00%;4843,75
Health Supplement;Enervon;Enervon Kids Chewtab;Consideration;Mar-26;TikTok;Nano;Alvi septi;Lifestyle;https://vt.tiktok.com/ZSuDMUyGb/;;;7200;930000;2100;2496;168;33;4;2,85%;8,21%;34,67%;372,5961538
Health Supplement;Enervon;Enervon Kids Chewtab;Consideration;Mar-26;TikTok;Nano;Kiki elita silviana;Lifestyle;https://vt.tiktok.com/ZSuAgkGhF/;;;5132;930000;69;85;11;0;0;0,21%;12,94%;1,66%;10941,17647
Health Supplement;Enervon;Enervon Kids Chewtab;Consideration;Mar-26;TikTok;Nano;Muhibah;Lifestyle;https://vt.tiktok.com/ZSuAaL59w/;;;1691;930000;7;7;3;0;1;0,24%;57,14%;0,41%;132857,1429
Health Supplement;Enervon;Enervon Kids Chewtab;Consideration;Mar-26;TikTok;Micro;Ilma Fara Ananda;Lifestyle;https://vt.tiktok.com/ZSuL9ERUe/;;;14100;930000;178;748;103;19;7;0,91%;17,25%;5,30%;1243,315508
Health Supplement;Enervon;Enervon Kids Chewtab;Consideration;Mar-26;TikTok;Nano;Fika Karunia;Lifestyle;https://vt.tiktok.com/ZSujvFta1/;;;1300;930000;1000;1529;7;0;0;0,54%;0,46%;117,62%;608,2406802
Health Supplement;Enervon;Enervon Kids Chewtab;Consideration;Mar-26;TikTok;Micro;Leni Agustina;Lifestyle;https://vt.tiktok.com/ZSuY1MS7s/;;;10300;930000;3200;3523;156;2;3;1,56%;4,57%;34,20%;263,9795629
Health Supplement;Enervon;Enervon Kids Chewtab;Consideration;May-26;TikTok;Macro;Nurvar;Lifestyle;https://vt.tiktok.com/ZSuA8npPF/;;;110000;930000;35900;39799;1100;7;32;1,04%;2,86%;36,18%;23,36742129
Health Supplement;Enervon;Enervon Kids Chewtab;Consideration;May-26;TikTok;Nano;Rini Siti M;Lifestyle;https://vt.tiktok.com/ZSuBwxSvp/;;;4407;930000;189;313;112;57;3;3,90%;54,95%;7,10%;2971,246006
Health Supplement;Enervon;Enervon Kids Chewtab;Consideration;May-26;TikTok;Nano;Tika mayzasi;Lifestyle;https://vt.tiktok.com/ZSuYD4qs4/;;;6940;930000;2200;2456;250;13;6;3,88%;10,95%;35,39%;378,6644951
Health Supplement;Enervon;Enervon Kids Chewtab;Consideration;May-26;TikTok;Micro;Ayuni Wulandari;Lifestyle;https://vt.tiktok.com/ZSuMDXtxM/;;;28000;930000;118;1073;43;28;18;0,32%;8,29%;3,83%;866,7287978
Health Supplement;Enervon;Enervon Kids Chewtab;Consideration;May-26;TikTok;Micro;Arlin Irliana;Lifestyle;https://vt.tiktok.com/ZSuYwqF5f/;;;11700;930000;112;181;92;31;28;1,29%;83,43%;1,55%;5138,121547
Health Supplement;Enervon;Enervon Kids Chewtab;Consideration;May-26;TikTok;Micro;shabrina tsurraya;Lifestyle;https://vt.tiktok.com/ZSuDxYKuS/;;;13400;930000;666;706;94;8;17;0,89%;16,86%;5,27%;1317,280453
Health Supplement;Enervon;Enervon Kids Chewtab;Consideration;May-26;TikTok;Nano;Utari oktavia;Lifestyle;https://vt.tiktok.com/ZSu6nvQdh/;;;5193;930000;1500;1708;120;23;5;2,85%;8,67%;32,89%;544,4964871
Health Supplement;Enervon;Enervon Kids Chewtab;Consideration;May-26;TikTok;Micro;Niken Rizki;Lifestyle;https://vt.tiktok.com/ZSuA31ejc/;;;15500;930000;2800;6020;65;22;4;0,59%;1,51%;38,84%;154,4850498
Health Supplement;Enervon;Enervon Kids Chewtab;Consideration;May-26;TikTok;Micro;Ayu Fitri Lestari;Lifestyle;https://vt.tiktok.com/ZSu2hbqpT/;;;10500;930000;419;2099;149;2;166;3,02%;15,10%;19,99%;443,0681277
Health Supplement;Enervon;Enervon Kids Chewtab;Consideration;May-26;TikTok;Micro;Rahmadiana;Lifestyle;https://vt.tiktok.com/ZSuAQq6qE/;;;29000;930000;457;753;372;48;10;1,48%;57,10%;2,60%;1235,059761
Health Supplement;Enervon;Enervon Kids Chewtab;Consideration;May-26;TikTok;Nano;Ajeng Fatikhatul Muflikhah;Lifestyle;https://vt.tiktok.com/ZSu2DMD64/;;;4110;930000;97;157;22;15;5;1,02%;26,75%;3,82%;5923,566879
Health Supplement;Enervon;Enervon Kids Chewtab;Consideration;May-26;TikTok;Nano;Anggita Putri;Lifestyle;https://vt.tiktok.com/ZSuFXeFtg/;;;3087;930000;805;1706;138;18;30;6,03%;10,90%;55,26%;545,1348183
Health Supplement;Enervon;Enervon Kids Chewtab;Consideration;May-26;TikTok;Micro;Ayu Asmaliah;Lifestyle;https://vt.tiktok.com/ZSuDVAMW5/;;;11400;930000;174;1862;9;9;8;0,23%;1,40%;16,33%;499,4629431
Health Supplement;Enervon;Enervon Kids Chewtab;Consideration;May-26;TikTok;Mega;kepalakeluarga.id;Lifestyle;https://www.instagram.com/p/DYhQmoBj5rs/?igsh=YzlhYjk2dXJwODhy;;;1100000;6000000;535497;521330;305;7;44;0,03%;0,07%;47,39%;11,50902499
Health Supplement;Enervon;Enervon-C;Consideration;Apr-26;TikTok;Micro;Audrey Jesslyn;Lifestyle;https://www.tiktok.com/@audreyjesslyn/video/7633760852302171409?_r=1&_t=ZS-95umgZYBKK0;;;29800;10725000;2100;3325;227;4;1;0,78%;6,98%;11,16%;3225,56391
Health Supplement;Enervon;Enervon-C;Consideration;Apr-26;TikTok;Micro;Intan berlian;Lifestyle;https://vt.tiktok.com/ZS9UD4kKQ/;;;61200;3000000;8500;8949;1349;2;3;2,21%;15,13%;14,62%;335,2329869
Health Supplement;Enervon;Enervon-C;Consideration;Apr-26;TikTok;Micro;fuddumps;Lifestyle;https://vt.tiktok.com/ZS9SX7Hhu/;;;52600;4000000;29800;35025;1783;10;10;3,43%;5,15%;66,59%;114,2041399
Health Supplement;Enervon;Enervon-C;Consideration;Apr-26;TikTok;Macro;aksyif_fikri;Lifestyle;https://vt.tiktok.com/ZS9fUfhQx/;;;154000;12375000;13500;114348;812;7;8;0,54%;0,72%;74,25%;108,2222689
Health Supplement;Enervon;Enervon-C;Consideration;Feb-26;TikTok;Macro;Nashani;Lifestyle;https://vt.tiktok.com/ZSu1ehmpL/;;;157900;9240000;15000;20575;491;6;9;0,32%;2,46%;13,03%;449,0886999
Health Supplement;Enervon;Enervon-C;Consideration;Feb-26;TikTok;Macro;Cindyarmedia;Lifestyle;https://vt.tiktok.com/ZSm4NTCa6/;;;395600;20625000;534200;1084050;1525;8;52;0,40%;0,15%;274,03%;19,02587519
Health Supplement;Enervon;Enervon-C;Consideration;Mar-26;TikTok;Micro;Desy Ratnasari;Lifestyle;https://www.tiktok.com/@desyrtns/video/7612511679464672532?utm_campaign=tt4d_open_api&utm_source=awtsed5i9xzgi8ph;;;16884;950000;262;309;39;21;11;0,42%;22,98%;1,83%;3074,433657
Health Supplement;Enervon;Enervon-C;Consideration;Mar-26;TikTok;Micro;Nila Matsuna;Lifestyle;https://www.tiktok.com/@nilalalamatsu92/video/7611487559146900743?utm_campaign=tt4d_open_api&utm_source=awtsed5i9xzgi8ph;;;14400;950000;1900;2979;107;15;5;0,88%;4,26%;20,69%;318,8989594
Health Supplement;Enervon;Enervon-C;Consideration;Mar-26;TikTok;Micro;Orizaqueena;Lifestyle;https://www.tiktok.com/@orizaqueena/video/7612982805701643527?utm_campaign=tt4d_open_api&utm_source=awtsed5i9xzgi8ph;;;13891;950000;1500;1722;71;2;15;0,63%;5,11%;12,40%;551,6840883
Health Supplement;Enervon;Enervon-C;Consideration;Mar-26;TikTok;Macro;Amirah ulayya;Lifestyle;https://www.tiktok.com/@amirahulayyass/video/7613032213726121234?utm_campaign=tt4d_open_api&utm_source=awtsed5i9xzgi8ph;;;107949;950000;5600;643;54;16;114;0,17%;28,62%;0,60%;1477,449456
Health Supplement;Enervon;Enervon-C;Consideration;Mar-26;TikTok;Micro;Juwita Ragil;Lifestyle;https://www.tiktok.com/@witaratataaa/video/7614325985810386184?utm_campaign=tt4d_open_api&utm_source=awtsed5i9xzgi8ph;;;11674;950000;1700;1120;156;40;11;1,77%;18,48%;9,59%;848,2142857
Health Supplement;Enervon;Enervon-C;Consideration;Mar-26;TikTok;Micro;Stevani Beneran;Lifestyle;https://www.tiktok.com/@keluargapokcoy/video/7614140171344170260?utm_campaign=tt4d_open_api&utm_source=awtsed5i9xzgi8ph;;;12496;950000;2800;3047;172;2;0;1,39%;5,71%;24,38%;311,7820807
Health Supplement;Enervon;Enervon-C;Consideration;Mar-26;TikTok;Micro;Hana Ramadhanty;Lifestyle;https://www.tiktok.com/@hanarey30/video/7614155563706043655?utm_campaign=tt4d_open_api&utm_source=awtsed5i9xzgi8ph;;;12833;950000;393;574;15;12;8;0,27%;6,10%;4,47%;1655,052265
Health Supplement;Enervon;Enervon-C;Consideration;Mar-26;TikTok;Micro;Wulan;Lifestyle;https://www.tiktok.com/@octaryawulan20/video/7614489838447824146?utm_campaign=tt4d_open_api&utm_source=awtsed5i9xzgi8ph;;;13821;950000;112;132;10;1;6;0,12%;12,88%;0,96%;7196,969697
Health Supplement;Enervon;Enervon-C;Consideration;Mar-26;TikTok;Micro;Resty Aditya Utami;Lifestyle;https://www.tiktok.com/@utamirestya/video/7614135724585028884?is_from_webapp=1&sender_device=pc;;;12838;950000;2900;4059;173;7;6;1,45%;4,58%;31,62%;234,047795
Health Supplement;Enervon;Enervon-C;Consideration;Mar-26;TikTok;Micro;Ni Kadek Dwi Astuti;Lifestyle;https://www.tiktok.com/@mamawi.dwi/video/7612638108781137160?utm_campaign=tt4d_open_api&utm_source=awtsed5i9xzgi8ph;;;12058;950000;3500;4058;282;9;7;2,47%;7,34%;33,65%;234,1054707
Health Supplement;Enervon;Enervon-C;Consideration;Mar-26;TikTok;Micro;risna oktavia;Lifestyle;https://www.tiktok.com/@risnaoktaviahardanik/video/7613289700605955346?utm_campaign=tt4d_open_api&utm_source=awtsed5i9xzgi8ph;;;16063;950000;238;4504;24;31;25;0,50%;1,78%;28,04%;210,9236234
Health Supplement;Enervon;Enervon-C;Consideration;Mar-26;TikTok;Micro;Khonimatun Maysaroh;Lifestyle;https://www.tiktok.com/@khoniim/video/7613253181530852615?utm_campaign=tt4d_open_api&utm_source=awtsed5i9xzgi8ph;;;11613;950000;1800;2031;58;2;1;0,53%;3,00%;17,49%;467,7498769
Health Supplement;Enervon;Enervon-C;Consideration;Mar-26;TikTok;Micro;Nuvia;Lifestyle;https://www.tiktok.com/@obrienups/video/7613371409875668245?utm_campaign=tt4d_open_api&utm_source=awtsed5i9xzgi8ph;;;31816;950000;8800;10270;183;14;4;0,63%;1,96%;32,28%;92,50243427
Health Supplement;Enervon;Enervon-C;Consideration;Mar-26;TikTok;Micro;Dewi Asria;Lifestyle;https://www.tiktok.com/@dewi.asria/video/7612823137591233813?utm_campaign=tt4d_open_api&utm_source=awtsed5i9xzgi8ph;;;10378;950000;258;2799;21;7;1;0,28%;1,04%;26,97%;339,406931
Health Supplement;Enervon;Enervon-C;Consideration;Mar-26;TikTok;Micro;Ariska Putri;Lifestyle;https://www.tiktok.com/@mimah.hanan/video/7612598951019040021?utm_campaign=tt4d_open_api&utm_source=awtsed5i9xzgi8ph;;;12535;950000;880;1285;107;0;1;0,86%;8,40%;10,25%;739,2996109
Health Supplement;Enervon;Enervon-C;Consideration;Mar-26;TikTok;Micro;Febry Lusyana;Lifestyle;https://www.tiktok.com/@ucciuccy23/video/7613586598277434645?utm_campaign=tt4d_open_api&utm_source=awtsed5i9xzgi8ph;;;10721;950000;11000;11438;108;74;1;1,71%;1,60%;106,69%;83,05647841
Health Supplement;Enervon;Enervon-C;Consideration;Mar-26;TikTok;Micro;Nelly endang sari;Lifestyle;https://www.tiktok.com/@nellyharahap25_/video/7613614465749175573?utm_campaign=tt4d_open_api&utm_source=awtsed5i9xzgi8ph;;;23240;950000;5200;5371;829;77;6;3,92%;16,98%;23,11%;176,8758146
Health Supplement;Enervon;Enervon-C;Consideration;Mar-26;TikTok;Micro;Reiwindawydiaa;Lifestyle;https://www.tiktok.com/@skuyy.living13/video/7613274716756921621?utm_campaign=tt4d_open_api&utm_source=awtsed5i9xzgi8ph;;;84826;950000;174;198;20;0;9;0,03%;14,65%;0,23%;4797,979798
Health Supplement;Enervon;Enervon-C;Consideration;Mar-26;TikTok;Micro;Dita Handiyanti;Lifestyle;https://www.tiktok.com/@ditahandi_/video/7612842237424110869?utm_campaign=tt4d_open_api&utm_source=awtsed5i9xzgi8ph;;;22866;950000;8000;10959;344;19;10;1,63%;3,40%;47,93%;86,68674149
Health Supplement;Enervon;Enervon-C;Consideration;Mar-26;TikTok;Micro;putri hapsari;Lifestyle;https://www.tiktok.com/@putrihpsari406/video/7612867150046448913?utm_campaign=tt4d_open_api&utm_source=awtsed5i9xzgi8ph;;;13585;950000;4200;5470;182;12;3;1,45%;3,60%;40,26%;173,6745887
Health Supplement;Enervon;Enervon-C;Consideration;Mar-26;TikTok;Micro;Shania Dwi Rantika;Lifestyle;https://www.tiktok.com/@shania.d.r/video/7613368474168986898?utm_campaign=tt4d_open_api&utm_source=awtsed5i9xzgi8ph;;;10597;950000;2300;2614;146;13;4;1,54%;6,24%;24,67%;363,427697
Health Supplement;Enervon;Enervon-C;Consideration;Mar-26;TikTok;Micro;pelita nadyawati;Lifestyle;https://www.tiktok.com/@pelitanadya/video/7613267035027672340?utm_campaign=tt4d_open_api&utm_source=awtsed5i9xzgi8ph;;;18446;950000;1700;1797;130;26;7;0,88%;9,07%;9,74%;528,6588759
Health Supplement;Enervon;Enervon-C;Consideration;Mar-26;TikTok;Micro;riris;Lifestyle;https://www.tiktok.com/@ririsvinaa/video/7612556071252659463?utm_campaign=tt4d_open_api&utm_source=awtsed5i9xzgi8ph;;;18952;950000;1800;1898;72;2;1;0,40%;3,95%;10,01%;500,5268704
Health Supplement;Enervon;Enervon-C;Consideration;Mar-26;TikTok;Micro;Andi Ratna Maharani;Lifestyle;https://www.tiktok.com/@andiratnam/video/7613506003581062418?utm_campaign=tt4d_open_api&utm_source=awtsed5i9xzgi8ph;;;12603;950000;1600;2072;391;24;45;3,65%;22,20%;16,44%;458,4942085
Health Supplement;Enervon;Enervon-C;Consideration;Mar-26;TikTok;Micro;Mega Gilang Cempaka Ningrum;Lifestyle;https://www.tiktok.com/@megacempaka/video/7612951078316936469?utm_campaign=tt4d_open_api&utm_source=awtsed5i9xzgi8ph;;;16127;950000;3100;4064;232;36;2;1,67%;6,64%;25,20%;233,7598425
Health Supplement;Enervon;Enervon-C;Consideration;Mar-26;TikTok;Micro;amik agisti;Lifestyle;https://www.tiktok.com/@amikagisti93/video/7613622530275855623?utm_campaign=tt4d_open_api&utm_source=awtsed5i9xzgi8ph;;;53245;950000;5900;5957;815;0;0;1,53%;13,68%;11,19%;159,4762464
Health Supplement;Enervon;Enervon-C;Consideration;Mar-26;TikTok;Micro;Yulia Iskawedar;Lifestyle;https://www.tiktok.com/@yulia_lilu/video/7612776739680406805?utm_campaign=tt4d_open_api&utm_source=awtsed5i9xzgi8ph;;;56170;950000;10900;12221;111;39;3;0,27%;1,25%;21,76%;77,73504623
Health Supplement;Enervon;Enervon-C;Consideration;Mar-26;TikTok;Micro;siskaseptika;Lifestyle;https://www.tiktok.com/@siskaseptikaa/video/7613333960617397512?utm_campaign=tt4d_open_api&utm_source=awtsed5i9xzgi8ph;;;10735;950000;1000;1555;107;61;109;2,58%;17,81%;14,49%;610,9324759
Health Supplement;Enervon;Enervon-C;Consideration;Mar-26;TikTok;Micro;Rika Ria;Lifestyle;https://www.tiktok.com/@rikariaf/video/7612610835713756437?utm_campaign=tt4d_open_api&utm_source=awtsed5i9xzgi8ph;;;28303;950000;1600;2281;332;78;5;1,47%;18,19%;8,06%;416,4839982
Health Supplement;Enervon;Enervon-C;Consideration;Mar-26;TikTok;Micro;Desi Novita;Lifestyle;https://www.tiktok.com/@desnov1812/video/7612932959628168468?utm_campaign=tt4d_open_api&utm_source=awtsed5i9xzgi8ph;;;62049;950000;14100;17966;2073;36;1.910;6,48%;22,37%;28,95%;52,8776578
Health Supplement;Enervon;Enervon-C;Consideration;Mar-26;TikTok;Micro;Alphylia Dwiyanti;Lifestyle;https://www.tiktok.com/@phylia.18/video/7614142059603102996?utm_campaign=tt4d_open_api&utm_source=awtsed5i9xzgi8ph;;;17288;950000;799;840;137;0;0;0,79%;16,31%;4,86%;1130,952381
Health Supplement;Enervon;Enervon-C;Consideration;Mar-26;TikTok;Micro;Pratiwi Savitri;Lifestyle;https://www.tiktok.com/@apadimakassar/video/7614796408398286101?utm_campaign=tt4d_open_api&utm_source=awtsed5i9xzgi8ph;;;26251;950000;221;231;16;2;1;0,07%;8,23%;0,88%;4112,554113
Health Supplement;Enervon;Enervon-C;Consideration;Mar-26;TikTok;Micro;Rosa.d.pratama;Lifestyle;https://www.tiktok.com/@kamisatuatap/video/7612780233598536967?utm_campaign=tt4d_open_api&utm_source=awtsed5i9xzgi8ph;;;13130;950000;3800;4557;207;32;6;1,87%;5,38%;34,71%;208,470485
Health Supplement;Enervon;Enervon-C;Consideration;Mar-26;TikTok;Micro;Nur Ahdiyani Kainah;Lifestyle;https://www.tiktok.com/@nurahdiyanikainah/video/7614316655820377364?utm_campaign=tt4d_open_api&utm_source=awtsed5i9xzgi8ph;;;40060;950000;138;235;8;1;0;0,02%;3,83%;0,59%;4042,553191
Health Supplement;Enervon;Enervon-C;Consideration;Mar-26;TikTok;Micro;tasya.caa;Lifestyle;https://www.tiktok.com/@ummahaliyareview/video/7613619807828675847?utm_campaign=tt4d_open_api&utm_source=awtsed5i9xzgi8ph;;;31099;950000;242;268;9;0;0;0,03%;3,36%;0,86%;3544,776119
Health Supplement;Enervon;Enervon-C;Consideration;Mar-26;TikTok;Micro;Amalia Riena;Lifestyle;https://www.tiktok.com/@r_amalia13/video/7613361189233380628?utm_campaign=tt4d_open_api&utm_source=awtsed5i9xzgi8ph;;;12558;950000;829;1055;55;7;4;0,53%;6,26%;8,40%;900,4739336
Health Supplement;Enervon;Enervon-C;Consideration;Mar-26;TikTok;Micro;nurhidayahdena;Lifestyle;https://www.tiktok.com/@dena.18/video/7614717957012327698?utm_campaign=tt4d_open_api&utm_source=awtsed5i9xzgi8ph;;;28359;950000;193;216;17;3;17;0,13%;17,13%;0,76%;4398,148148
Health Supplement;Enervon;Enervon-C;Consideration;Mar-26;TikTok;Micro;Ateutika;Lifestyle;https://www.tiktok.com/@ateutika/video/7614385374445489429?utm_campaign=tt4d_open_api&utm_source=awtsed5i9xzgi8ph;;;10613;950000;193;231;9;0;0;0,08%;3,90%;2,18%;4112,554113
Health Supplement;Enervon;Enervon-C;Consideration;Mar-26;TikTok;Micro;Ayu Fitri;Lifestyle;https://www.tiktok.com/@ayufitri_73/video/7613276604952825109?utm_campaign=tt4d_open_api&utm_source=awtsed5i9xzgi8ph;;;10427;950000;570;901;155;2;15;1,65%;19,09%;8,64%;1054,384018
Health Supplement;Enervon;Enervon-C;Consideration;Mar-26;TikTok;Micro;Desi arnie;Lifestyle;https://www.tiktok.com/@desiarnie/video/7614389477296868628?utm_campaign=tt4d_open_api&utm_source=awtsed5i9xzgi8ph;;;19897;950000;1300;2689;117;0;0;0,59%;4,35%;13,51%;353,2911863
Health Supplement;Enervon;Enervon-C;Consideration;Mar-26;TikTok;Micro;Dini Astriani;Lifestyle;https://www.tiktok.com/@diniastriani14/video/7612582643233836305?utm_campaign=tt4d_open_api&utm_source=awtsed5i9xzgi8ph;;;35790;950000;233;261;35;32;3;0,20%;26,82%;0,73%;3639,846743
Health Supplement;Enervon;Enervon-C;Consideration;Mar-26;TikTok;Micro;Dewi Puspitasari;Lifestyle;https://www.tiktok.com/@dwpuspitaaa/video/7612597400242277652?utm_campaign=tt4d_open_api&utm_source=awtsed5i9xzgi8ph;;;12500;950000;107;136;14;10;6;0,24%;22,06%;1,09%;6985,294118
Health Supplement;Enervon;Enervon-C;Consideration;Mar-26;TikTok;Micro;Laksmi;Lifestyle;https://www.tiktok.com/@laksmipaopao/video/7613287156672515335?utm_campaign=tt4d_open_api&utm_source=awtsed5i9xzgi8ph;;;24909;950000;1200;1309;267;29;9;1,22%;23,30%;5,26%;725,7448434
Health Supplement;Enervon;Enervon-C;Consideration;Mar-26;TikTok;Micro;Nia Aryani;Lifestyle;https://www.tiktok.com/@niaaryanii/video/7615045124552215829?utm_campaign=tt4d_open_api&utm_source=awtsed5i9xzgi8ph;;;52895;950000;7600;8632;354;25;27;0,77%;4,70%;16,32%;110,055607
Health Supplement;Enervon;Enervon-C;Consideration;Mar-26;TikTok;Micro;Dea Dewi Asiyah;Lifestyle;https://www.tiktok.com/@deasiyah19/video/7614825001404894485?utm_campaign=tt4d_open_api&utm_source=awtsed5i9xzgi8ph;;;13192;950000;190;225;9;1;0;0,08%;4,44%;1,71%;4222,222222
Health Supplement;Enervon;Enervon-C;Consideration;Mar-26;TikTok;Micro;Angela Purnamasari;Lifestyle;https://vt.tiktok.com/ZSuJwEyhn/;;;10300;950000;254;1359;87;34;5;1,22%;9,27%;13,19%;699,0434143
Health Supplement;Enervon;Enervon-C;Consideration;Mar-26;TikTok;Micro;Eva Yunita D;Lifestyle;https://vt.tiktok.com/ZSuRwktY9/;;;17400;950000;2600;3419;179;10;19;1,20%;6,08%;19,65%;277,8590231
Health Supplement;Enervon;Enervon-C;Consideration;Mar-26;TikTok;Micro;Rizqi Fatimah;Lifestyle;https://vt.tiktok.com/ZSuJqEwmm/;;;12800;950000;1500;2033;182;29;15;1,77%;11,12%;15,88%;467,2897196
Health Supplement;Enervon;Enervon-C;Consideration;Mar-26;TikTok;Micro;April hatini;Lifestyle;https://vt.tiktok.com/ZSuYsgNHv/;;;51000;950000;10100;10226;389;76;228;1,36%;6,78%;20,05%;92,90044983
Health Supplement;Enervon;Enervon-C;Consideration;Mar-26;TikTok;Micro;Finta ainda;Lifestyle;https://vt.tiktok.com/ZSuNhNknW/;;;10700;950000;171;202;22;12;10;0,41%;21,78%;1,89%;4702,970297
Health Supplement;Enervon;Enervon-C;Consideration;Mar-26;TikTok;Micro;Imra luqra;Lifestyle;https://vt.tiktok.com/ZSuRTyvPE/;;;11200;950000;161;188;38;42;2;0,73%;43,62%;1,68%;5053,191489
Health Supplement;Enervon;Enervon-C;Consideration;Mar-26;TikTok;Micro;Rita Wartini;Lifestyle;https://vt.tiktok.com/ZSuY4WjhR/;;;13900;950000;471;829;476;24;13;3,69%;61,88%;5,96%;1145,958987
Health Supplement;Enervon;Enervon-C;Consideration;Mar-26;TikTok;Micro;Fanny Aulia Lizara;Lifestyle;https://vt.tiktok.com/ZSuY9QdJC/;;;11600;950000;107;413;201;2;102;2,63%;73,85%;3,56%;2300,242131
Health Supplement;Enervon;Enervon-C;Consideration;Mar-26;TikTok;Micro;Ratna Sari Purwaningsih;Lifestyle;https://vt.tiktok.com/ZSuNYwX72/;;;13400;950000;2000;2577;123;4;2;0,96%;5,01%;19,23%;368,6457121
Health Supplement;Enervon;Enervon-C;Consideration;Mar-26;TikTok;Micro;Hana;Lifestyle;https://vt.tiktok.com/ZSu2hkr6H/;;;36100;950000;3100;4510;141;35;12;0,52%;4,17%;12,49%;210,6430155
Health Supplement;Enervon;Enervon-C;Consideration;Mar-26;TikTok;Micro;Rahmadiana;Lifestyle;https://vt.tiktok.com/ZSuYv1Kmr/;;;29000;950000;1300;1550;229;91;201;1,80%;33,61%;5,34%;612,9032258
Health Supplement;Enervon;Enervon-C;Consideration;Mar-26;TikTok;Micro;Astri Mei;Lifestyle;https://vt.tiktok.com/ZSuNjVXW2/;;;12600;950000;205;1020;95;35;5;1,07%;13,24%;8,10%;931,372549
Health Supplement;Enervon;Enervon-C;Consideration;Mar-26;TikTok;Micro;Yuyun Marslilia;Lifestyle;https://vt.tiktok.com/ZSuedUk8E/;;;13200;950000;638;1112;639;89;12;5,61%;66,55%;8,42%;854,3165468
Health Supplement;Enervon;Enervon-C;Consideration;Mar-26;TikTok;Micro;EKA MEITA RANI;Lifestyle;https://vt.tiktok.com/ZSu8Ly8br/;;;10400;950000;126;149;17;6;6;0,28%;19,46%;1,43%;6375,838926
Health Supplement;Enervon;Enervon-C;Consideration;Mar-26;TikTok;Micro;Mita mauliah;Lifestyle;https://vt.tiktok.com/ZSuYGDGYw/;;;21500;950000;119;18963;11;3;5;0,09%;0,10%;88,20%;50,0975584
Health Supplement;Enervon;Enervon-C;Consideration;Mar-26;TikTok;Micro;Desi rismawati;Lifestyle;https://vt.tiktok.com/ZSuLqb2R4/;;;88600;950000;6600;7767;245;44;4;0,33%;3,77%;8,77%;122,3123471
Health Supplement;Enervon;Enervon-C;Consideration;Mar-26;TikTok;Micro;Loisa emy;Lifestyle;https://vt.tiktok.com/ZSuYxWwrv/;;;20492;950000;14500;18216;211;2;1;1,04%;1,17%;88,89%;52,15195433
Health Supplement;Enervon;Enervon-C;Consideration;Mar-26;TikTok;Micro;Ratna Rinnati;Lifestyle;https://vt.tiktok.com/ZSuFgpanr/;;;40300;950000;2800;4254;408;4;0;1,02%;9,69%;10,56%;223,319229
Health Supplement;Enervon;Enervon-C;Consideration;Mar-26;TikTok;Micro;Aura Adellia Fiqri Heryanto;Lifestyle;https://vt.tiktok.com/ZSuJGcRqF/;;;10500;950000;1100;1322;115;27;19;1,53%;12,18%;12,59%;718,6081694
Health Supplement;Enervon;Enervon-C;Consideration;Mar-26;TikTok;Micro;Febriska Herovi Kusuma Dewi;Lifestyle;https://vt.tiktok.com/ZSuYnHEDS/;;;11700;950000;226;275;9;0;1;0,09%;3,64%;2,35%;3454,545455
Health Supplement;Enervon;Enervon-C;Consideration;Mar-26;TikTok;Micro;Rizka Amalia;Lifestyle;https://vt.tiktok.com/ZSuL29oQH/;;;15700;950000;2000;2287;872;37;41;6,05%;41,54%;14,57%;415,3913424
Health Supplement;Enervon;Enervon-C;Consideration;Mar-26;TikTok;Micro;Mepa Pradipta;Lifestyle;https://vt.tiktok.com/ZSuFgxwqK/;;;15400;950000;239;4905;26;12;12;0,32%;1,02%;31,85%;193,6799185
Health Supplement;Enervon;Enervon-C;Consideration;Mar-26;TikTok;Micro;Ulfa afida;Lifestyle;https://vt.tiktok.com/ZSuLfDt5G/;;;12300;950000;1600;2192;134;37;8;1,46%;8,17%;17,82%;433,3941606
Health Supplement;Enervon;Enervon-C;Consideration;Mar-26;TikTok;Micro;amelia citra susanto;Lifestyle;https://vt.tiktok.com/ZSu8qfxUh/;;;43000;950000;1800;2113;164;1;0;0,38%;7,81%;4,91%;449,5977283
Health Supplement;Enervon;Enervon-C;Consideration;Mar-26;TikTok;Micro;Navy;Lifestyle;https://vt.tiktok.com/ZSuNNqTaJ/;;;13300;950000;222;1271;140;16;14;1,28%;13,38%;9,56%;747,4429583
Health Supplement;Enervon;Enervon-C;Consideration;Mar-26;TikTok;Micro;Delima rahayu istiqomah;Lifestyle;https://vt.tiktok.com/ZSuYUrTDd/;;;10299;950000;596;624;42;13;4;0,57%;9,46%;6,06%;1522,435897
Health Supplement;Enervon;Enervon-C;Consideration;Mar-26;TikTok;Micro;Ayu Rachma;Lifestyle;https://vt.tiktok.com/ZSuR34Xd8/;;;19100;950000;1600;2084;169;41;8;1,14%;10,46%;10,91%;455,8541267
Health Supplement;Enervon;Enervon-C;Consideration;Mar-26;TikTok;Micro;Maya amelia;Lifestyle;https://vt.tiktok.com/ZSuLc7HYe/;;;27700;950000;253;1109;481;7;13;1,81%;45,18%;4,00%;856,6275924
Health Supplement;Enervon;Enervon-C;Consideration;Mar-26;TikTok;Micro;Anggi Zukana;Lifestyle;https://vt.tiktok.com/ZSuYqn6wx/;;;10600;950000;496;6318;5361;6;5;50,68%;85,03%;59,60%;150,3640393
Health Supplement;Enervon;Enervon-C;Consideration;Mar-26;TikTok;Micro;Erlin Yutrika;Lifestyle;https://vt.tiktok.com/ZSuYch6ot/;;;24400;950000;2000;3098;525;16;8;2,25%;17,72%;12,70%;306,6494513
Health Supplement;Enervon;Enervon-C;Consideration;Mar-26;TikTok;Micro;Dillah;Lifestyle;https://vt.tiktok.com/ZSu8ds3W2/;;;13400;950000;1500;1824;118;0;0;0,88%;6,47%;13,61%;520,8333333
Health Supplement;Enervon;Enervon-C;Consideration;Mar-26;TikTok;Micro;Resa Ristianti;Lifestyle;https://vt.tiktok.com/ZSuYH2eDg/;;;43342;950000;292;1010;240;15;1;0,59%;25,35%;2,33%;940,5940594
Health Supplement;Enervon;Enervon-C;Consideration;Mar-26;TikTok;Micro;husna alfita wulandari;Lifestyle;https://vt.tiktok.com/ZSuYhrLHG/;;;11400;950000;1100;1284;93;4;2;0,87%;7,71%;11,26%;739,8753894
Health Supplement;Enervon;Enervon-C;Consideration;Mar-26;TikTok;Micro;Tria;Lifestyle;https://vt.tiktok.com/ZSuLjEFsP/;;;18200;950000;347;719;490;36;1;2,90%;73,30%;3,95%;1321,279555
Health Supplement;Enervon;Enervon-C;Consideration;Mar-26;TikTok;Micro;Syahna Apriyani;Lifestyle;https://vt.tiktok.com/ZSu2r376V/;;;16638;950000;239;12444;346;0;0;2,08%;2,78%;74,79%;76,34201221
Health Supplement;Enervon;Enervon-C;Consideration;Mar-26;TikTok;Micro;Lia Kartini;Lifestyle;https://vt.tiktok.com/ZSu2LpY75/;;;13100;950000;160;857;37;17;0;0,41%;6,30%;6,54%;1108,518086
Health Supplement;Enervon;Enervon-C;Consideration;Mar-26;TikTok;Micro;Niken karunia sari;Lifestyle;https://vt.tiktok.com/ZSuYo4THq/;;;11200;950000;168;203;36;5;0;0,37%;20,20%;1,81%;4679,802956
Health Supplement;Enervon;Enervon-C;Consideration;Mar-26;TikTok;Micro;Veni nabilla;Lifestyle;https://vt.tiktok.com/ZSu613DWM/;;;21900;950000;168;3327;73;2;1;0,35%;2,28%;15,19%;285,5425308
Health Supplement;Enervon;Enervon-C;Consideration;Mar-26;TikTok;Micro;Lisa Nuraini;Lifestyle;https://vt.tiktok.com/ZSuLxNTnY/;;;23000;950000;937;3672;370;19;6;1,72%;10,76%;15,97%;258,7145969
Health Supplement;Enervon;Enervon-C;Consideration;Mar-26;TikTok;Micro;Aprillia diah utami;Lifestyle;https://vt.tiktok.com/ZSuLfPEEU/;;;12766;950000;10308;22812;178;16;21;1,68%;0,94%;178,69%;41,64474838
Health Supplement;Enervon;Enervon-C;Consideration;Mar-26;TikTok;Micro;Chintia Caesariany;Lifestyle;https://vt.tiktok.com/ZSu2rMNET/;;;20700;950000;656;702;12;0;1;0,06%;1,85%;3,39%;1353,276353
Health Supplement;Enervon;Enervon-C;Consideration;Mar-26;TikTok;Micro;Zunita Shara Arubaiyah;Lifestyle;https://vt.tiktok.com/ZSuYgJSuw/;;;10900;950000;120;959;15;2;3;0,18%;2,09%;8,80%;990,6152242
Health Supplement;Enervon;Enervon-C;Consideration;Mar-26;TikTok;Micro;Dwi Syefria Ningsih;Lifestyle;https://vt.tiktok.com/ZSuYRNpYh/;;;15700;950000;105;6759;44;30;9;0,53%;1,23%;43,05%;140,5533363
Health Supplement;Enervon;Enervon-C;Consideration;Mar-26;TikTok;Micro;Puji hidayati;Lifestyle;https://vt.tiktok.com/ZSuLX2FRp/;;;17000;950000;5000;7660;294;22;21;1,98%;4,40%;45,06%;124,0208877
Health Supplement;Enervon;Enervon-C;Consideration;Mar-26;TikTok;Micro;Fipit yulianti;Lifestyle;https://vt.tiktok.com/ZSu81Rnx1/;;;20300;950000;3100;3136;78;1;1;0,39%;2,55%;15,45%;302,9336735
Health Supplement;Enervon;Enervon-C;Consideration;Mar-26;TikTok;Micro;Istiqomah Gayatri;Lifestyle;https://vt.tiktok.com/ZSuLqPLLM/;;;14800;950000;1100;5315;68;18;13;0,67%;1,86%;35,91%;178,7394167
Health Supplement;Enervon;Enervon-C;Consideration;Mar-26;TikTok;Micro;Citra Amalia;Lifestyle;https://vt.tiktok.com/ZSu2jDLVS/;;;11200;950000;233;1266;36;24;41;0,90%;7,98%;11,30%;750,3949447
Health Supplement;Enervon;Enervon-C;Consideration;Mar-26;TikTok;Micro;Atika Rahmayanti;Lifestyle;https://vt.tiktok.com/ZSu27by9E/;;;12000;950000;7000;10845;694;65;28;6,56%;7,26%;90,38%;87,59797142
Health Supplement;Enervon;Enervon-C;Consideration;Mar-26;TikTok;Micro;Rika Yusnia Putri;Lifestyle;https://vt.tiktok.com/ZSuLCRHNQ/;;;14500;950000;2100;5320;128;33;31;1,32%;3,61%;36,69%;178,5714286
Health Supplement;Enervon;Enervon-C;Consideration;Mar-26;TikTok;Macro;Fika;Lifestyle;https://vt.tiktok.com/ZSu82wkrF/;;;245000;950000;3600;4760;195;19;19;0,10%;4,89%;1,94%;199,5798319
Health Supplement;Enervon;Enervon-C;Consideration;Mar-26;TikTok;Micro;Nonik Nur M;Lifestyle;https://vt.tiktok.com/ZSuYjS1RK/;;;12000;950000;1800;3797;250;33;97;3,17%;10,01%;31,64%;250,1975244
Health Supplement;Enervon;Enervon-C;Consideration;Mar-26;TikTok;Micro;Ridatiningsih;Lifestyle;https://vt.tiktok.com/ZSuY6X8oB/;;;23000;950000;1300;1379;116;0;0;0,50%;8,41%;6,00%;688,9050036
Health Supplement;Enervon;Enervon-C;Consideration;Mar-26;TikTok;Micro;Diah Awalokiteswari;Lifestyle;https://vt.tiktok.com/ZSuNkSRXK/;;;10200;950000;99;569;27;8;3;0,37%;6,68%;5,58%;1669,595782
Health Supplement;Enervon;Enervon-C;Consideration;Mar-26;TikTok;Micro;fitri hidayanti;Lifestyle;https://vt.tiktok.com/ZSuF7LMXw/;;;12600;950000;218;257;40;18;13;0,56%;27,63%;2,04%;3696,498054
Health Supplement;Enervon;Enervon-C;Consideration;Mar-26;TikTok;Micro;Tutut Handayani;Lifestyle;https://vt.tiktok.com/ZSuY1nWdw/;;;45000;950000;382;452;21;2;0;0,05%;5,09%;1,00%;2101,769912
Health Supplement;Enervon;Enervon-C;Consideration;May-26;TikTok;Micro;arsipamira;Lifestyle;https://vt.tiktok.com/ZSxMvB6Wh/;;;47900;2640000;16700;286987;143;9;1;0,32%;0,05%;599,14%;9,199022952
Health Supplement;Enervon;Enervon-C;Consideration;May-26;TikTok;Macro;Fierrlia;Lifestyle;https://vt.tiktok.com/ZSxutr3Ph/;;;204600;11550000;318400;508603;1391;5;31;0,70%;0,28%;248,58%;22,7092644
Health Supplement;Enervon;Enervon-C;Consideration;May-26;TikTok;Micro;adha.rzky;Lifestyle;https://vt.tiktok.com/ZSxutHj5v/;;;51200;8000000;26600;40474;1539;40;31;3,14%;3,98%;79,05%;197,6577556
Health Supplement;Enervon;Enervon-C;Consideration;May-26;TikTok;Micro;ericashintia;Lifestyle;https://vt.tiktok.com/ZSxutr3Ph/;;;48900;3547500;2300;3218;106;4;7;0,24%;3,64%;6,58%;1102,392791
Health Supplement;Enervon;Enervon-C;Consideration;May-26;TikTok;Macro;ridhomlnn;Lifestyle;https://vt.tiktok.com/ZSxpfjK2x/;;;438500;14520000;13800;19323;1562;41;26;0,37%;8,43%;4,41%;751,4361124
Health Supplement;Enervon;Enervon-C;Consideration;May-26;TikTok;Mega;ficrafth;Lifestyle;https://vt.tiktok.com/ZSxAc1As9/;;;2200000;16500000;28300;35643;1849;26;4;0,09%;5,27%;1,62%;462,9239963
Health Supplement;Vicee;Vicee Gummy;Consideration;Jan-26;TikTok;Micro;A’yun;Lifestyle;https://vt.tiktok.com/ZS5qw6f3C/;;;14000;833000;403;435;131;20;3;1,10%;35,40%;3,11%;1914,942529
Health Supplement;Vicee;Vicee Gummy;Consideration;Jan-26;TikTok;Micro;Ananda Khoirunisa;Lifestyle;https://vt.tiktok.com/ZS5B6P4k5/;;;39200;833000;137;8042;192;0;47;0,61%;2,97%;20,52%;103,5811987
Health Supplement;Vicee;Vicee Gummy;Consideration;Jan-26;TikTok;Micro;Anis Pramita;Lifestyle;https://vt.tiktok.com/ZS5mXadh6/;;;10045;833000;1700;1886;125;9;20;1,53%;8,17%;18,78%;441,6755037
Health Supplement;Vicee;Vicee Gummy;Consideration;Jan-26;TikTok;Macro;atiko;Lifestyle;https://vt.tiktok.com/ZS5qvvU9B/;;;101000;833000;6200;7286;1596;126;120;1,82%;25,28%;7,21%;114,3288498
Health Supplement;Vicee;Vicee Gummy;Consideration;Jan-26;TikTok;Micro;Cony candra;Lifestyle;https://vt.tiktok.com/ZS5m4dNJU/;;;35000;833000;130;3210;111;27;2;0,40%;4,36%;9,17%;259,5015576
Health Supplement;Vicee;Vicee Gummy;Consideration;Jan-26;TikTok;Micro;Dwi Ayu Febriyani;Lifestyle;https://vt.tiktok.com/ZS551YMsP/;;;20200;833000;68;6644;103;6;20;0,64%;1,94%;32,89%;125,3762793
Health Supplement;Vicee;Vicee Gummy;Consideration;Jan-26;TikTok;Micro;Eka Pujiati;Lifestyle;https://vt.tiktok.com/ZS5We7nEu/;;;10900;833000;39;1529;115;11;30;1,43%;10,20%;14,03%;544,8005232
Health Supplement;Vicee;Vicee Gummy;Consideration;Jan-26;TikTok;Micro;Erna Apriyanti;Lifestyle;https://vt.tiktok.com/ZS5MKsVEC/;;;27900;833000;705;995;57;15;12;0,30%;8,44%;3,57%;837,1859296
Health Supplement;Vicee;Vicee Gummy;Consideration;Jan-26;TikTok;Micro;Iva Ratna Dewi;Lifestyle;https://vt.tiktok.com/ZS5ujje3D/;;;10600;833000;143;154;40;37;3;0,75%;51,95%;1,45%;5409,090909
Health Supplement;Vicee;Vicee Gummy;Consideration;Jan-26;TikTok;Micro;Leni Agustina;Lifestyle;https://vt.tiktok.com/ZS5b2UTu5/;;;10400;833000;2200;2410;147;4;3;1,48%;6,39%;23,17%;345,6431535
Health Supplement;Vicee;Vicee Gummy;Consideration;Jan-26;TikTok;Micro;Marsha Maharani;Lifestyle;https://www.tiktok.com/@marshamarchantia/video/7592179863931424008?_r=1&u_code=dfb75afc66hkka&region=ID&mid=7592179915445881618&preview_pb=0&sharer_language=id&_d=e9hdmbcge0342k&ec_shared_reflux_dynamic_params=%7B%22placeholder_material_id%22%3A%227592179863931424008%22%2C%22placeholder_origin_cover%22%3A%22https%253A%252F%252Fp16-sign-sg.tiktokcdn.com%252Ftos-alisg-p-0037%252Fo4q1KBDDQFAbQgBXGBEUf1E3BzNcfRxcph2NgK~tplv-tiktokx-origin.webp%253Fdr%253D14572%2526refresh_token%253D680847ab%2526x-expires%253D1799226000%2526x-signature%253DAGNCim90pbAxN2ViDRSoWzSPLcU%25253D%2526t%253D4d5b0474%2526ps%253D13740610%2526shp%253Dd05b14bd%2526shcp%253D34ff8df6%2526idc%253Dmy%2526s%253DPUBLISH%22%2C%22placeholder_product_id%22%3A%221733012185136728045%22%2C%22placeholder_video_id%22%3A%227592179863931424008%22%7D&ec_shared_reflux_scene=shop_tab_feed&share_item_id=7592179863931424008&source=h5_t&timestamp=1767693171&user_id=6891972806332417025&sec_user_id=MS4wLjABAAAAsyfeVzEDMx5qXSK83JyKtMet2ixlEYVktr0dSelgTN1RtGMjMLAsdmondJl-x2EJ&item_author_type=1&social_share_type=0&utm_source=copy&utm_campaign=client_share&utm_medium=android&share_iid=7587091871248893716&share_link_id=7364f2bb-cde8-46c2-9898-7a051bb24162&share_app_id=1180&ugbiz_name=MAIN&ug_btm=b8727%2Cb2878&link_reflow_popup_iteration_sharer=%7B%22click_empty_to_play%22%3A1%2C%22dynamic_cover%22%3A1%2C%22follow_to_play_duration%22%3A-1.0%2C%22profile_clickable%22%3A1%7D&enable_checksum=1;;;53350;833000;227;3275;101;4;0;0,20%;3,21%;6,14%;254,351145
Health Supplement;Vicee;Vicee Gummy;Consideration;Jan-26;TikTok;Micro;Meika Novarya;Lifestyle;https://vt.tiktok.com/ZS5mM44WT/;;;11900;833000;913;2119;127;20;54;1,69%;9,49%;17,81%;393,1099575
Health Supplement;Vicee;Vicee Gummy;Consideration;Jan-26;TikTok;Micro;Novi leana;Lifestyle;https://vt.tiktok.com/ZS5mVAHvc/;;;30000;833000;1800;1913;131;26;13;0,57%;8,89%;6,38%;435,4417146
Health Supplement;Vicee;Vicee Gummy;Consideration;Jan-26;TikTok;Micro;Nur Mujiana;Lifestyle;https://vt.tiktok.com/ZS5u1hRBE/;;;32900;833000;117;12143;1004;0;0;3,05%;8,27%;36,91%;68,59919295
Health Supplement;Vicee;Vicee Gummy;Consideration;Jan-26;TikTok;Micro;Nur sholihah;Lifestyle;https://vt.tiktok.com/ZS5mn5xbR/;;;26000;833000;219;219;112;39;126;1,07%;126,48%;0,84%;3803,652968
Health Supplement;Vicee;Vicee Gummy;Consideration;Jan-26;TikTok;Micro;Putri balqis;Lifestyle;https://vt.tiktok.com/ZS5mbVbeX/;;;12500;833000;869;1135;16;9;6;0,25%;2,73%;9,08%;733,9207048
Health Supplement;Vicee;Vicee Gummy;Consideration;Jan-26;TikTok;Macro;ria purnamasari;Lifestyle;https://vt.tiktok.com/ZS5mxr2HD/;;;103000;833000;13264;13264;513;6;378;0,87%;6,76%;12,88%;62,80156815
Health Supplement;Vicee;Vicee Gummy;Consideration;Jan-26;TikTok;Micro;Sarah ivanda;Lifestyle;https://vt.tiktok.com/ZS5mbPQx5/;;;14100;833000;70;5297;327;1;1;2,33%;6,21%;37,57%;157,2588258
Health Supplement;Vicee;Vicee Gummy;Consideration;Jan-26;TikTok;Micro;Silvi Agustin;Lifestyle;https://vt.tiktok.com/ZS5mmxfot/;;;11000;833000;2400;2618;1204;24;53;11,65%;48,93%;23,80%;318,1818182
Health Supplement;Vicee;Vicee Gummy;Consideration;Jan-26;TikTok;Micro;Triastuti;Lifestyle;https://vt.tiktok.com/ZS55edQPd/;;;11200;833000;29;8076;1230;25;226;13,22%;18,34%;72,11%;103,1451213
Health Supplement;Vicee;Vicee Gummy;Consideration;Jan-26;TikTok;Micro;Tyas;Lifestyle;https://vt.tiktok.com/ZS5mqH8mv/;;;22000;833000;658;3942;1119;3;1;5,10%;28,49%;17,92%;211,3140538
Health Supplement;Vicee;Vicee Gummy;Consideration;Jan-26;TikTok;Micro;ingewati.s;Lifestyle;https://www.tiktok.com/@ingewati.s/video/7589524650514844946?utm_campaign=tt4d_open_api&utm_source=awtsed5i9xzgi8ph;;;11998;833000;5500;6057;302;1;1;2,53%;5,02%;50,48%;137,5268285
Health Supplement;Vicee;Vicee Gummy;Consideration;Jan-26;TikTok;Micro;havika rizhan;Lifestyle;https://www.tiktok.com/@havika_rizhan/video/7589597697867484436?utm_campaign=tt4d_open_api&utm_source=awtsed5i9xzgi8ph;;;13829;833000;2900;3377;268;47;26;2,47%;10,10%;24,42%;246,6686408
Health Supplement;Vicee;Vicee Gummy;Consideration;Jan-26;TikTok;Micro;Bethariasonata;Lifestyle;https://www.tiktok.com/@betariasonata/video/7593379368546749714?utm_campaign=tt4d_open_api&utm_source=awtsed5i9xzgi8ph;;;10560;833000;2200;2637;1192;21;4;11,52%;46,15%;24,97%;315,8892681
Health Supplement;Vicee;Vicee Gummy;Consideration;Jan-26;TikTok;Micro;Nila Matsuna;Lifestyle;https://www.tiktok.com/@nilalalamatsu92/video/7591840893917826322?utm_campaign=tt4d_open_api&utm_source=awtsed5i9xzgi8ph;;;11707;833000;2200;2677;1183;11;44;10,57%;46,25%;22,87%;311,1692193
Health Supplement;Vicee;Vicee Gummy;Consideration;Jan-26;TikTok;Micro;Dita Handiyanti;Lifestyle;https://www.tiktok.com/@ditahandi_/video/7592177112702881044?utm_campaign=tt4d_open_api&utm_source=awtsed5i9xzgi8ph;;;22834;833000;10100;11420;396;18;35;1,97%;3,93%;50,01%;72,94220665
Health Supplement;Vicee;Vicee Gummy;Consideration;Jan-26;TikTok;Micro;sarah_novika;Lifestyle;https://www.tiktok.com/@sarah_novika/video/7593410727881329936?utm_campaign=tt4d_open_api&utm_source=awtsed5i9xzgi8ph;;;50453;833000;9800;10273;1855;57;14;3,82%;18,75%;20,36%;81,08634284
Health Supplement;Vicee;Vicee Gummy;Consideration;Jan-26;TikTok;Micro;AJENG;Lifestyle;https://www.tiktok.com/@radenajengagustina/video/7589920565067091207?utm_campaign=tt4d_open_api&utm_source=awtsed5i9xzgi8ph;;;14638;833000;6900;7209;195;25;20;1,64%;3,33%;49,25%;115,5500069
Health Supplement;Vicee;Vicee Gummy;Consideration;Jan-26;TikTok;Micro;Rahmawati;Lifestyle;https://www.tiktok.com/@narra09_/video/7589522701249793301?utm_campaign=tt4d_open_api&utm_source=awtsed5i9xzgi8ph;;;11097;833000;2000;2284;146;24;11;1,63%;7,92%;20,58%;364,7110333
Health Supplement;Vicee;Vicee Gummy;Consideration;Jan-26;TikTok;Micro;Bunda Shazia;Lifestyle;https://www.tiktok.com/@houseof_zya/video/7589511079349243157?utm_campaign=tt4d_open_api&utm_source=awtsed5i9xzgi8ph;;;21516;833000;1700;2145;162;44;17;1,04%;10,40%;9,97%;388,3449883
Health Supplement;Vicee;Vicee Gummy;Consideration;Jan-26;TikTok;Micro;rinamalia13;Lifestyle;https://www.tiktok.com/@r_amalia13/video/7589504717345017109?utm_campaign=tt4d_open_api&utm_source=awtsed5i9xzgi8ph;;;12539;833000;1200;1499;118;1;0;0,95%;7,94%;11,95%;555,7038025
Health Supplement;Vicee;Vicee Gummy;Consideration;Jan-26;TikTok;Micro;keluargapokcoy;Lifestyle;https://www.tiktok.com/@keluargapokcoy/video/7592513316501671175?utm_campaign=tt4d_open_api&utm_source=awtsed5i9xzgi8ph;;;12294;833000;1900;2239;101;1;6;0,88%;4,82%;18,21%;372,0410898
Health Supplement;Vicee;Vicee Gummy;Consideration;Jan-26;TikTok;Micro;Arisa Octaviant...;Lifestyle;https://www.tiktok.com/@arizhaocta/video/7596324949070056712?utm_campaign=tt4d_open_api&utm_source=awtsed5i9xzgi8ph;;;19864;833000;1500;2041;143;20;3;0,84%;8,13%;10,27%;408,133268
Health Supplement;Vicee;Vicee Gummy;Consideration;Jan-26;TikTok;Micro;Siska Septika R...;Lifestyle;https://www.tiktok.com/@siskaseptikaa/video/7592662553730370823?utm_campaign=tt4d_open_api&utm_source=awtsed5i9xzgi8ph;;;10723;833000;167;185;27;28;26;0,76%;43,78%;1,73%;4502,702703
Health Supplement;Vicee;Vicee Gummy;Consideration;Jan-26;TikTok;Micro;double khay;Lifestyle;https://www.tiktok.com/@khaylasunny/video/7593534266454134037?utm_campaign=tt4d_open_api&utm_source=awtsed5i9xzgi8ph;;;11434;833000;129;198;36;26;3;0,57%;32,83%;1,73%;4207,070707
Health Supplement;Vicee;Vicee Gummy;Consideration;Jan-26;TikTok;Micro;dewi.asr;Lifestyle;https://www.tiktok.com/@dewi.asria/video/7591855776168234260?utm_campaign=tt4d_open_api&utm_source=awtsed5i9xzgi8ph;;;10384;833000;444;525;41;5;9;0,53%;10,48%;5,06%;1586,666667
Health Supplement;Vicee;Vicee Gummy;Consideration;Jan-26;TikTok;Micro;Rika Ria;Lifestyle;https://www.tiktok.com/@rikariaf/video/7597747845462052117?utm_campaign=tt4d_open_api&utm_source=awtsed5i9xzgi8ph;;;28051;833000;623;680;96;0;0;0,34%;14,12%;2,42%;1225
Health Supplement;Vicee;Vicee Gummy;Consideration;Jan-26;TikTok;Micro;Rani Rumi;Lifestyle;https://www.tiktok.com/@ramigabut00/video/7592193553598582023?utm_campaign=tt4d_open_api&utm_source=awtsed5i9xzgi8ph;;;13047;833000;178;194;21;18;0;0,30%;20,10%;1,49%;4293,814433
Health Supplement;Vicee;Vicee Gummy;Consideration;Jan-26;TikTok;Micro;Putrisptanggrni;Lifestyle;https://www.tiktok.com/@putrisptanggrni/video/7593401829841489172?utm_campaign=tt4d_open_api&utm_source=awtsed5i9xzgi8ph;;;20821;833000;128;159;34;26;2;0,30%;38,99%;0,76%;5238,993711
Health Supplement;Vicee;Vicee Gummy;Consideration;Jan-26;TikTok;Micro;Desyrtns;Lifestyle;https://www.tiktok.com/@desyrtns/video/7593544071138790676?utm_campaign=tt4d_open_api&utm_source=awtsed5i9xzgi8ph;;;16922;833000;122;143;15;5;0;0,12%;13,99%;0,85%;5825,174825
Health Supplement;Vicee;Vicee Gummy;Consideration;Jan-26;TikTok;Micro;Promo jajan jal...;Lifestyle;https://vt.tiktok.com/ZS5FrXTAn/;;;12520;833000;654;707;11;0;0;0,09%;1,56%;5,65%;1178,217822
Health Supplement;Vicee;Vicee Gummy;Consideration;Jan-26;TikTok;Micro;Ike nurha;Lifestyle;https://www.tiktok.com/@ikenurha25/video/7596234483779587336?utm_campaign=tt4d_open_api&utm_source=awtsed5i9xzgi8ph;;;19223;833000;119;130;12;0;0;0,06%;9,23%;0,68%;6407,692308
Health Supplement;Vicee;Vicee Gummy;Consideration;Jan-26;TikTok;Micro;arini;Lifestyle;https://www.tiktok.com/@arinprastya/video/7589256868174794005?utm_campaign=tt4d_open_api&utm_source=awtsed5i9xzgi8ph;;;19526;833000;164;170;4;1;6;0,06%;6,47%;0,87%;4900
Health Supplement;Vicee;Vicee Gummy;Consideration;Jan-26;TikTok;Micro;Kamisatuatap;Lifestyle;https://www.tiktok.com/@kamisatuatap/video/7589463936873925896?utm_campaign=tt4d_open_api&utm_source=awtsed5i9xzgi8ph;;;13205;833000;1000;1124;4;0;0;0,03%;0,36%;8,51%;741,1032028
Health Supplement;Vicee;Vicee Gummy;Consideration;Jan-26;TikTok;Nano;Asniati;Lifestyle;https://vt.tiktok.com/ZS5bYfeCb/;;;1340;833000;98;144;40;31;14;6,34%;59,03%;10,75%;5784,722222
Health Supplement;Vicee;Vicee Gummy;Consideration;Jan-26;TikTok;Nano;Rizky Dwi Puspita Sari;Lifestyle;https://vt.tiktok.com/ZS5xSwRTd/;;;1930;833000;192;192;107;9;6;6,32%;63,54%;9,95%;4338,541667
Health Supplement;Vicee;Vicee Gummy;Consideration;Jan-26;TikTok;Nano;Windy;Lifestyle;https://www.tiktok.com/@windyedogawa/video/7594714679855926535?is_from_webapp=1&sender_device=pc&web_id=7491328671523309057;;;2500;833000;83;117;8;6;1;0,60%;12,82%;4,68%;7119,65812
Health Supplement;Vicee;Vicee Gummy;Consideration;Jan-26;TikTok;Nano;Annisa Khanna;Lifestyle;https://vt.tiktok.com/ZS5bUHfGC/;;;2600;833000;150;170;53;0;0;2,04%;31,18%;6,54%;4900
Health Supplement;Vicee;Vicee Gummy;Consideration;Jan-26;TikTok;Nano;Annisa Nurhudayanti;Lifestyle;https://vt.tiktok.com/ZS5mkfKLx/;;;4080;833000;120;225;115;15;3;3,26%;59,11%;5,51%;3702,222222
Health Supplement;Vicee;Vicee Gummy;Consideration;Jan-26;TikTok;Nano;Aysheza Fahresyi;Lifestyle;https://vt.tiktok.com/ZS5rPwrTq/;;;1087;833000;103;103;7;4;1;1,10%;11,65%;9,48%;8087,378641
Health Supplement;Vicee;Vicee Gummy;Consideration;Jan-26;TikTok;Nano;Ayu windari;Lifestyle;https://vt.tiktok.com/ZS5mSoCaW/;;;1872;833000;144;259;100;95;15;11,22%;81,08%;13,84%;3216,216216
Health Supplement;Vicee;Vicee Gummy;Consideration;Jan-26;TikTok;Nano;Elsa Yulianti;Lifestyle;https://vt.tiktok.com/ZS5qwxF89/;;;3298;833000;134;170;37;31;5;2,21%;42,94%;5,15%;4900
Health Supplement;Vicee;Vicee Gummy;Consideration;Jan-26;TikTok;Nano;Erste Kleinodia Ersaelia;Lifestyle;https://vt.tiktok.com/ZS5mhXom8/;;;6185;833000;1500;1712;70;11;14;1,54%;5,55%;27,68%;486,5654206
Health Supplement;Vicee;Vicee Gummy;Consideration;Jan-26;TikTok;Nano;Farida utami;Lifestyle;https://vt.tiktok.com/ZS5XGETLW/;;;6020;833000;152;181;29;13;9;0,85%;28,18%;3,01%;4602,209945
Health Supplement;Vicee;Vicee Gummy;Consideration;Jan-26;TikTok;Nano;Fidzah Oktaviana;Lifestyle;https://vt.tiktok.com/ZS5aLGfGg/;;;4380;833000;235;367;50;39;7;2,19%;26,16%;8,38%;2269,754768
Health Supplement;Vicee;Vicee Gummy;Consideration;Jan-26;TikTok;Nano;Husnul mursyeed;Lifestyle;https://vt.tiktok.com/ZS5Pyt9cC/;;;3400;833000;1700;1739;124;3;6;3,91%;7,65%;51,15%;479,0109258
Health Supplement;Vicee;Vicee Gummy;Consideration;Jan-26;TikTok;Nano;Julia Pandiangan;Lifestyle;https://vt.tiktok.com/ZS5PU8H65/;;;3260;833000;104;140;8;0;7;0,46%;10,71%;4,29%;5950
Health Supplement;Vicee;Vicee Gummy;Consideration;Jan-26;TikTok;Nano;Mike Renalia Goenawan;Lifestyle;https://vt.tiktok.com/ZS5mYDLqe/;;;3066;833000;2700;4500;319;106;21;14,55%;9,91%;146,77%;185,1111111
Health Supplement;Vicee;Vicee Gummy;Consideration;Jan-26;TikTok;Nano;Ninnda Dwi kurniasari;Lifestyle;https://vt.tiktok.com/ZS5GERUG9/;;;6880;833000;190;239;42;28;18;1,28%;36,82%;3,47%;3485,355649
Health Supplement;Vicee;Vicee Gummy;Consideration;Jan-26;TikTok;Nano;Nur anggraeni;Lifestyle;https://vt.tiktok.com/ZS5m2AH6c/;;;2023;833000;88;88;11;3;4;0,89%;20,45%;4,35%;9465,909091
Health Supplement;Vicee;Vicee Gummy;Consideration;Jan-26;TikTok;Nano;Nur intan jumala;Lifestyle;https://vt.tiktok.com/ZS5q3Wwgv/;;;1008;833000;75;75;3;0;0;0,30%;4,00%;7,44%;11106,66667
Health Supplement;Vicee;Vicee Gummy;Consideration;Jan-26;TikTok;Nano;Resha Rizky Awalia;Lifestyle;https://vt.tiktok.com/ZS5mms7Vh/;;;1055;833000;140;172;6;1;2;0,85%;5,23%;16,30%;4843,023256
Health Supplement;Vicee;Vicee Gummy;Consideration;Jan-26;TikTok;Nano;Shabila gadis;Lifestyle;https://vt.tiktok.com/ZS5mQg3Ey/;;;1825;833000;128;148;14;4;4;1,21%;14,86%;8,11%;5628,378378
Health Supplement;Vicee;Vicee Gummy;Consideration;Jan-26;TikTok;Nano;Tania;Lifestyle;https://vt.tiktok.com/ZS5sqACf5/;;;3600;833000;72;318;11;4;0;0,42%;4,72%;8,83%;2619,496855
Health Supplement;Vicee;Vicee Gummy;Consideration;Jan-26;TikTok;Nano;Tiara nuansa;Lifestyle;https://vt.tiktok.com/ZS5425u9f/;;;2568;833000;52;69;36;0;4;1,56%;57,97%;2,69%;12072,46377
Health Supplement;Vicee;Vicee Gummy;Consideration;Jan-26;TikTok;Nano;Vika ashari puteri;Lifestyle;https://vt.tiktok.com/ZS5mmC5bA/;;;8133;833000;56;81;8;2;2;0,15%;14,81%;1,00%;10283,95062
Health Supplement;Vicee;Vicee Gummy;Consideration;Jan-26;TikTok;Nano;Wahyu putri;Lifestyle;https://vt.tiktok.com/ZS5FrXTAn/;;;7400;833000;144;3578;289;97;21;5,50%;11,38%;48,35%;232,8116266
Health Supplement;Vicee;Vicee Gummy;Consideration;Jan-26;TikTok;Nano;kellydwy;Lifestyle;https://www.tiktok.com/@kellydwy/video/7589610118996561173?utm_campaign=tt4d_open_api&utm_source=awtsed5i9xzgi8ph;;;2307;833000;566;736;239;19;6;11,44%;35,87%;31,90%;1131,793478
Health Supplement;Vicee;Vicee Gummy;Consideration;Jan-26;TikTok;Nano;Melinda Septian...;Lifestyle;https://www.tiktok.com/@melindaseptiani91/video/7589546228795362568?utm_campaign=tt4d_open_api&utm_source=awtsed5i9xzgi8ph;;;2044;833000;275;364;61;45;31;6,70%;37,64%;17,81%;2288,461538
Health Supplement;Vicee;Vicee Gummy;Consideration;Jan-26;TikTok;Nano;Diah Budiarti;Lifestyle;https://www.tiktok.com/@diahnitab/video/7589514727521373460?utm_campaign=tt4d_open_api&utm_source=awtsed5i9xzgi8ph;;;3969;833000;2800;3213;140;71;50;6,58%;8,12%;80,95%;259,2592593
Health Supplement;Vicee;Vicee Gummy;Consideration;Jan-26;TikTok;Nano;Junelzha Rikha;Lifestyle;https://www.tiktok.com/@junelzharikha/video/7589440315061259537?utm_campaign=tt4d_open_api&utm_source=awtsed5i9xzgi8ph;;;2312;833000;283;330;123;16;4;6,19%;43,33%;14,27%;2524,242424
Health Supplement;Vicee;Vicee Gummy;Consideration;Jan-26;TikTok;Nano;cheese;Lifestyle;https://www.tiktok.com/@chocomeltedcheese/video/7593684636841118984?utm_campaign=tt4d_open_api&utm_source=awtsed5i9xzgi8ph;;;3313;833000;120;169;64;54;7;3,77%;73,96%;5,10%;4928,994083
Health Supplement;Vicee;Vicee Gummy;Consideration;Jan-26;TikTok;Nano;ardiyaninf;Lifestyle;https://www.tiktok.com/@ardiyaninf/video/7594648826959514901?utm_campaign=tt4d_open_api&utm_source=awtsed5i9xzgi8ph;;;9997;833000;2000;2122;255;1;8;2,64%;12,44%;21,23%;392,5541942
Health Supplement;Vicee;Vicee Gummy;Consideration;Jan-26;TikTok;Nano;MARYVE90;Lifestyle;https://www.tiktok.com/@maryve903/video/7589433295096548626?utm_campaign=tt4d_open_api&utm_source=awtsed5i9xzgi8ph;;;4947;833000;143;180;14;1;0;0,30%;8,33%;3,64%;4627,777778
Health Supplement;Vicee;Vicee Gummy;Consideration;Jan-26;TikTok;Nano;Maegya;Lifestyle;https://www.tiktok.com/@maegiyaa/video/7594348426469330183?_r=1&_t=ZS-938M7ZUciHt;;;3377;833000;125;1813;150;0;0;4,44%;8,27%;53,69%;459,4594595
Health Supplement;Vicee;Vicee Gummy;Consideration;Mar-26;Tiktok;Mega;Siti Badriah;Lifestyle;https://vt.tiktok.com/ZSuxQ9aU2/;;;7000000;150000000;357100;357100;13700;48;54;0,20%;3,87%;5,10%;420,050406
Health Supplement;Vicee;Vicee Gummy;Consideration;Mar-26;Tiktok;Macro;Hassan Alaydrus;Lifestyle;https://www.tiktok.com/@babamiwa/video/7618654919549046034;;;245900;42000000;1619;1619;157;1;2;0,07%;9,88%;0,66%;25941,93947
Health Supplement;Vicee;Vicee Gummy;Consideration;Mar-26;Tiktok;Macro;Nina Zatulini;Lifestyle;https://vt.tiktok.com/ZSuyGA2x6/;;;605200;47000000;8854;8854;189;7;2;0,03%;2,24%;1,46%;5308,335216
Health Supplement;Vicee;Vicee Gummy;Consideration;Mar-26;Tiktok;Macro;Merdi Octav;Lifestyle;https://www.tiktok.com/@merdioctav/video/7615843866079399188;;;423800;45000000;49000;49000;2092;4;10;0,50%;4,30%;11,56%;918,3673469
Health Supplement;Vicee;Vicee Gummy;Consideration;Mar-26;Tiktok;Macro;Patricia Devina;Lifestyle;https://vt.tiktok.com/ZSuBg9UDq/;;;104500;51000000;8711;8711;1233;3;7;1,19%;14,27%;8,34%;5854,666514
Health Supplement;Vicee;Vicee Gummy;Consideration;Mar-26;Tiktok;Micro;Asa Living;Lifestyle; https://www.tiktok.com/@asa_living/video/7613582450433838356?_r=1&_t=ZS-94QJt0mV4iL;;;78100;18000000;29400;29400;4277;10;95;5,61%;14,90%;37,64%;612,244898
Health Supplement;Vicee;Vicee Gummy;Consideration;May-26;TikTok;Micro;Shannon Gabriella;Lifestyle;https://www.tiktok.com/@itsshannongbr/video/7644158644157713685?_r=1&_t=ZS-96gKNlF61A5;;;35100;30000000;443;738;;;;0,00%;0,00%;2,10%;40650,4065
Health Supplement;Vicee;Vicee Gummy;Consideration;May-26;TikTok;Mega;Imchika;Lifestyle;https://vt.tiktok.com/ZSxtSs2Rt/;;;2300000;30000000;226740;377900;;;;0,00%;0,00%;16,43%;79,38608097
Health Supplement;Vicee;Vicee Tab;Consideration;Mar-26;TikTok;Mega;Afry Rezky;Lifestyle;https://vt.tiktok.com/ZSuE3R25E/;;;1700000;26000000;65300;65300;11800;18;30;0,70%;18,14%;3,84%;398,1623277
Health Supplement;Vicee;Vicee Tab;Consideration;Mar-26;TikTok;Mega;Maxwell Salvador;Lifestyle;https://vt.tiktok.com/ZSuH9nHQ1/;;;1300000;57000000;52200;52200;7009;157;557;0,59%;14,80%;4,02%;1091,954023
Health Supplement;Vicee;Vicee Tab;Consideration;Mar-26;TikTok;Macro;Alicia Amaris;Lifestyle;https://vt.tiktok.com/ZSu96ssQu/;;;105900;21000000;93000;93000;6435;48;140;6,25%;7,12%;87,82%;225,8064516
Health Supplement;Vicee;Vicee Tab;Consideration;May-26;TikTok;Mega;Alecya Veby;Lifestyle;https://vt.tiktok.com/ZSxGbcq3N/;;;1421500;24500000;186700;827489;71000;20;188;5,01%;8,61%;58,21%;29,60764433
Health Supplement;Vicee;Vicee Tab;Consideration;Jun-26;TikTok;Macro;Femi Maringka;Lifestyle;https://www.tiktok.com/@femimaringka/video/7652318059301997842?lang=en;;;135900;28500000;132800;145900;11000;48;376;8,41%;7,83%;;
CC & Herbablend;Neozep;Neozep;Consideration;Jan-26;TikTok;Micro;dr.nadd;Health;https://www.tiktok.com/@dr.nadd/video/7591118080097389831;;;15000;2000000;8100;8458;755;3;33;5,27%;9,35%;56,39%;236,4625207
CC & Herbablend;Neozep;Neozep;Consideration;Jan-26;TikTok;Macro;nichosaputranugraha;Health;https://www.tiktok.com/@nichosaputranugraha/video/7592161889010928904;;;824700;23000000;15000;82180;2838;14;22;0,35%;3,50%;9,96%;279,8734485
CC & Herbablend;Neozep;Neozep;Consideration;Jan-26;TikTok;Micro;dr.iqbal17;Health;https://www.tiktok.com/@dr.iqbal17/video/7592188882804854037?_r=1&_t=ZS-92qJ45wfOlR;;;58200;2000000;714;6126;45;9;19;0,13%;1,19%;10,53%;326,4773098
CC & Herbablend;Neozep;Neozep;Consideration;Jan-26;TikTok;Macro;dr.sherren;Health;https://vt.tiktok.com/ZS59hNEEh/;;;167700;3000000;648;4195;382;0;0;0,23%;9,11%;2,50%;715,1370679
CC & Herbablend;Neozep;Neozep;Consideration;Jan-26;TikTok;Micro;apt.risnaperidone;Health;https://www.tiktok.com/@apt.risnaperidone/video/7593301308266892562?_r=1&_t=ZS-92vPOTOAJ2y;;;57300;5000000;5900;7554;168;0;26;0,34%;2,57%;13,18%;661,9009796
CC & Herbablend;Neozep;Neozep;Consideration;Jan-26;TikTok;Micro;apt.sintaaprilianas;Health;https://www.tiktok.com/@apt.sintaaprilianas/video/7593189928046038279;;;40000;14000000;3112;5186;101;1;2;0,26%;2,01%;12,97%;2699,575781
CC & Herbablend;Neozep;Neozep;Consideration;Jan-26;TikTok;Macro;dr.louisrianto;Health;https://www.tiktok.com/@dr.louisrianto/video/7601070197461519617;;;102800;5000000;11340;18900;31;5;2;0,04%;0,20%;18,39%;264,5502646
CC & Herbablend;Neozep;Neozep;Consideration;Feb-26;TikTok;Macro;_ninitata_;Health;https://www.tiktok.com/@_ninitata_/video/7602171924847824135;;;102000;15000000;8100;24411;504;4;12;0,51%;2,13%;23,93%;614,47708
CC & Herbablend;Neozep;Neozep;Consideration;Feb-26;TikTok;Macro;itsdoktermuda;Health;https://www.tiktok.com/@itsdoktermuda/video/7612935938452229396;;;165700;8000000;27800;33768;496;6;21;0,32%;1,55%;20,38%;236,9106847
CC & Herbablend;Neozep;Neozep;Consideration;Feb-26;TikTok;Mega;qonitcah;Health;https://vt.tiktok.com/ZSmUQ5LNB/;;;2200000;19000000;38800;43488;330;8;10;0,02%;0,80%;1,98%;436,9021339
CC & Herbablend;Neozep;Neozep;Consideration;Feb-26;TikTok;Macro;elainehanafi;Health;https://www.tiktok.com/@elainehanafi/video/7608496714000928021;;;375400;9000000;20500;23693;332;15;5;0,09%;1,49%;6,31%;379,8590301
CC & Herbablend;Neozep;Neozep;Consideration;Feb-26;TikTok;Macro;dokter_atan;Health;https://www.tiktok.com/@dokter_atan/video/7610356742374952210;;;243900;5000000;32200;36908;1812;18;19;0,76%;5,01%;15,13%;135,4719844
CC & Herbablend;Neozep;Neozep;Consideration;Mar-26;TikTok;Micro;apt.ipul;Health;https://www.tiktok.com/@apt.ipul/video/7615168684092378388;;;10800;2000000;800;2092;13;1;1;0,14%;0,72%;19,37%;956,0229446
CC & Herbablend;Neozep;Neozep;Consideration;Mar-26;TikTok;Macro;dionharyadi;Health;https://www.tiktok.com/@dionharyadi/video/7621442850647018772?is_from_webapp=1&sender_device=pc&web_id=7350521985682490888;;;477800;15000000;24200;52111;1400;71;144;0,34%;3,10%;10,91%;287,8470956
CC & Herbablend;Neozep;Neozep;Consideration;Apr-26;TikTok;Micro;perfectfakee;Health;https://www.tiktok.com/@perfectfakee/video/7628522809936874773;;;70100;2000000;1300;11534;219;2;0;0,32%;1,92%;16,45%;173,4003815
CC & Herbablend;Neozep;Neozep;Consideration;Apr-26;TikTok;Macro;masdoktel;Health;https://www.tiktok.com/@masdoktel/video/7628148428207361287;;;149500;6000000;6749;11249;166;2;10;0,12%;1,58%;7,52%;533,380745
CC & Herbablend;Neozep;Neozep;Consideration;Apr-26;TikTok;Macro;nursebono;Health;https://vt.tiktok.com/ZS9NUyjEP/;;;292900;5000000;9793;16321;47;3;0;0,02%;0,31%;5,57%;306,3537773
CC & Herbablend;Neozep;Neozep;Consideration;May-26;TikTok;Macro;elis_nrhsnh13;Health;https://www.tiktok.com/@elis_nrhsnh13/video/7639293971008605447;;;162600;2000000;87600;1200000;33;0;1;0,02%;0,00%;738,01%;1,666666667
CC & Herbablend;Neozep;Neozep;Consideration;May-26;TikTok;Macro;benyrayen;Health;https://vt.tiktok.com/ZSxRFW1YM/;;;381800;2000000;26209;43682;1751;76;67;0,50%;4,34%;11,44%;45,78544938
CC & Herbablend;Neozep;Neozep;Consideration;May-26;TikTok;Micro;apt.elsagaotami;Health;https://vt.tiktok.com/ZSxPD6gSb/;;;11100;1000000;585;975;69;0;1;0,63%;7,18%;8,78%;1025,641026
CC & Herbablend;Neozep;Neozep;Consideration;May-26;TikTok;Micro;nisawijayaa;Health;https://vt.tiktok.com/ZSxn7QEMr/;;;33900;2000000;19682;32803;1916;59;36;5,93%;6,13%;96,76%;60,97003323
CC & Herbablend;Neozep;Neozep;Consideration;Jun-26;TikTok;Micro;dr.fandanir;Health;https://vt.tiktok.com/ZSQMGBTCG/;;;50700;2000000;1925;3209;348;2;5;0,70%;11,06%;6,33%;623,2471175
CC & Herbablend;Neozep;Neozep;Consideration;Jul-26;TikTok;Micro;aintyourlevel;Health;https://www.tiktok.com/@aintyourlevel/video/7657544993103449365;;;75900;2500000;9895;16492;51;1;0;0,07%;0,32%;21,73%;151,588649
CC & Herbablend;Decolgen;Decolgen In-Haler;Consideration;Jun-26;TikTok;Mega;Niky Putra;Comedy;https://www.tiktok.com/@nikyrputra/video/7655714466658553108;;;1800000;71600000;108900;133700;9695;94;633;0,58%;7,80%;7,43%;535,5272999
CC & Herbablend;Decolgen;Decolgen In-Haler;Consideration;Jun-26;TikTok;Mega;Mario Caesar;Comedy;https://www.tiktok.com/@caesarmario/video/7655640629132807442?lang=en;;;1200000;58800000;95000;113500;13000;225;2171;1,28%;13,56%;9,46%;518,061674
CC & Herbablend;Decolgen;Decolgen In-Haler;Consideration;Jun-26;TikTok;Micro;Fuddumps;Food & Beverage;https://www.tiktok.com/@fuddumps/video/7655686105790024980?q=Fuddumps&t=1782490208116;;;54400;4000000;32100;33800;510;3;10;0,96%;1,55%;62,13%;118,3431953
CC & Herbablend;Decolgen;Decolgen In-Haler;Consideration;Jun-26;TikTok;Macro;Mysugarcoffee;Lifestyle;https://vt.tiktok.com/ZSCh5ctt4/;;;139500;6000000;3900;8032;215;3;46;0,19%;3,29%;5,76%;747,0119522
CC & Herbablend;Decolgen;Decolgen In-Haler;Consideration;Jun-26;TikTok;Macro;Minggyuell;Lifestyle;https://vt.tiktok.com/ZSC6EGtLH/;;;260500;12000000;32200;53000;979;47;109;0,44%;2,14%;20,35%;226,4150943
CC & Herbablend;Decolgen;Decolgen In-Haler;Consideration;Jul-26;TikTok;Macro;Haifasalwa;Lifestyle;https://vt.tiktok.com/ZSCvcK9Qd/;;;132200;6000000;29700;29900;130;14;34;0,13%;0,60%;22,62%;200,6688963
CC & Herbablend;Decolgen;Decolgen In-Haler;Consideration;Jul-26;TikTok;Micro;Nareswari Tarisa;Lifestyle;https://www.tiktok.com/@kiriiana_/video/7659367848963312903;;;70500;8000000;43900;62500;5321;120;99;7,86%;8,86%;88,65%;128
CC & Herbablend;Decolgen;Decolgen In-Haler;Consideration;Jul-26;TikTok;Mega;Katanyadamkar;Comedy;https://www.tiktok.com/@katanyadamkar/video/7659657379994258696?_r=1&_t=ZS-97pJeYet8KL;;;1300000;15000000;78600;83900;5783;118;86;0,46%;7,14%;6,45%;178,784267
CC & Herbablend;Decolgen;Decolgen In-Haler;Consideration;Jun-26;Instagram;Mega;Cretivox;Lifestyle;https://www.instagram.com/p/DaDF-GqkgZT/?igsh=Z3cxY3A2OHE2c29t;;;1000000;63000000;244128;525093;11000;41;93;1,11%;2,12%;52,51%;119,9787466
CC & Herbablend;Decolgen;Decolgen In-Haler;Consideration;Jun-26;Instagram;Mega;Jktinfo;Lifestyle;https://www.instagram.com/p/DaIY-Pvkz9Z/?img_index=1;;;3900000;13000000;396697;970352;5439;20;176;0,14%;0,58%;24,88%;13,39720019
CC & Herbablend;Decolgen;Decolgen In-Haler;Consideration;Jun-26;Instagram;Mega;Ohmeygatt;Lifestyle;https://www.instagram.com/p/DaFe-LHG1yr/?igsh=MTUzNXZwbHV6Mno1Zg==;;;2000000;7000000;161905;383225;5706;77;101;0,29%;1,54%;19,16%;18,2660317
CC & Herbablend;Decolgen;Decolgen In-Haler;Consideration;Jun-26;Instagram;Macro;Unikinfold;Lifestyle;https://www.instagram.com/p/DaFj3IgkoPI/?igsh=bWQyY29zOWFlc2g=;;;933000;7000000;65962;131815;1248;2;7;0,13%;0,95%;14,13%;53,10473011
PHG;Imunped;Imunped;Consideration;Jan-26;Tiktok;Micro;Melysaha_;Family;https://vt.tiktok.com/ZSH2o6NL1/;;;13200;890000;193;244;88;0;9;0,73%;39,75%;1,85%;3647,540984
PHG;Imunped;Imunped;Consideration;Jan-26;Tiktok;Micro;asripadhilah;Family;https://vt.tiktok.com/ZSHjJe74U/;;;14459;890000;2700;3242;311;55;54;2,90%;12,95%;22,42%;274,5219001
PHG;Imunped;Imunped;Consideration;Jan-26;Tiktok;Micro;Nagi.shaq;Family;https://vt.tiktok.com/ZSHjJmL6w/;;;21000;890000;2400;2482;123;14;9;0,70%;5,88%;11,82%;358,5817889
PHG;Imunped;Imunped;Consideration;Jan-26;Tiktok;Micro;desyrtns;Family;https://vt.tiktok.com/ZSHjJdMVK/;;;16900;890000;322;322;17;15;7;0,23%;12,11%;1,91%;2763,975155
PHG;Imunped;Imunped;Consideration;Jan-26;Tiktok;Micro;ohohicaaa;Family;https://vt.tiktok.com/ZSHjJTqd1/;;;20000;890000;2100;2187;146;0;1;0,74%;6,72%;10,94%;406,95016
PHG;Imunped;Imunped;Consideration;Jan-26;Tiktok;Micro;ditahandi_;Family;https://vt.tiktok.com/ZSHjJTkeU/;;;24524;890000;12300;12587;274;29;36;1,38%;2,69%;51,33%;70,7078732
PHG;Imunped;Imunped;Consideration;Jan-26;TikTok;Nano;Yamna_cutton;Family;https://vt.tiktok.com/ZSaastEWL/;;;9200;890000;564;914;25;20;6;0,55%;5,58%;9,93%;973,7417943
PHG;Imunped;Imunped;Consideration;Jan-26;TikTok;Nano;nindypramesty;Family;https://vt.tiktok.com/ZSaag8CFH/;;;1467;890000;176;205;7;1;0;0,55%;3,90%;13,97%;4341,463415
PHG;Imunped;Imunped;Consideration;Jan-26;TikTok;Nano;inizeby ;Family;https://vt.tiktok.com/ZSaa2erja/;;;6200;890000;587;984;103;0;4;1,73%;10,87%;15,87%;904,4715447
PHG;Imunped;Imunped;Consideration;Jan-26;TikTok;Nano;rarakayyisaaa;Family;https://vt.tiktok.com/ZSaatrYLs/;;;2645;890000;1362;1200;69;52;5;4,76%;10,50%;45,37%;741,6666667
PHG;Imunped;Imunped;Consideration;Jan-26;TikTok;Nano;rainbowruby1207;Family;https://vt.tiktok.com/ZSaavMq1Y/;;;5701;890000;179;1010;20;18;15;0,93%;5,25%;17,72%;881,1881188
PHG;Imunped;Imunped;Consideration;Jan-26;Tiktok;Nano;najmahfariza;Family;https://vt.tiktok.com/ZSHj1cvtK/;;;7627;890000;1200;1593;180;22;7;2,74%;13,12%;20,89%;558,6942875
PHG;Imunped;Imunped;Consideration;Jan-26;Tiktok;Nano;maoliddaauliya_;Family;https://vt.tiktok.com/ZSHjeBHoY/;;;1600;890000;600;600;36;5;4;2,81%;7,50%;37,50%;1483,333333
PHG;Imunped;Imunped;Consideration;Jan-26;Tiktok;Micro;hany.purwadinata;Family;https://vt.tiktok.com/ZSHj1rwH6/;;;10581;890000;644;914;24;16;15;0,52%;6,02%;8,64%;973,7417943
PHG;Imunped;Imunped;Consideration;Jan-26;Tiktok;Micro;putrihpsari406;Family;https://vt.tiktok.com/ZSHj1VA1a/;;;13600;890000;4600;5011;187;57;85;2,42%;6,57%;36,85%;177,6092596
PHG;Imunped;Imunped;Consideration;Jan-26;Tiktok;Micro;wensf_;Family;https://vt.tiktok.com/ZSHjdbcpm/;;;34300;890000;49904;49904;267;51;1073;4,06%;2,79%;145,49%;17,83424174
PHG;Imunped;Imunped;Consideration;Jan-26;TikTok;Nano;Mamaazzelalma ;Family;https://vt.tiktok.com/ZSauS184N/;;;1193;890000;247;564;56;27;9;7,71%;16,31%;47,28%;1578,014184
PHG;Imunped;Imunped;Consideration;Jan-26;Tiktok;Nano;hanyee210;Family;https://vt.tiktok.com/ZSHjJ89U1/;;;3332;890000;220;151;69;24;2;2,85%;62,91%;4,53%;5894,039735
PHG;Imunped;Imunped;Consideration;Jan-26;Tiktok;Nano;riiapra;Family;https://vt.tiktok.com/ZSHjdagao/;;;1651;890000;708;1061;21;24;30;4,54%;7,07%;64,26%;838,8312912
PHG;Imunped;Imunped;Consideration;Jan-26;TikTok;Nano;rinismar23;Family;https://vt.tiktok.com/ZSaHLc1fc/;;;4850;890000;354;589;74;30;5;2,25%;18,51%;12,14%;1511,035654
PHG;Imunped;Imunped;Consideration;Jan-26;TikTok;Nano;Ykmlsr;Family;https://vt.tiktok.com/ZSau85CFU/;;;6670;890000;478;772;115;0;;1,72%;14,90%;11,57%;1152,849741
PHG;Imunped;Imunped;Consideration;Jan-26;Tiktok;Micro;mylosaurs;Family;https://vt.tiktok.com/ZSHjREuSa/;;;11450;890000;636;1560;158;1;3;1,41%;10,38%;13,62%;570,5128205
PHG;Imunped;Imunped;Consideration;Jan-26;Tiktok;Nano;ummahaliyareview;Family;https://vt.tiktok.com/ZSHjdshd4/;;;3000;890000;268;269;9;0;0;0,30%;3,35%;8,97%;3308,550186
PHG;Imunped;Imunped;Consideration;Jan-26;Tiktok;Nano;lionelandlexiano;Family;https://vt.tiktok.com/ZSHjRagKv/;;;3355;890000;4003;4753;235;84;58;11,24%;7,93%;141,67%;187,2501578
PHG;Imunped;Imunped;Consideration;Jan-26;Tiktok;Micro;houseof_zya;Family;https://tiktok.com/@houseof_zya;;;21600;890000;226;382;13;5;27;0,21%;11,78%;1,77%;2329,842932
PHG;Imunped;Imunped;Consideration;Jan-26;Tiktok;Micro;meighayudyhs;Family;https://vt.tiktok.com/ZSHjLRAQy/;;;22000;890000;196;3452;45;33;3;0,37%;2,35%;15,69%;257,8215527
PHG;Imunped;Imunped;Consideration;Jan-26;Tiktok;Micro;erinaalf;Family;https://vt.tiktok.com/ZSHj2rr5E/;;;10800;890000;4251;8282;53;33;27;1,05%;1,36%;76,69%;107,4619657
PHG;Imunped;Imunped;Consideration;Jan-26;Tiktok;Micro;andiratnam;Family;https://vt.tiktok.com/ZSHMSxDJf/;;;12600;890000;6600;7072;398;27;45;3,73%;6,65%;56,13%;125,8484163
PHG;Imunped;Imunped;Consideration;Jan-26;Tiktok;Micro;Rikariaf;Family;https://vt.tiktok.com/ZSHMDJJoA/;;;28000;890000;1300;2364;171;64;4;0,85%;10,11%;8,44%;376,4805415
PHG;Imunped;Imunped;Consideration;Jan-26;Tiktok;Micro;dwpuspitaaa;Family;https://www.tiktok.com/@dwpuspitaaa/video/7602597810755751188?is_from_webapp=1&sender_device=pc&web_id=7615843255053207060;;;12500;890000;269;269;3;0;0;0,02%;1,12%;2,15%;3308,550186
PHG;Imunped;Imunped;Consideration;Jan-26;Tiktok;Nano;yimaah ;Family;https://vt.tiktok.com/ZSHjdKyL6/;;;1800;890000;2500;2834;141;25;6;9,56%;6,07%;157,44%;314,0437544
PHG;Imunped;Imunped;Consideration;Jan-26;Tiktok;Nano;shellaanura;Family;https://vt.tiktok.com/ZSHjjLqMe/;;;1699;890000;257;257;86;12;7;6,18%;40,86%;15,13%;3463,035019
PHG;Imunped;Imunped;Consideration;Jan-26;Tiktok;Micro;fitriqueen.official;Family;https://vt.tiktok.com/ZSHje3Sr6/;;;24000;890000;4000;4674;1438;28;32;6,24%;32,05%;19,48%;190,415062
PHG;Imunped;Imunped;Consideration;Jan-26;Tiktok;Micro;utamirestya;Family;https://vt.tiktok.com/ZSHjRUqdA/;;;13100;890000;2900;4074;174;14;6;1,48%;4,76%;31,10%;218,4585174
PHG;Imunped;Imunped;Consideration;Jan-26;Tiktok;Micro;Ririsvinaa;Family;https://vt.tiktok.com/ZSHjNY54K/;;;20300;890000;2100;2441;104;1;6;0,55%;4,55%;12,02%;364,6046702
PHG;Imunped;Imunped;Consideration;Jan-26;Tiktok;Micro;endahlestari84;Family;https://vt.tiktok.com/ZSHjNgbJm/;;;18800;890000;1700;1835;120;60;20;1,06%;10,90%;9,76%;485,013624
PHG;Imunped;Imunped;Consideration;Jan-26;Tiktok;Micro;Radenajengagustina;Family;https://www.tiktok.com/@radenajengagustina/video/7602299584106515720?is_from_webapp=1&sender_device=pc;;;14800;890000;7379;7379;331;22;24;2,55%;5,11%;49,86%;120,6125491
PHG;Imunped;Imunped;Consideration;Jan-26;Tiktok;Nano;diahnitab;Family;https://vt.tiktok.com/ZSHjRaa7E/;;;4000;890000;3200;3241;224;48;19;7,28%;8,98%;81,03%;274,6066029
PHG;Imunped;Imunped;Consideration;Jan-26;Tiktok;Nano;adeliadavillaz;Family;https://vt.tiktok.com/ZSHjR2oeX/;;;9300;890000;1500;1902;70;6;16;0,99%;4,84%;20,45%;467,9284963
PHG;Imunped;Imunped;Consideration;Jan-26;Tiktok;Nano;nanalutfiana7;Family;https://vt.tiktok.com/ZSHjF6QVj/;;;8200;890000;2300;3269;218;63;75;4,34%;10,89%;39,87%;272,2545121
PHG;Imunped;Imunped;Consideration;Feb-26;Tiktok;Micro;kamisatuatap;Family;https://vt.tiktok.com/ZSHjRCNBu/;;;23000;890000;3800;4400;78;8;2;0,38%;2,00%;19,13%;202,2727273
PHG;Imunped;Imunped;Consideration;Feb-26;Tiktok;Micro;pratiwidya_;Family;https://vt.tiktok.com/ZSHj8LMVe/;;;15000;890000;3500;3807;228;29;4;1,74%;6,86%;25,38%;233,7798792
PHG;Imunped;Imunped;Consideration;Feb-26;Tiktok;Micro;rizkapridhita ;Family;https://vt.tiktok.com/ZSHjLmuHY/;;;15800;890000;100;188;3;0;0;0,02%;1,60%;1,19%;4734,042553
PHG;Imunped;Imunped;Consideration;Feb-26;Tiktok;Micro;msvivie91;Family;https://vt.tiktok.com/ZSHjYrKYg/;;;16000;890000;290;485;107;79;3;1,18%;38,97%;3,03%;1835,051546
PHG;Imunped;Imunped;Consideration;Feb-26;Tiktok;Micro;Deasiyah19;Family;https://vt.tiktok.com/ZSHjYEqfj/;;;13377;890000;3193;3193;12;0;1;0,10%;0,41%;23,87%;278,7347322
PHG;Imunped;Imunped;Consideration;Feb-26;Tiktok;Nano;Tarioktaviia;Family;https://vt.tiktok.com/ZSHjjw6br/;;;5212;890000;149;237;40;4;7;0,98%;21,52%;4,55%;3755,274262
PHG;Imunped;Imunped;Consideration;Feb-26;Tiktok;Nano;hobibangetbelanja;Family;https://vt.tiktok.com/ZSHMA5eRJ/;;;2089;890000;509;754;81;38;26;6,94%;19,23%;36,09%;1180,371353
PHG;Imunped;Imunped;Consideration;Feb-26;Tiktok;Nano;Nadia_8816;Family;https://vt.tiktok.com/ZSHMf2BKA/;;;9000;890000;49;68;30;18;4;0,58%;76,47%;0,76%;13088,23529
PHG;Imunped;Imunped;Consideration;Feb-26;Tiktok;Nano;Siscazh;Family;https://www.tiktok.com/@siscazh/video/7602584465642245396?is_from_webapp=1&sender_device=pc;;;2150;890000;13700;13700;119;27;79;10,47%;1,64%;637,21%;64,96350365
PHG;Imunped;Imunped;Consideration;Feb-26;Tiktok;Nano;Jevlyn.Xavenna;Family;https://www.tiktok.com/@jevlyn.xaverina/video/7602107557070523669?is_from_webapp=1&sender_device=pc;;;7562;890000;11500;11500;424;5;16;5,88%;3,87%;152,08%;77,39130435
PHG;Imunped;Imunped;Consideration;Feb-26;Tiktok;Micro;megacempaka;Family;https://vt.tiktok.com/ZSHjUjbfc/;;;16200;890000;412;624;54;43;5;0,63%;16,35%;3,85%;1426,282051
PHG;Imunped;Imunped;Consideration;Feb-26;Tiktok;Micro;bschristy ;Family;https://vt.tiktok.com/ZSHjV3HY3/;;;17400;890000;1100;2524;2524;18;8;14,66%;101,03%;14,51%;352,614897
PHG;Imunped;Imunped;Consideration;Feb-26;Tiktok;Micro;ratih_putri0;Family;https://vt.tiktok.com/ZSHjbmb7y/;;;12600;890000;10400;12510;192;15;12;1,74%;1,75%;99,29%;71,14308553
PHG;Imunped;Imunped;Consideration;Feb-26;Tiktok;Micro;Betariasonata;Family;https://vt.tiktok.com/ZSHjEDS67/;;;10500;890000;2146;2146;115;32;2;1,42%;6,94%;20,44%;414,7250699
PHG;Imunped;Imunped;Consideration;Feb-26;Tiktok;Micro;Nadinastyan;Family;https://vt.tiktok.com/ZSH6abh4E/;;;21900;890000;31400;33251;324;10;56;1,78%;1,17%;151,83%;26,7661123
PHG;Imunped;Imunped;Consideration;Feb-26;Tiktok;Micro;gwynamira ;Family;https://vt.tiktok.com/ZSH6HQeqS/;;;15600;890000;5700;5846;661;1;3;4,26%;11,38%;37,47%;152,2408484
PHG;Imunped;Imunped;Consideration;Feb-26;Tiktok;Micro;ajengoctadira;Family;https://vt.tiktok.com/ZSH6q1Qpj/;;;10000;890000;2073;2073;84;19;4;1,07%;5,16%;20,73%;429,3294742
PHG;Imunped;Imunped;Consideration;Feb-26;Tiktok;Micro;dinacheira;Family;https://vt.tiktok.com/ZSHjdVeWb/;;;13000;890000;88;1447;17;14;7;0,29%;2,63%;11,13%;615,0656531
PHG;Imunped;Imunped;Consideration;Feb-26;Tiktok;Micro;keluargapokcoy ;Family;https://vt.tiktok.com/ZSH675kdW/;;;12500;890000;327;2800;130;0;1;1,05%;4,68%;22,40%;317,8571429
PHG;Imunped;Imunped;Consideration;Feb-26;Tiktok;Micro;nilalalamatsu92;Family;https://vt.tiktok.com/ZSH63YPpN/;;;14400;890000;2500;3297;185;37;11;1,62%;7,07%;22,90%;269,9423719
PHG;Imunped;Imunped;Consideration;Feb-26;Tiktok;Micro;khalasunny;Family;https://vt.tiktok.com/ZSHMPDP9N/;;;12000;890000;892;1112;140;39;7;1,55%;16,73%;9,27%;800,3597122
PHG;Imunped;Imunped;Consideration;Feb-26;Tiktok;Micro;Hanarey30;Family;https://vt.tiktok.com/ZSHMamy1w/;;;13100;890000;632;708;13;6;4;0,18%;3,25%;5,40%;1257,062147
PHG;Imunped;Imunped;Consideration;Feb-26;Tiktok;Nano;wenilaa;Family;https://vt.tiktok.com/ZSHjA5cEn/;;;6780;890000;434;434;85;16;7;1,59%;24,88%;6,40%;2050,691244
PHG;Imunped;Imunped;Consideration;Feb-26;Tiktok;Nano;nadaaginanda;Family;https://vt.tiktok.com/ZSHjA3Ugd/;;;1152;890000;181;262;11;8;10;2,52%;11,07%;22,74%;3396,946565
PHG;Imunped;Imunped;Consideration;Feb-26;Tiktok;Nano;Junelzharikha;Family;https://vt.tiktok.com/ZSHj2oH2U/;;;2324;890000;140;512;115;7;5;5,46%;24,80%;22,03%;1738,28125
PHG;Imunped;Imunped;Consideration;Feb-26;Tiktok;Nano;wirahanumy;Family;https://vt.tiktok.com/ZSHjfoGA3/;;;1143;890000;224;337;7;8;5;1,75%;5,93%;29,48%;2640,949555
PHG;Imunped;Imunped;Consideration;Feb-26;Tiktok;Nano;annisanurami;Family;https://vt.tiktok.com/ZSH6fybeS/;;;3545;890000;3500;3723;159;0;63;6,26%;5,96%;105,02%;239,0545259
PHG;Imunped;Imunped;Consideration;Feb-26;Tiktok;Nano;Santiayuarizki2;Family;https://vt.tiktok.com/ZSH6bkjJv/;;;1539;890000;218;289;10;3;3;1,04%;5,54%;18,78%;3079,584775
PHG;Imunped;Imunped;Consideration;Feb-26;Tiktok;Nano;maryve903;Family;https://www.tiktok.com/@maryve903;;;4900;890000;193;371;8;1;2;0,22%;2,96%;7,57%;2398,921833
PHG;Imunped;Imunped;Consideration;Feb-26;Tiktok;Nano;Maegiyaa;Family;https://vt.tiktok.com/ZSHAy4tv7/;;;3229;890000;2160;2223;134;2;1;4,24%;6,16%;68,84%;400,359874
PHG;Imunped;Imunped;Consideration;Feb-26;Tiktok;Micro;nellyharahap25_;Family;https://vt.tiktok.com/ZSH6EDjxF/;;;23500;890000;12000;12352;185;33;25;1,03%;1,97%;52,56%;72,05310881
PHG;Imunped;Imunped;Consideration;Feb-26;Tiktok;Micro;ramigabut00;Family;https://vt.tiktok.com/ZSHMFf91Q/;;;13000;890000;262;1645;120;14;0;1,03%;8,15%;12,65%;541,0334347
PHG;Imunped;Imunped;Consideration;Feb-26;Tiktok;Nano;valentindian;Family;https://vt.tiktok.com/ZSHM11nv6/;;;5300;890000;2300;2512;113;1;2;2,19%;4,62%;47,40%;354,2993631
PHG;Imunped;Imunped;Consideration;Feb-26;TikTok;Nano;naniarf;Family;https://vt.tiktok.com/ZSm5y1jXK/;;;2990;890000;407;833;64;19;20;3,44%;12,36%;27,86%;1068,427371
PHG;Imunped;Imunped;Consideration;Feb-26;TikTok;Nano;momcha27;Family;https://vt.tiktok.com/ZSm5Uj16J/;;;1351;890000;479;905;21;13;26;4,44%;6,63%;66,99%;983,4254144
PHG;Imunped;Imunped;Consideration;Feb-26;TikTok;Nano;nfsyabani;Family;https://vt.tiktok.com/ZSm56o94N/;;;2480;890000;372;654;147;6;23;7,10%;26,91%;26,37%;1360,856269
PHG;Imunped;Imunped;Consideration;Feb-26;TikTok;Micro;zennita95;Family;https://vt.tiktok.com/ZSmCYj1HJ/;;;10900;890000;162;1042;23;15;15;0,49%;5,09%;9,56%;854,1266795
PHG;Imunped;Imunped;Consideration;Feb-26;TikTok;Nano;melvianaamandaa;Family;https://vt.tiktok.com/ZSmCL6ehv/;;;1650;890000;554;759;33;22;8;3,82%;8,30%;46,00%;1172,59552
PHG;Imunped;Imunped;Consideration;Feb-26;TikTok;Macro;Lia_aranku;Family;https://vt.tiktok.com/ZSmXB3PMU/;;;115900;890000;6300;7600;371;24;1;0,34%;5,21%;6,56%;117,1052632
PHG;Imunped;Imunped;Consideration;Feb-26;TikTok;Micro;Liakartini99;Family;https://vt.tiktok.com/ZSmVxVtfu/;;;13100;890000;164;861;33;30;4;0,51%;7,78%;6,57%;1033,681765
PHG;Imunped;Imunped;Consideration;Feb-26;TikTok;Micro;niniknikninik;Family;https://vt.tiktok.com/ZSmXkek9p/;;;13000;890000;2100;3100;99;44;6;1,15%;4,81%;23,85%;287,0967742
PHG;Imunped;Imunped;Consideration;Feb-26;TikTok;Micro;baby_zyana;Family;https://vt.tiktok.com/ZSmCTPv1s/;;;11300;890000;375;678;27;20;23;0,62%;10,32%;6,00%;1312,684366
PHG;Imunped;Imunped;Consideration;Feb-26;TikTok;Micro;tengku_ulya;Family;https://vt.tiktok.com/ZSmCc4Bpd/;;;11600;890000;530;811;35;17;2;0,47%;6,66%;6,99%;1097,410604
PHG;Imunped;Imunped;Consideration;Feb-26;TikTok;Nano;Erstekleinodia51;Family;https://vt.tiktok.com/ZSmCGbTQr/;;;6215;890000;725;829;65;16;38;1,91%;14,35%;13,34%;1073,58263
PHG;Imunped;Imunped;Consideration;Feb-26;TikTok;Nano;ismayanti1584;Family;https://vt.tiktok.com/ZSmCp7bfM/;;;5286;890000;159;251;10;0;0;0,19%;3,98%;4,75%;3545,816733
PHG;Imunped;Imunped;Consideration;Feb-26;TikTok;Nano;imanasditta;Family;https://vt.tiktok.com/ZSmqY8wV6/;;;2638;890000;378;562;75;20;9;3,94%;18,51%;21,30%;1583,629893
PHG;Imunped;Imunped;Consideration;Feb-26;TikTok;Micro;Istiqomahga ;Family;https://vt.tiktok.com/ZSmVLpXF6/;;;14800;890000;2300;7206;82;21;20;0,83%;1,71%;48,69%;123,5081876
PHG;Imunped;Imunped;Consideration;Feb-26;TikTok;Micro;ivaradew;Family;https://vt.tiktok.com/ZSmqSjGkq/;;;10700;890000;49;1362;2;0;5;0,07%;0,51%;12,73%;653,4508076
PHG;Imunped;Imunped;Consideration;Feb-26;TikTok;Nano;glazellacurry;Family; https://vt.tiktok.com/ZSmVSxyCQ/;;;4338;890000;3000;3267;50;0;1;1,18%;1,56%;75,31%;272,4211815
PHG;Imunped;Imunped;Consideration;Feb-26;TikTok;Nano;gnandriani ;Family;https://vt.tiktok.com/ZSm4TKMcR/;;;2537;890000;277;560;213;69;18;11,82%;53,57%;22,07%;1589,285714
PHG;Imunped;Imunped;Consideration;Feb-26;TikTok;Nano;lukiwidianita3;Family;https://vt.tiktok.com/ZSmgMqkPS/;;;2993;890000;68;116;4;0;1;0,17%;4,31%;3,88%;7672,413793
PHG;Imunped;Imunped;Consideration;Feb-26;TikTok;Nano;nfillhazzar;Family;https://vt.tiktok.com/ZSmqnFJaN/;;;5488;890000;71;135;2;0;1;0,05%;2,22%;2,46%;6592,592593
PHG;Imunped;Imunped;Consideration;Feb-26;TikTok;Micro;nov_gws;Family;https://vt.tiktok.com/ZSmpRopvU/;;;16300;890000;181;266;21;17;12;0,31%;18,80%;1,63%;3345,864662
PHG;Imunped;Imunped;Consideration;Feb-26;TikTok;Nano;momarsyad.yusuf;Family;https://vt.tiktok.com/ZSmgXyNjN/;;;3900;890000;463;1280;113;5;7;3,21%;9,77%;32,82%;695,3125
PHG;Imunped;Imunped;Consideration;Feb-26;TikTok;Nano;Aliaamira;Family;https://vt.tiktok.com/ZSmgDtP42/;;;2000;890000;90;95;9;8;0;0,85%;17,89%;4,75%;9368,421053
PHG;Imunped;Imunped;Consideration;Feb-26;TikTok;Nano;Irlinnads;Family;https://vt.tiktok.com/ZSmg5GYJE/;;;2645;890000;195;394;43;18;6;2,53%;17,01%;14,90%;2258,883249
PHG;Imunped;Imunped;Consideration;Feb-26;TikTok;Nano;honeylemonmanis;Family;https://vt.tiktok.com/ZSmGRq2su/;;;1181;890000;184;280;1;0;1;0,17%;0,71%;23,71%;3178,571429
PHG;Imunped;Imunped;Consideration;Feb-26;TikTok;Nano;ayyrahomee;Family;https://vt.tiktok.com/ZSmGFtEqV/;;;2810;890000;398;643;16;0;0;0,57%;2,49%;22,88%;1384,136858
PHG;Imunped;Imunped;Consideration;Feb-26;TikTok;Micro;amighonee;Family;https://vt.tiktok.com/ZSmswSQkF/;;;16100;890000;2100;2295;107;10;69;1,16%;8,10%;14,25%;387,7995643
PHG;Imunped;Imunped;Consideration;Feb-26;TikTok;Micro;tanita24_;Family;https://vt.tiktok.com/ZSmsw8Ydu/;;;12600;890000;530;845;160;36;1;1,56%;23,31%;6,71%;1053,254438
PHG;Imunped;Imunped;Consideration;Feb-26;TikTok;Micro;Ratih.diningsih;Family;https://vt.tiktok.com/ZSmsUcs7w/;;;10600;890000;952;1213;51;5;16;0,68%;5,94%;11,44%;733,7180544
PHG;Imunped;Imunped;Consideration;Feb-26;TikTok;Micro;Riskisafira27;Family;https://vt.tiktok.com/ZSmGJmh3X/;;;22300;890000;1100;1632;390;23;9;1,89%;25,86%;7,32%;545,3431373
PHG;Imunped;Imunped;Consideration;Feb-26;TikTok;Nano;indaharsita4;Family;https://vt.tiktok.com/ZSmGdv7HW/;;;1886;890000;149;149;9;3;1;0,69%;8,72%;7,90%;5973,154362
PHG;Imunped;Imunped;Consideration;Feb-26;TikTok;Nano;r.candranurmalita;Family;https://vt.tiktok.com/ZSmsWHmKw/;;;2700;890000;270;293;12;0;0;0,44%;4,10%;10,85%;3037,542662
PHG;Imunped;Imunped;Consideration;Feb-26;TikTok;Nano;mardhamae_;Family;https://vt.tiktok.com/ZSmsgrJyh/;;;1721;890000;90;131;57;21;2;4,65%;61,07%;7,61%;6793,89313
PHG;Imunped;Imunped;Consideration;Feb-26;TikTok;Nano;Tanisha294;Family;https://vt.tiktok.com/ZSmGNCT1Y/;;;3500;890000;142;255;30;25;12;1,91%;26,27%;7,29%;3490,196078
PHG;Imunped;Imunped;Consideration;Feb-26;TikTok;Nano;naura_faeyza;Family;https://vt.tiktok.com/ZSmsKN5pq/;;;3145;890000;111;2369;423;36;225;21,75%;28,87%;75,33%;375,6859434
PHG;Imunped;Imunped;Consideration;Feb-26;TikTok;Nano;momshireen_;Family;https://vt.tiktok.com/ZSmG8pgU5/;;;9780;890000;41;52;2;0;0;0,02%;3,85%;0,53%;17115,38462
PHG;Imunped;Imunped;Consideration;Feb-26;TikTok;Micro;Vellaping;Family;https://vt.tiktok.com/ZSmtK7ttD/;;;15600;890000;38;71;1;0;0;0,01%;1,41%;0,46%;12535,21127
PHG;Imunped;Imunped;Consideration;Feb-26;TikTok;Micro;Zavierammaralfatih ;Family;https://vt.tiktok.com/ZSmnxyPY3/;;;15000;890000;164;246;256;0;95;2,34%;142,68%;1,64%;3617,886179
PHG;Imunped;Imunped;Consideration;Feb-26;TikTok;Nano;aziellaa0 ;Family;https://vt.tiktok.com/ZSmnD5nSq/;;;1125;890000;152;152;31;0;0;2,76%;20,39%;13,51%;5855,263158
PHG;Imunped;Imunped;Consideration;Feb-26;TikTok;Nano;Wulansarii135;Family;https://vt.tiktok.com/ZSmnPvxAu/;;;5424;890000;160;280;4;0;1;0,09%;1,79%;5,16%;3178,571429
PHG;Imunped;Imunped;Consideration;Feb-26;TikTok;Micro;mimah.hanan;Family;https://vt.tiktok.com/ZSmnD7jVW/;;;12500;890000;122;186;96;0;3;0,79%;53,23%;1,49%;4784,946237
PHG;Imunped;Imunped;Consideration;Feb-26;TikTok;Micro;coraimawiwellsaka ;Family;https://vt.tiktok.com/ZSmWj2Fe5/;;;10600;890000;177;246;30;25;9;0,60%;26,02%;2,32%;3617,886179
PHG;Imunped;Imunped;Consideration;Feb-26;TikTok;Micro;Innereview;Family;https://vt.tiktok.com/ZSmWygGGB/;;;34000;890000;161;303;21;21;11;0,16%;17,49%;0,89%;2937,293729
PHG;Imunped;Imunped;Consideration;Feb-26;TikTok;Micro;aayuanjani9;Family;https://vt.tiktok.com/ZSmWMXLtt/;;;15717;890000;1800;2447;99;2;0;0,64%;4,13%;15,57%;363,7106661
PHG;Imunped;Imunped;Consideration;Feb-26;TikTok;Micro;Murnidwikartika8;Family;https://vt.tiktok.com/ZSmnc5bQc/;;;45979;890000;1077;1077;24;33;34;0,20%;8,45%;2,34%;826,369545
PHG;Imunped;Imunped;Consideration;Feb-26;TikTok;Micro;nagi.shaq;Family;https://vt.tiktok.com/ZSmWjcjXy/;;;21000;890000;1700;2125;91;18;17;0,60%;5,93%;10,12%;418,8235294
PHG;Imunped;Imunped;Consideration;Feb-26;TikTok;Micro;Mvhiee_23;Family;https://vt.tiktok.com/ZSmtpMS5b/;;;10809;890000;64;110;4;1;1;0,06%;5,45%;1,02%;8090,909091
PHG;Imunped;Imunped;Consideration;Feb-26;TikTok;Micro;Pelitanadya ;Family;https://vt.tiktok.com/ZSmWksAaU/;;;18592;890000;383;565;19;0;5;0,13%;4,25%;3,04%;1575,221239
PHG;Imunped;Imunped;Consideration;Feb-26;TikTok;Micro;pujihidayatimahendra;Family;https://vt.tiktok.com/ZSmnaK2Su/;;;17000;890000;8300;12676;438;13;12;2,72%;3,65%;74,56%;70,21142316
PHG;Imunped;Imunped;Consideration;Feb-26;TikTok;Nano;diodanregan;Family;https://vt.tiktok.com/ZSmnX4CYU/;;;2550;890000;78;147;6;0;0;0,24%;4,08%;5,76%;6054,421769
PHG;Imunped;Imunped;Consideration;Feb-26;TikTok;Nano;diahayupp_ ;Family;https://vt.tiktok.com/ZSmWjJN2X/;;;4100;890000;92;151;26;16;24;1,61%;43,71%;3,68%;5894,039735
PHG;Imunped;Imunped;Consideration;Feb-26;TikTok;Nano;ci_lan;Family;https://vt.tiktok.com/ZSmWy8seL/;;;7600;890000;202;307;21;16;7;0,58%;14,33%;4,04%;2899,022801
PHG;Imunped;Imunped;Consideration;Feb-26;TikTok;Nano;geeyza06;Family;https://vt.tiktok.com/ZSmncDDft/;;;6725;890000;315;526;14;0;0;0,21%;2,66%;7,82%;1692,015209
PHG;Imunped;Imunped;Consideration;Feb-26;TikTok;Nano;rindraprameswari;Family;https://vt.tiktok.com/ZSmW2GPYJ/;;;2013;890000;163;224;71;1;1;3,63%;32,59%;11,13%;3973,214286
PHG;Imunped;Imunped;Consideration;Feb-26;TikTok;Nano;novinurfardiyawati;Family;https://vt.tiktok.com/ZSmnPoWjx/;;;7000;890000;728;1425;540;58;51;9,27%;45,54%;20,36%;624,5614035
PHG;Imunped;Imunped;Consideration;Feb-26;TikTok;Nano;sabiilarahma ;Family;https://vt.tiktok.com/ZSmnXAWvh/;;;5713;890000;60;82;12;0;0;0,21%;14,63%;1,44%;10853,65854
PHG;Imunped;Imunped;Consideration;Feb-26;TikTok;Nano;Asvarsene;Family;https://vt.tiktok.com/ZSm7aBshg/;;;1337;890000;81;81;5;10;8;1,72%;28,40%;6,06%;10987,65432
PHG;Imunped;Imunped;Consideration;Feb-26;TikTok;Nano;Alesha.zahiira;Family;https://vt.tiktok.com/ZSmnjWbxR/;;;3950;890000;191;572;13;0;1;0,35%;2,45%;14,48%;1555,944056
PHG;Imunped;Imunped;Consideration;Feb-26;TikTok;Nano;suciaulia;Family;https://vt.tiktok.com/ZSmn2Ek4B/;;;1390;890000;3100;3652;74;29;24;9,14%;3,48%;262,73%;243,7020811
PHG;Imunped;Imunped;Consideration;Mar-26;TikTok;Micro;debbyledianaa ;Family;https://vt.tiktok.com/ZSuJdGQTw/;;;31300;890000;2662;2662;9;0;2;0,04%;0,41%;8,50%;334,3350864
PHG;Imunped;Imunped;Consideration;Mar-26;TikTok;Micro;Praditaindah22;Family;https://vt.tiktok.com/ZSm74xckd/;;;29800;890000;202;202;13;12;13;0,13%;18,81%;0,68%;4405,940594
PHG;Imunped;Imunped;Consideration;Mar-26;TikTok;Micro;Mommydita2;Family;https://vt.tiktok.com/ZSmvGmdcu/;;;10500;890000;171;213;73;17;4;0,90%;44,13%;2,03%;4178,403756
PHG;Imunped;Imunped;Consideration;Mar-26;TikTok;Nano;sishannt;Family;https://vt.tiktok.com/ZSujjsCVw/;;;1183;890000;35;85;6;2;4;1,01%;14,12%;7,19%;10470,58824
PHG;Imunped;Imunped;Consideration;Mar-26;TikTok;Nano;adeinespurba;Family;https://vt.tiktok.com/ZSujeQWhn/;;;1829;890000;149;267;2;0;1;0,16%;1,12%;14,60%;3333,333333
PHG;Imunped;Imunped;Consideration;Mar-26;TikTok;Micro;adellia_aura;Family;https://vt.tiktok.com/ZSujREsKB/;;;10500;890000;1000;1355;128;24;22;1,66%;12,84%;12,90%;656,8265683
PHG;Imunped;Imunped;Consideration;Mar-26;TikTok;Micro;lisadestrianiii;Family;https://vt.tiktok.com/ZSuj2Eqf9/;;;14000;890000;2100;2298;105;0;1;0,76%;4,61%;16,41%;387,2932985
PHG;Imunped;Imunped;Consideration;Mar-26;TikTok;Nano;addindamp;Family;https://vt.tiktok.com/ZSujhpPcg/;;;1500;890000;82;128;5;0;1;0,40%;4,69%;8,53%;6953,125
PHG;Imunped;Imunped;Consideration;Mar-26;TikTok;Nano;Arsyilasenjahumaira;Family;https://vt.tiktok.com/ZSujuNukP/;;;2510;890000;259;308;8;2;23;1,31%;10,71%;12,27%;2889,61039
PHG;Imunped;Imunped;Consideration;Mar-26;TikTok;Nano;mamaduosa;Family;https://vt.tiktok.com/ZSu6hDgQC/;;;1511;890000;416;2029;161;0;4;10,92%;8,13%;134,28%;438,639724
PHG;Imunped;Imunped;Consideration;Mar-26;TikTok;Nano;Istrimutasi;Family;https://vt.tiktok.com/ZSujMdCF5/;;;1600;890000;105;146;6;1;1;0,50%;5,48%;9,13%;6095,890411
PHG;Imunped;Imunped;Consideration;Mar-26;TikTok;Nano;Kellydwy;Family;https://vt.tiktok.com/ZSurwy4w5/;;;2311;890000;93;1261;301;0;0;13,02%;23,87%;54,57%;705,7890563
PHG;Imunped;Imunped;Consideration;Mar-26;TikTok;Micro;Agnezkristi;Family;https://vt.tiktok.com/ZSur8rXF9/;;;12000;890000;1500;1747;52;2;0;0,45%;3,09%;14,56%;509,4447624
PHG;Imunped;Imunped;Consideration;Mar-26;TikTok;Micro;elvirafrn;Family;https://vt.tiktok.com/ZSurHpLH5/;;;13220;890000;2800;2823;85;0;1;0,65%;3,05%;21,35%;315,267446
PHG;Imunped;Imunped;Consideration;Mar-26;TikTok;Micro;bundazkastha;Family;https://vt.tiktok.com/ZSuh2Jdm8/;;;12000;890000;1500;4210;421;23;4;3,73%;10,64%;35,08%;211,4014252
PHG;Imunped;Imunped;Consideration;Mar-26;TikTok;Micro;Nessaandson;Family;https://vt.tiktok.com/ZSurtxv3X/;;;11500;890000;199;382;3;2;1;0,05%;1,57%;3,32%;2329,842932
PHG;Imunped;Imunped;Consideration;Mar-26;TikTok;Micro;reviewbypinkan;Family;https://vt.tiktok.com/ZSur2A22U/;;;16300;890000;1500;1923;97;5;12;0,70%;5,93%;11,80%;462,8185127
PHG;Imunped;Imunped;Consideration;Mar-26;TikTok;Nano;husnul.mursyeed;Family;https://vt.tiktok.com/ZSuhNEKRp/;;;3800;890000;159;293;6;2;14;0,58%;7,51%;7,71%;3037,542662
PHG;Imunped;Imunped;Consideration;Mar-26;TikTok;Nano;mamayay91;Family;https://vt.tiktok.com/ZSurLNmWo/;;;1242;890000;194;194;34;23;64;9,74%;62,37%;15,62%;4587,628866
PHG;Imunped;Imunped;Consideration;Mar-26;TikTok;Nano;Myccoo;Family;https://vt.tiktok.com/ZSuBBWYU6/;;;1700;890000;300;300;10;0;0;0,59%;3,33%;17,65%;2966,666667
PHG;Imunped;Imunped;Consideration;Mar-26;TikTok;Micro;ayuanggunleo;Family;https://vt.tiktok.com/ZSuBemUrV/;;;24900;890000;1500;1858;67;12;5;0,34%;4,52%;7,46%;479,0096878
PHG;Imunped;Imunped;Consideration;Mar-26;TikTok;Nano;Sakhies_;Family;https://vt.tiktok.com/ZSuk7qQnB/;;;1280;890000;79;147;3;0;1;0,31%;2,72%;11,48%;6054,421769
PHG;Imunped;Imunped;Consideration;Mar-26;TikTok;Nano;rsdnft ;Family;https://vt.tiktok.com/ZSukg2f9c/;;;9998;890000;75;127;4;0;1;0,05%;3,94%;1,27%;7007,874016
PHG;Imunped;Imunped;Consideration;Mar-26;TikTok;Nano;Rinaph18;Family;https://vt.tiktok.com/ZSuBaEKoU/;;;1200;890000;2000;2104;2;0;0;0,17%;0,10%;175,33%;423,0038023
PHG;Imunped;Imunped;Consideration;Mar-26;TikTok;Nano;Malamilimilu;Family;https://vt.tiktok.com/ZSuC9qS2W/;;;1008;890000;116;196;2;0;1;0,30%;1,53%;19,44%;4540,816327
PHG;Imunped;Imunped;Consideration;Mar-26;TikTok;Nano;aksarabuna;Family;https://vt.tiktok.com/ZSuD5EQkT/;;;1580;890000;165;350;5;0;0;0,32%;1,43%;22,15%;2542,857143
PHG;Imunped;Imunped;Consideration;Mar-26;TikTok;Nano;sprinkleofrainn ;Family;https://vt.tiktok.com/ZSuDLeVfS/;;;1100;890000;40;75;3;0;0;0,27%;4,00%;6,82%;11866,66667
PHG;Imunped;Imunped;Consideration;Mar-26;TikTok;Nano;bambilbul;Family;https://vt.tiktok.com/ZSuAPxoDm/;;;1320;890000;93;819;5;4;2;0,83%;1,34%;62,05%;1086,691087
PHG;Imunped;Imunped;Consideration;Nov-26;TikTok;Nano;amihnyakyara;Family;https://vt.tiktok.com/ZSmXTAtYj/;;;5800;890000;214;443;103;0;1;1,79%;23,48%;7,64%;2009,029345
PHG;Imunped;Imunped;Consideration;Mar-26;TikTok;Micro;ikapujip;Family;https://vt.tiktok.com/ZSuBu1Lsp/;;;12700;890000;123;202;10;8;12;0,24%;14,85%;1,59%;4405,940594
PHG;Imunped;Imunped;Consideration;Mar-26;TikTok;Micro;vnkrsn_;Family;https://vt.tiktok.com/ZSuBKJARU/;;;11000;890000;1300;1509;178;25;23;2,05%;14,98%;13,72%;589,7945659
PHG;Imunped;Imunped;Consideration;Mar-26;TikTok;Micro;keenanxabirrugavinsky ;Family;https://vt.tiktok.com/ZSuBQTwx8/;;;21900;890000;483;566;45;0;0;0,21%;7,95%;2,58%;1572,438163
PHG;Imunped;Imunped;Consideration;Mar-26;TikTok;Nano;deeeeeph;Family;https://vt.tiktok.com/ZSuBV4Gqp/;;;4923;890000;87;150;4;0;0;0,08%;2,67%;3,05%;5933,333333
PHG;Imunped;Imunped;Consideration;Mar-26;TikTok;Nano;zeaaa_channel;Family;https://vt.tiktok.com/ZSuBgVgL9/;;;1713;890000;77;111;18;7;14;2,28%;35,14%;6,48%;8018,018018
PHG;Imunped;Imunped;Consideration;Mar-26;TikTok;Nano;ristammm;Family;https://vt.tiktok.com/ZSuBcqvBD/;;;1254;890000;93;150;10;2;0;0,96%;8,00%;11,96%;5933,333333
PHG;Imunped;Imunped;Consideration;Mar-26;TikTok;Micro;raqueenza__;Family;https://vt.tiktok.com/ZSuD1aNwx/;;;13700;890000;283;1497;206;67;2;2,01%;18,37%;10,93%;594,5223781
PHG;Imunped;Imunped;Consideration;Mar-26;TikTok;Micro;arlinirliana;Family;https://vt.tiktok.com/ZSuALsUTU/;;;11700;890000;120;156;95;8;3;0,91%;67,95%;1,33%;5705,128205
PHG;Imunped;Imunped;Consideration;Mar-26;TikTok;Nano;siringbersama;Family;https://vt.tiktok.com/ZSuSoGuYJ/;;;1966;890000;42;100;8;6;15;1,48%;29,00%;5,09%;8900
PHG;Imunped;Imunped;Consideration;Mar-26;TikTok;Nano;Bubuexa;Family;https://vt.tiktok.com/ZSuAbgqse/;;;1486;890000;104;368;9;3;1;0,87%;3,53%;24,76%;2418,478261
PHG;Imunped;Imunped;Consideration;Mar-26;TikTok;Nano;myprincess_aleena;Family;https://vt.tiktok.com/ZSuAk7LQF/;;;5098;890000;198;298;15;0;4;0,37%;6,38%;5,85%;2986,577181
PHG;Imunped;Imunped;Consideration;Mar-26;TikTok;Nano;akuaissss ;Family;https://vt.tiktok.com/ZSuAbFRp2/;;;1848;890000;85;131;14;20;3;2,00%;28,24%;7,09%;6793,89313
PHG;Imunped;Imunped;Consideration;Mar-26;TikTok;Nano;ibuukshaka;Family;https://vt.tiktok.com/ZSuuYXXw8/;;;1160;890000;409;495;21;0;1;1,90%;4,44%;42,67%;1797,979798
PHG;Imunped;Imunped;Consideration;Mar-26;TikTok;Nano;si.fika;Family;https://vt.tiktok.com/ZSuA14GSy/;;;2700;890000;166;2025;134;0;0;4,96%;6,62%;75,00%;439,5061728
PHG;Imunped;Imunped;Consideration;Mar-26;TikTok;Micro;Farahadeliapuspita ;Family;https://vt.tiktok.com/ZSuUaG1gg/;;;10400;890000;63;1177;146;27;6;1,72%;15,21%;11,32%;756,1597281
PHG;Imunped;Imunped;Consideration;Mar-26;TikTok;Micro;al_fazzaaquafishshop;Family;https://vt.tiktok.com/ZSuyN1Ko1/;;;11300;890000;131;1778;128;6;287;3,73%;23,68%;15,73%;500,5624297
PHG;Imunped;Imunped;Consideration;Mar-26;TikTok;Nano;Umima.daily;Family;https://vt.tiktok.com/ZSuyrFC5B/;;;1586;890000;101;187;6;1;0;0,44%;3,74%;11,79%;4759,358289
PHG;Imunped;Imunped;Consideration;Mar-26;TikTok;Nano;widhariw;Family;https://vt.tiktok.com/ZSufrUrNh/;;;3120;890000;3700;4027;131;0;0;4,20%;3,25%;129,07%;221,0081947
PHG;Imunped;Imunped;Consideration;Mar-26;TikTok;Nano;octa.scrunchymom@gmail.com;Family;https://vt.tiktok.com/ZSuym4u7V/;;;9090;890000;256;352;4;3;2;0,10%;2,56%;3,87%;2528,409091
PHG;Imunped;Imunped;Consideration;Mar-26;TikTok;Nano;Rantyka.dl;Family;https://vt.tiktok.com/ZSuyLwvgh/;;;1020;890000;78;171;19;11;3;3,24%;19,30%;16,76%;5204,678363
PHG;Imunped;Imunped;Consideration;Mar-26;TikTok;Nano;rulma.family;Family;https://vt.tiktok.com/ZSuUwJoww/;;;2503;890000;69;135;14;10;14;1,52%;28,15%;5,39%;6592,592593
PHG;Imunped;Imunped;Consideration;Mar-26;TikTok;Nano;merlitadesliani26;Family;https://vt.tiktok.com/ZSuyWhrVP/;;;2580;890000;3500;4014;164;20;18;7,83%;5,03%;155,58%;221,7239661
PHG;Imunped;Imunped;Consideration;Mar-26;TikTok;Micro;Una2201 ;Family;https://vt.tiktok.com/ZSuPBt6DH/;;;10400;890000;48;75;2;0;1;0,03%;4,00%;0,72%;11866,66667
PHG;Imunped;Imunped;Consideration;Mar-26;TikTok;Micro;justmeandme_12;Family;https://vt.tiktok.com/ZSufghrkv/;;;11500;890000;31;843;22;0;4;0,23%;3,08%;7,33%;1055,753262
PHG;Imunped;Imunped;Consideration;Mar-26;TikTok;Micro;hudAfia;Family;https://vt.tiktok.com/ZSuPgCXNW/;;;11300;890000;100;196;3;0;1;0,04%;2,04%;1,73%;4540,816327
PHG;Imunped;Imunped;Consideration;Mar-26;TikTok;Micro;auditialintang;Family;https://vt.tiktok.com/ZSu5p5wKq/;;;11200;890000;675;806;47;1;6;0,48%;6,70%;7,20%;1104,218362
PHG;Imunped;Imunped;Consideration;Mar-26;TikTok;Nano;Zaralubis_;Family;https://vt.tiktok.com/ZSuf3FDwL/;;;1670;890000;42;115;3;0;0;0,18%;2,61%;6,89%;7739,130435
PHG;Imunped;Imunped;Consideration;Mar-26;TikTok;Nano;vindaerryana;Family;https://vt.tiktok.com/ZSu5pH77F/;;;1000;890000;1000;1553;26;28;2;5,60%;3,61%;155,30%;573,0843529
PHG;Imunped;Imunped;Consideration;Mar-26;TikTok;Nano;Sittynurhalimah ;Family;https://vt.tiktok.com/ZSuPd5Mcr/;;;2980;890000;509;1015;15;10;3;0,94%;2,76%;34,06%;876,8472906
PHG;Imunped;Imunped;Consideration;Mar-26;TikTok;Nano;Genta1803;Family;https://vt.tiktok.com/ZSu5rVGKg/;;;5335;890000;57;95;1;0;0;0,02%;1,05%;1,78%;9368,421053
PHG;Imunped;Imunped;Consideration;Mar-26;TikTok;Micro;Uswah1806;Family;https://vt.tiktok.com/ZSuavm6Gu/;;;15000;890000;1100;2127;93;1;4;0,65%;4,61%;14,18%;418,4297132
PHG;Imunped;Imunped;Consideration;Mar-26;TikTok;Micro;Rumahrania;Family;https://vt.tiktok.com/ZSuaf42hD/;;;12556;890000;27;75;26;26;25;0,61%;102,67%;0,60%;11866,66667
PHG;Imunped;Imunped;Consideration;Mar-26;TikTok;Nano;retnoismii;Family;https://vt.tiktok.com/ZSumWLhpN/;;;3245;890000;89;203;12;5;14;0,96%;15,27%;6,26%;4384,236453
PHG;Imunped;Imunped;Consideration;Mar-26;TikTok;Nano;Nina.aljufri;Family;https://vt.tiktok.com/ZSuatsMSf/ ;;;1126;890000;78;192;9;0;2;0,98%;5,73%;17,05%;4635,416667
PHG;Imunped;Imunped;Consideration;Mar-26;TikTok;Nano;Mamijihanee;Family;https://vt.tiktok.com/ZSumK7avq/;;;1711;890000;407;704;12;0;1;0,76%;1,85%;41,15%;1264,204545
PHG;Imunped;Imunped;Consideration;Mar-26;TikTok;Nano;aanggikka;Family;https://vt.tiktok.com/ZSuaqjugK/;;;5857;890000;139;400;17;9;5;0,53%;7,75%;6,83%;2225
PHG;Imunped;Imunped;Consideration;Mar-26;TikTok;Nano;chr_tiness;Family;https://vt.tiktok.com/ZSuaXCPDQ/;;;4166;890000;1600;2756;376;27;7;9,84%;14,88%;66,15%;322,9317852
PHG;Imunped;Imunped;Consideration;Mar-26;TikTok;Nano;anotherthalia;Family;https://vt.tiktok.com/ZSumoxt4q/;;;6948;890000;1900;5748;237;2;11;3,60%;4,35%;82,73%;154,8364649
PHG;Imunped;Imunped;Consideration;Mar-26;TikTok;Micro;Sicicisipit;Family;https://vt.tiktok.com/ZSuHobJJT/;;;12300;890000;61;91;4;2;1;0,06%;7,69%;0,74%;9780,21978
PHG;Imunped;Imunped;Consideration;Mar-26;TikTok;Micro;Hai.av;Family;https://vt.tiktok.com/ZSuH4KoR1/;;;22700;890000;158;490;67;52;1;0,53%;24,49%;2,16%;1816,326531
PHG;Imunped;Imunped;Consideration;Mar-26;TikTok;Micro;mamauciiiw ;Family;https://vt.tiktok.com/ZSu9yN5r8/;;;20400;890000;111;207;3;0;0;0,01%;1,45%;1,01%;4299,516908
PHG;Imunped;Imunped;Consideration;Mar-26;TikTok;Micro;Siscsmalinda;Family;https://vt.tiktok.com/ZSuHyUrWD/;;;12588;890000;1900;4341;164;0;0;1,30%;3,78%;34,49%;205,0218844
PHG;Imunped;Imunped;Consideration;Mar-26;TikTok;Micro;shindycantikaa_;Family;https://vt.tiktok.com/ZSu9Ra4Ss/;;;30900;890000;51;120;15;24;4;0,14%;35,83%;0,39%;7416,666667
PHG;Imunped;Imunped;Consideration;Mar-26;TikTok;Micro;obrienups;Family;https://vt.tiktok.com/ZSuH3bE8p/;;;31800;890000;3400;4725;616;11;4;1,98%;13,35%;14,86%;188,3597884
PHG;Imunped;Imunped;Consideration;Mar-26;TikTok;Micro;Huningprastiwi ;Family;https://vt.tiktok.com/ZSuHt2QWQ/;;;20000;890000;345;424;87;25;7;0,60%;28,07%;2,12%;2099,056604
PHG;Imunped;Imunped;Consideration;Mar-26;TikTok;Micro;Diary.irma ;Family;https://vt.tiktok.com/ZSuHSMT32/;;;14800;890000;36;5720;500;0;0;3,38%;8,74%;38,65%;155,5944056
PHG;Imunped;Imunped;Consideration;Mar-26;TikTok;Nano;rumayshaa21;Family;https://vt.tiktok.com/ZSuH78aSm/;;;5132;890000;123;236;2;0;0;0,04%;0,85%;4,60%;3771,186441
PHG;Imunped;Imunped;Consideration;Mar-26;TikTok;Nano;Bukanreview_;Family;https://vt.tiktok.com/ZSu9Lmk7h/;;;5600;890000;313;769;6;0;0;0,11%;0,78%;13,73%;1157,347204
PHG;Imunped;Imunped;Consideration;Mar-26;TikTok;Nano;Afiniynabilala;Family;https://vt.tiktok.com/ZSuHYMgtG/;;;5100;890000;71;131;2;0;0;0,04%;1,53%;2,57%;6793,89313
PHG;Imunped;Imunped;Consideration;Mar-26;TikTok;Nano;ayoomega;Family;https://vt.tiktok.com/ZSuHhHKCR/;;;9600;890000;150;1409;186;55;9;2,60%;17,74%;14,68%;631,6536551
PHG;Imunped;Imunped;Consideration;Mar-26;TikTok;Nano;ibunyasabdajelita;Family;https://vt.tiktok.com/ZSuHKLtD9/;;;1000;890000;147;214;23;4;19;4,60%;21,50%;21,40%;4158,878505
PHG;Imunped;Imunped;Consideration;Mar-26;TikTok;Nano;mayatriastuti06;Family;https://vt.tiktok.com/ZSuHmPyE3/;;;4480;890000;161;259;8;4;7;0,42%;7,34%;5,78%;3436,293436
PHG;Imunped;Imunped;Consideration;Feb-26;TikTok;Nano;inipinadeh;Family;https://vt.tiktok.com/ZSmfsohtU/;;;3800;890000;653;1054;98;28;8;3,53%;12,71%;27,74%;844,402277
PHG;Imunped;Imunped;Consideration;Feb-26;TikTok;Nano;ldytm;Family;https://vt.tiktok.com/ZSmf7c2s6/;;;5751;890000;366;636;28;9;6;0,75%;6,76%;11,06%;1399,371069
PHG;Imunped;Imunped;Consideration;Mar-26;TikTok;Nano;Wdy.yanti;Family;https://vt.tiktok.com/ZSuqyGtjJ/;;;6155;890000;48;2176;135;1;2;2,24%;6,34%;35,35%;409,0073529
PHG;Imunped;Imunped;Consideration;Feb-26;TikTok;Micro;sellaarjuna_;Family;https://vt.tiktok.com/ZSmxoJqX5/;;;12500;890000;489;1103;425;329;172;7,41%;83,95%;8,82%;806,8902992
PHG;Imunped;Imunped;Consideration;Feb-26;TikTok;Micro;putrinavyy;Family;https://vt.tiktok.com/ZSmxcprfK/;;;13000;890000;120;1577;129;21;127;2,13%;17,56%;12,13%;564,362714
PHG;Imunped;Imunped;Consideration;Mar-26;TikTok;Micro;Fitria.rachmawatiii;Family;https://vt.tiktok.com/ZSmQ8PSbb/;;;16000;890000;146;5387;437;10;100;3,42%;10,15%;33,67%;165,2125487
PHG;Imunped;Imunped;Consideration;Feb-26;TikTok;Micro;havika_rizhan;Family;https://vt.tiktok.com/ZSmxTWqvn/;;;13800;890000;201;306;84;74;31;1,37%;61,76%;2,22%;2908,496732
PHG;Imunped;Imunped;Consideration;Feb-26;TikTok;Micro;irncamila;Family;https://vt.tiktok.com/ZSmQMdM14/;;;15100;890000;153;2732;68;21;19;0,72%;3,95%;18,09%;325,7686676
PHG;Imunped;Imunped;Consideration;Mar-26;TikTok;Micro;rindysw19;Family;https://vt.tiktok.com/ZSmQVhWyX/;;;10700;890000;163;2035;127;39;47;1,99%;10,47%;19,02%;437,3464373
PHG;Imunped;Imunped;Consideration;Feb-26;TikTok;Micro;Putririyaanti ;Family;https://vt.tiktok.com/ZSmQVuVEU/;;;11500;890000;1800;2181;86;20;22;1,11%;5,87%;18,97%;408,0696928
PHG;Imunped;Imunped;Consideration;Feb-26;TikTok;Nano;elislia23;Family;https://vt.tiktok.com/ZSmQdy5UL/;;;8910;890000;756;1368;108;14;11;1,49%;9,72%;15,35%;650,5847953
PHG;Imunped;Imunped;Consideration;Mar-26;TikTok;Nano;dhepeanggraeni;Family;https://vt.tiktok.com/ZSmxchLQL/;;;3243;890000;253;405;31;25;3;1,82%;14,57%;12,49%;2197,530864
PHG;Imunped;Imunped;Consideration;Feb-26;TikTok;Nano;Ibubertumbuh;Family;https://vt.tiktok.com/ZSmQRYrtc/;;;1299;890000;287;523;42;33;13;6,77%;16,83%;40,26%;1701,720841
PHG;Imunped;Imunped;Consideration;Feb-26;TikTok;Nano;yuniarianii;Family;https://vt.tiktok.com/ZSmQWMyQf/;;;2570;890000;219;433;12;0;0;0,47%;2,77%;16,85%;2055,427252
PHG;Imunped;Imunped;Consideration;Mar-26;TikTok;Micro;evannadewi;Family;https://vt.tiktok.com/ZSmQsVcov/;;;17200;890000;2800;4104;111;28;28;0,97%;4,07%;23,86%;216,8615984
PHG;Imunped;Imunped;Consideration;Feb-26;TikTok;Micro;rikanurlia;Family;https://vt.tiktok.com/ZSmCg6pgX/;;;11000;890000;900;1304;108;2;7;1,06%;8,97%;11,85%;682,5153374
PHG;Imunped;Imunped;Consideration;Feb-26;TikTok;Micro;cecehkesekian;Family;https://vt.tiktok.com/ZSmQTAkK2/;;;15900;890000;9700;12694;747;152;125;6,44%;8,07%;79,84%;70,11186387
PHG;Imunped;Imunped;Consideration;Mar-26;TikTok;Micro;mayapriliandi;Family;https://vt.tiktok.com/ZSm4atHvc/;;;10100;890000;186;3666;351;28;3;3,78%;10,42%;36,30%;242,771413
PHG;Imunped;Imunped;Consideration;Feb-26;TikTok;Nano;wldnisaa;Family;https://vt.tiktok.com/ZSm4AQSHL/;;;7271;890000;86;117;33;21;7;0,84%;52,14%;1,61%;7606,837607
PHG;Imunped;Imunped;Consideration;Feb-26;TikTok;Nano;kiiiiimbella;Family;https://vt.tiktok.com/ZSmQWwmvD/;;;3040;890000;449;559;3;0;0;0,10%;0,54%;18,39%;1592,128801
PHG;Imunped;Imunped;Consideration;Mar-26;TikTok;Nano;lulaluna_1418;Family;https://vt.tiktok.com/ZSm4SroN1/;;;4713;890000;285;3767;177;30;114;6,81%;8,52%;79,93%;236,2622777
PHG;Imunped;Imunped;Consideration;Feb-26;TikTok;Micro;ibunshakaaa;Family;https://vt.tiktok.com/ZSmVhgv2Q/;;;10600;890000;369;1025;28;21;25;0,70%;7,22%;9,67%;868,2926829
PHG;Imunped;Imunped;Consideration;Feb-26;TikTok;Micro;risnaoktaviahardanik;Family;https://vt.tiktok.com/ZSmqcjv1d/;;;16099;890000;59;5329;455;20;413;5,52%;16,66%;33,10%;167,0106962
PHG;Imunped;Imunped;Consideration;Mar-26;TikTok;Micro;dewi.asria;Family;https://vt.tiktok.com/ZSmpj5VLu/;;;10400;890000;181;318;11;7;6;0,23%;7,55%;3,06%;2798,742138
PHG;Imunped;Imunped;Consideration;Feb-26;TikTok;Micro;Smaula.ni;Family;https://vt.tiktok.com/ZSmqDN5Qv/;;;12000;890000;77;124;3;0;4;0,06%;5,65%;1,03%;7177,419355
PHG;Imunped;Imunped;Consideration;Feb-26;TikTok;Micro;Baby zaza124;Family;https://vt.tiktok.com/ZSmpdAF5M/;;;27600;890000;366;636;28;9;6;0,16%;6,76%;2,30%;1399,371069
PHG;Imunped;Imunped;Consideration;Mar-26;TikTok;Micro;keykanyamey;Family;https://vt.tiktok.com/ZSmVny3fv/;;;27000;890000;189;951;518;22;8;2,03%;57,62%;3,52%;935,8569926
PHG;Imunped;Imunped;Consideration;Feb-26;TikTok;Micro;cutadindaaa;Family;https://vt.tiktok.com/ZSmVJoeW4/;;;20176;890000;2300;4668;919;112;24;5,23%;22,60%;23,14%;190,6598115
PHG;Imunped;Imunped;Consideration;Feb-26;TikTok;Micro;ayufitri_73;Family;https://vt.tiktok.com/ZSmVtcg93/;;;10300;890000;224;4658;145;2;23;1,65%;3,65%;45,22%;191,0691284
PHG;Imunped;Imunped;Consideration;Mar-26;TikTok;Micro;ociiooo;Family;https://vt.tiktok.com/ZSmVnG2Ah/;;;23200;890000;3900;6823;573;24;7;2,60%;8,85%;29,41%;130,4411549
PHG;Imunped;Imunped;Consideration;Feb-26;TikTok;Nano;Pebrong;Family;https://vt.tiktok.com/ZSmqxQrf4/;;;1151;890000;344;696;26;30;6;5,39%;8,91%;60,47%;1278,735632
PHG;Imunped;Imunped;Consideration;Feb-26;TikTok;Nano;stephanysutan;Family;https://vt.tiktok.com/ZSmXnQoYJ/;;;9700;890000;284;461;8;5;1;0,14%;3,04%;4,75%;1930,585683
PHG;Imunped;Imunped;Consideration;Mar-26;TikTok;Nano;babykeenkay ;Family;https://vt.tiktok.com/ZSmVv5LUF/;;;5539;890000;164;291;53;46;18;2,11%;40,21%;5,25%;3058,419244
PHG;Imunped;Imunped;Consideration;Feb-26;TikTok;Nano;bundaa.r;Family;https://vt.tiktok.com/ZSmqvp2AL/;;;1590;890000;1100;1429;99;15;10;7,80%;8,68%;89,87%;622,8131561
PHG;Imunped;Imunped;Consideration;Feb-26;TikTok;Nano;pipitpicks;Family;https://vt.tiktok.com/ZSmqYSRW4/;;;2400;890000;2400;3394;120;21;6;6,13%;4,33%;141,42%;262,2274602
PHG;Imunped;Imunped;Consideration;Mar-26;TikTok;Micro;carissaoktav;Family;https://vt.tiktok.com/ZSmpjnLoo/;;;10100;890000;3700;3777;91;11;1;1,02%;2,73%;37,40%;235,6367487
PHG;Imunped;Imunped;Consideration;Feb-26;TikTok;Micro;nia.knia1;Family;https://vt.tiktok.com/ZSmbPRvtb/;;;35000;890000;246;1535;56;6;6;0,19%;4,43%;4,39%;579,8045603
PHG;Imunped;Imunped;Consideration;Feb-26;TikTok;Micro;Almayunita06 ;Family;https://vt.tiktok.com/ZSmphE8B9/;;;16100;890000;9;602;420;40;3;2,88%;76,91%;3,74%;1478,405316
PHG;Imunped;Imunped;Consideration;Mar-26;TikTok;Micro;Narra09_;Family;https://vt.tiktok.com/ZSmpUNmx5/;;;11100;890000;1500;2784;67;3;1;0,64%;2,55%;25,08%;319,683908
PHG;Imunped;Imunped;Consideration;Feb-26;TikTok;Micro;Leniagsti;Family;https://vt.tiktok.com/ZSmbKg8C1/;;;10300;890000;372;2001;80;6;13;0,96%;4,95%;19,43%;444,7776112
PHG;Imunped;Imunped;Consideration;Feb-26;TikTok;Micro;mommytwinss_;Family;https://vt.tiktok.com/ZSmbfUPw8/;;;11500;890000;164;310;19;11;16;0,40%;14,84%;2,70%;2870,967742
PHG;Imunped;Imunped;Consideration;Mar-26;TikTok;Micro;ra.ismaniar;Family;https://vt.tiktok.com/ZSmgTakXJ/;;;10700;890000;765;2289;194;18;19;2,16%;10,09%;21,39%;388,8160769
PHG;Imunped;Imunped;Consideration;Feb-26;TikTok;Nano;mustikaanggrainika ;Family;https://vt.tiktok.com/ZSmgWjbj8/;;;2350;890000;197;309;15;15;10;1,70%;12,94%;13,15%;2880,2589
PHG;Imunped;Imunped;Consideration;Feb-26;TikTok;Nano;fika.karunia;Family;https://vt.tiktok.com/ZSmg8xLNv/;;;1300;890000;30;805;8;0;0;0,62%;0,99%;61,92%;1105,590062
PHG;Imunped;Imunped;Consideration;Mar-26;TikTok;Nano;faradinaauly;Family;https://vt.tiktok.com/ZSmbuvhoF/;;;3731;890000;41;1516;32;27;0;1,58%;3,89%;40,63%;587,0712401
PHG;Imunped;Imunped;Consideration;Feb-26;TikTok;Nano;choirun.nisaaa ;Family;https://vt.tiktok.com/ZSmg8VJYP/;;;8775;890000;367;4514;106;2;15;1,40%;2,72%;51,44%;197,1643775
PHG;Imunped;Imunped;Consideration;Feb-26;TikTok;Nano;Rdbrzz;Family;https://vt.tiktok.com/ZSmbKY8Qh/;;;1250;890000;206;384;33;26;3;4,96%;16,15%;30,72%;2317,708333
PHG;Imunped;Imunped;Consideration;Mar-26;TikTok;Nano;nastitindri;Family;https://vt.tiktok.com/ZSmb76MnJ/;;;2386;890000;98;1541;96;6;9;4,65%;7,20%;64,59%;577,5470474
PHG;Imunped;Imunped;Consideration;Feb-26;TikTok;Nano;indahnurula;Family;https://vt.tiktok.com/ZSmgRAgGm/;;;1493;890000;170;741;150;13;7;11,39%;22,94%;49,63%;1201,079622
PHG;Imunped;Imunped;Consideration;Feb-26;TikTok;Nano;Meysarigandum;Family;https://vt.tiktok.com/ZSmg86jpS/;;;5600;890000;179;1249;20;15;100;2,41%;10,81%;22,30%;712,570056
PHG;Imunped;Imunped;Consideration;Mar-26;TikTok;Nano;ibu_ibrahimm;Family;https://vt.tiktok.com/ZSmgL1xeR/;;;6529;890000;1100;2429;59;4;1;0,98%;2,63%;37,20%;366,4059284
PHG;Imunped;Imunped;Consideration;Feb-26;TikTok;Micro;yuli_mutia;Family;https://vt.tiktok.com/ZSmG9h6ox/;;;23100;890000;1700;2227;884;22;5;3,94%;40,91%;9,64%;399,6407723
PHG;Imunped;Imunped;Consideration;Feb-26;TikTok;Micro;disamuslimahnita;Family;https://vt.tiktok.com/ZSmG95RoG/;;;10900;890000;32;11000;126;10;127;2,41%;2,39%;100,92%;80,90909091
PHG;Imunped;Imunped;Consideration;Mar-26;TikTok;Micro;hai_dela;Family;https://vt.tiktok.com/ZSmss5eeJ/;;;36600;890000;2.2k;2301;156;33;11;0,55%;8,69%;6,29%;386,7883529
PHG;Imunped;Imunped;Consideration;Feb-26;TikTok;Macro;sky.hums;Family;https://vt.tiktok.com/ZSms3MWck/;;;105000;890000;29100;29813;1059;37;8;1,05%;3,70%;28,39%;29,8527488
PHG;Imunped;Imunped;Consideration;Feb-26;TikTok;Micro;dwiayufe_;Family;https://vt.tiktok.com/ZSmGLLS94/;;;20200;890000;4400;4718;204;6;132;1,69%;7,25%;23,36%;188,6392539
PHG;Imunped;Imunped;Consideration;Mar-26;TikTok;Micro;ivanur_;Family;https://vt.tiktok.com/ZSmstxDGs/;;;31400;890000;1200;1667;12;0;5;0,05%;1,02%;5,31%;533,8932214
PHG;Imunped;Imunped;Consideration;Feb-26;TikTok;Micro;Miaaanf;Family;https://vt.tiktok.com/ZSmssm1bV/;;;13900;890000;1500;1618;92;1;9;0,73%;6,30%;11,64%;550,0618047
PHG;Imunped;Imunped;Consideration;Feb-26;TikTok;Nano;dela_yo;Family;https://vt.tiktok.com/ZSmst8RXN/;;;3600;890000;775;1119;165;17;10;5,33%;17,16%;31,08%;795,3529937
PHG;Imunped;Imunped;Consideration;Mar-26;TikTok;Nano;Intanaugust17;Family;https://vt.tiktok.com/ZSmsGf4Qn/;;;2900;890000;71;149;60;35;3;3,38%;65,77%;5,14%;5973,154362
PHG;Imunped;Imunped;Consideration;Feb-26;TikTok;Nano;heyitskibum;Family;https://vt.tiktok.com/ZSmsQ7x9s/;;;7200;890000;216;279;37;18;7;0,86%;22,22%;3,88%;3189,964158
PHG;Imunped;Imunped;Consideration;Feb-26;TikTok;Nano;mimmovexa;Family;https://vt.tiktok.com/ZSms99p1T/;;;5438;890000;35;2157;78;1;0;1,45%;3,66%;39,67%;412,6101066
PHG;Imunped;Imunped;Consideration;Mar-26;TikTok;Nano;rienrenaa;Family;https://vt.tiktok.com/ZSmGMKRwV/;;;1400;890000;51;108;9;0;1;0,71%;9,26%;7,71%;8240,740741
PHG;Imunped;Imunped;Consideration;Feb-26;TikTok;Nano;resha.rizky;Family;https://vt.tiktok.com/ZSmsVbBN5/ ;;;1060;890000;356;2007;10;4;1;1,42%;0,75%;189,34%;443,4479322
PHG;Imunped;Imunped;Consideration;Feb-26;TikTok;Nano;nakastmom;Family;https://vt.tiktok.com/ZSmG93rkk/;;;8544;890000;200;908;26;0;0;0,30%;2,86%;10,63%;980,1762115
PHG;Imunped;Imunped;Consideration;Mar-26;TikTok;Nano;tasyanabilla._;Family;https://vt.tiktok.com/ZSmndMKX5/;;;6105;890000;89;260;21;19;13;0,87%;20,38%;4,26%;3423,076923
PHG;Imunped;Imunped;Consideration;Feb-26;TikTok;Micro;fitriaanggraini0619;Family;https://vt.tiktok.com/ZSmWyAgqh/;;;11200;890000;4100;4736;189;3;11;1,81%;4,29%;42,29%;187,9222973
PHG;Imunped;Imunped;Consideration;Feb-26;TikTok;Micro;nabilhaq29;Family;https://vt.tiktok.com/ZSmneVtrk/;;;11200;890000;238;411;19;4;0;0,21%;5,60%;3,67%;2165,450122
PHG;Imunped;Imunped;Consideration;Mar-26;TikTok;Micro;lilyhaniilfani;Family;https://vt.tiktok.com/ZSmtn1afH/;;;10175;890000;1300;1876;70;2;1;0,72%;3,89%;18,44%;474,4136461
PHG;Imunped;Imunped;Consideration;Feb-26;TikTok;Micro;hikari.id;Family;https://vt.tiktok.com/ZSmnjDG2a/;;;10694;890000;100;2786;226;0;0;2,11%;8,11%;26,05%;319,4544149
PHG;Imunped;Imunped;Consideration;Feb-26;TikTok;Nano;eggiindah.ps;Family;https://vt.tiktok.com/ZSmGSV3C3/;;;2278;890000;247;394;3;0;0;0,13%;0,76%;17,30%;2258,883249
PHG;Imunped;Imunped;Consideration;Mar-26;TikTok;Nano;febymuth;Family;https://vt.tiktok.com/ZSmnJ6VJL/;;;1230;890000;152;2264;84;2;0;6,99%;3,80%;184,07%;393,1095406
PHG;Imunped;Imunped;Consideration;Feb-26;TikTok;Nano;Annisapristia ;Family;https://vt.tiktok.com/ZSmneEQJR/;;;4821;890000;32;122;181;0;5;3,86%;152,46%;2,53%;7295,081967
PHG;Imunped;Imunped;Consideration;Feb-26;TikTok;Nano;ninnda_dwi;Family;https://vt.tiktok.com/ZSmnyBTvC/;;;6880;890000;173;231;35;25;31;1,32%;39,39%;3,36%;3852,813853
PHG;Imunped;Imunped;Consideration;Mar-26;TikTok;Nano;riskadeviaan;Family;https://vt.tiktok.com/ZSmsPArYG/;;;6030;890000;60;779;315;20;7;5,67%;43,90%;12,92%;1142,490372
PHG;Imunped;Imunped;Consideration;Feb-26;TikTok;Nano;Ikarzq;Family;https://vt.tiktok.com/ZSmXs6FPE/;;;6100;890000;2100;2876;71;2;8;1,33%;2,82%;47,15%;309,45758
PHG;Degirol;Degirol;Consideration;May-26;X;Macro;Elwa;Lifestyle;https://x.com/elwa/status/2056699287510340036?s=46;;;163000;3000000;2300;2300;5;2;0;0,00%;0,30%;1,41%;1304,347826
PHG;Degirol;Degirol;Consideration;May-26;X;Macro;Faiz Sadad;Comedy;https://x.com/faizsadad_/status/2056714503329615912?s=48&t=GDTfuR6DuXqztWIFj2vjvw;;;575000;11000000;5500;5500;26;3;0;0,01%;0,53%;0,96%;2000
PHG;Degirol;Degirol;Consideration;May-26;X;Macro;Adellina Fitriyani;Lifestyle;https://x.com/adelladellaide/status/2057092320080916842?s=46&t=aghIv0BgtlpRgN7_dUD6EQ;;;723000;7000000;6700;6700;15;0;0;0,00%;0,22%;0,93%;1044,776119
PHG;Degirol;Degirol;Consideration;May-26;X;Macro;Paman Bajay;Comedy;https://x.com/jayakabajay/status/2057451617201623208?s=46&t=aghIv0BgtlpRgN7_dUD6EQ;;;170000;4000000;32800;32800;30;0;0;0,02%;0,09%;19,29%;121,9512195
PHG;Degirol;Degirol;Consideration;May-26;X;Mega;Bayu Joo;Lifestyle;https://x.com/bayu_joo/status/2057436479505465630?s=46&t=Q5rSJxDZDsfIu2XLkihdQA;;;1600000;8000000;6400;6400;13;3;0;0,00%;0,25%;0,40%;1250
PHG;Degirol;Degirol;Consideration;May-26;X;Macro;Widino;Lifestyle;https://x.com/i/status/2057736765063270752;;;197000;4000000;14800;14800;115;12;0;0,06%;0,86%;7,51%;270,2702703
PHG;Degirol;Degirol;Consideration;May-26;X;Mega;Wira Nagara;Lifestyle;https://x.com/wiranagara/status/2058120743268020644?s=46&t=vjre9VUVhNbFQGFKOPEPYQ;;;2200000;10000000;11100;11100;67;4;0;0,00%;0,64%;0,50%;900,9009009
PHG;Degirol;Degirol;Consideration;May-26;X;Macro;Falla Adinda;Lifestyle;https://x.com/falla_adinda/status/2058478758492029365?s=20;;;196000;4000000;2800;2800;5;1;0;0,00%;0,21%;1,43%;1428,571429
PHG;Degirol;Degirol;Consideration;May-26;Instagram;Macro;Cindy Gulla;Sports;https://www.instagram.com/reels/DYzVgKzMKvw/;;;683000;23000000;22860;38100;1585;15;7;0,24%;4,22%;5,58%;603,6745407
PHG;Degirol;Degirol;Consideration;May-26;Instagram;Macro;Fasty Nabila;Lifestyle;https://www.instagram.com/reels/DYzA7TPyHQf/;;;215000;17000000;30840;51400;1565;30;68;0,77%;3,24%;23,91%;330,7392996
PHG;Degirol;Degirol;Consideration;May-26;Instagram;Macro;Faza Shamlan;Lifestyle;https://www.instagram.com/reel/DX6gy7IyxI9/;;;166000;4000000;58324;58324;1070;10;12;0,66%;1,87%;35,13%;68,58240176
PHG;Degirol;Degirol;Consideration;May-26;Instagram;Micro;Livia Akhira;Lifestyle;https://www.instagram.com/reel/DX9d_ixyIvT/;;;19100;10000000;12712;12712;255;3;2;1,36%;2,05%;66,55%;786,6582756
PHG;Degirol;Degirol;Consideration;May-26;Instagram;Macro;dr. Adam Prabata;Health;https://www.instagram.com/reel/DYCEinno94G/;;;464000;40000000;125906;125906;2087;6;56;0,46%;1,71%;27,13%;317,6973298
PHG;Degirol;Degirol;Consideration;May-26;TikTok;Mega;Mamak Beti;Comedy;https://www.tiktok.com/@arifmuhammad/video/7637089944384605448 ;;;7100000;64000000;70400;212940;1265;32;21;0,02%;0,62%;3,00%;300,5541467
